	Score	Sent1	Sent2
0	5.0	Un avion decoleaza.	Un avion este in curs de decolare.
1	3.8	Un barbat canta la un flaut mare.	Un barbat canta la un flaut.
2	3.8	Un barbat pune branza maruntita pe o pizza.	Un barbat pune branza maruntita pe o pizza negatita.
3	2.6	Trei barbati joaca sah.	Doi barbati joaca sah.
4	4.25	Un barbat canta la violoncel.	Un barbat stand jos canta la violoncel.
5	4.25	Niste barbati se lupta.	Doi barbati se lupta.
6	0.5	Un barbat fumeaza.	Un barbat patineaza.
7	1.6	Barbatul canta la pian.	Barbatul canta la o chitara.
8	2.2	Un barbat canta la chitara si voce.	O femeie canta la chitara acustica si voce.
9	5.0	O persoana arunca o pisica spre tavan.	O persoana arunca o pisica catre tavan.
10	4.2	Barbatul l-a lovit pe celalalt barbat cu un bat.	Barbatul l-a plesnit pe celalalt barbat cu un bat.
11	4.6	O femeie ridica si tine un pui de cangur.	O femeie ridica si tine in brate un pui de cangur.
12	3.867	Un barbat canta la un flaut.	Un barbat canta la un flaut de bambus.
13	4.667	O persoana impatureste o bucata de hartie.	Cineva impatureste o bucata de hartie.
14	1.667	Un barbat alearga pe drum.	Un caine panda alearga pe drum.
15	3.75	Un caine incearca sa dea jos sunca de pe spatele lui.	Un caine incearca sa manance sunca de pe spatele lui.
16	5.0	Ursul polar aluneca pe zapada.	Un urs polar aluneca de-a lungul zapadezii.
17	0.5	O femeie scrie.	O femeie inoata.
18	3.8	O pisica se freaca de fata bebelusului.	O pisica se freaca de un bebelus.
19	5.0	Barbatul calareste un cal.	Un barbat calareste pe un cal.
20	3.2	Un barbat toarna ulei intr-o oala.	Un barbat toarna vin intr-o oala.
21	2.8	Un barbat canta la o chitara.	O fata canta la o chitara.
22	4.6	Un panda aluneca pe un tobogan.	Un panda aluneca pe un tobogan.
23	3.0	O femeie mananca ceva.	O femeie mananca carne.
24	5.0	O femeie curata un cartof.	O femeie curata un cartof.
25	4.8	Baiatul a cazut de pe bicicleta.	Un baiat cade de pe bicicleta.
26	5.0	Femeia canta la flaut.	O femeie canta la un flaut.
27	4.2	Un iepure fuge de un vultur.	Un iepure de camp fuge de un vultur.
28	4.2	Femeia prajeste un cotlet de porc.	O femeie gateste un cotlet de porc.
29	4.0	O fata inalta un zmeu.	O fata alearga si inalta un zmeu.
30	4.0	Un barbat calareste un taur mecanic.	Un barbat a calarit un taur mecanic.
31	4.909	Barbatul canta la chitara.	Un barbat canta la o chitara.
32	3.0	O femeie danseaza si canta cu alte femei.	O femeie danseaza si canta in ploaie.
33	2.4	Un barbat taie o chifla.	Un barbat taie o ceapa.
34	4.2	Un barbat toarna ulei intr-o tigaie.	Un barbat toarna ulei intr-o cratita.
35	3.4	Un leu se joaca cu niste oameni.	Un leu se joaca cu doi barbati.
36	5.0	Un caine merge pe skateboard.	Un caine merge pe un skateboard.
37	3.75	Cineva sculpteaza o statuie.	Un barbat sculpteaza o statuie.
38	2.75	O femeie taie o ceapa.	Un barbat taie o ceapa.
39	5.0	O femeie curata creveti.	O femeie curata creveti.
40	4.0	O femeie prajeste peste.	O femeie gateste peste.
41	3.6	O femeie canta la o chitara electrica.	O femeie canta la o chitara.
42	1.6	Un pui de tigru se joaca cu o minge.	Un bebelus se joaca cu o papusa.
43	1.75	O persoana taie o rosie.	O persoana taie niste carne.
44	5.0	O persoana taie o ceapa.	O persoana taie o ceapa.
45	1.0	Un barbat canta la pian.	O femeie canta la vioara.
46	1.0	O femeie canta la flaut.	Un barbat canta la chitara.
47	2.375	Un barbat taie un cartof.	Un barbat taie morcovi.
48	3.8	Un copil canta la chitara.	Un baiat canta la o chitara.
49	3.2	Un baiat canta la chitara.	Un barbat canta la o chitara.
50	3.2	Un barbat canta la chitara.	Un baiat canta la o chitara.
51	4.4	Un baietel canta la clape.	Un baiat canta la clape.
52	3.75	Un barbat canta la o chitara.	Un barbat canta la o chitara electrica.
53	4.75	Un caine linge un bebelus.	Un caine linge un bebelus.
54	3.2	O femeie feliaza o ceapa.	Un barbat taie o ceapa.
55	1.556	Un barbat canta la chitara.	Un barbat canta la tobe.
56	3.938	O femeie feliaza un ardei.	O femeie taie un ardei rosu.
57	5.0	Un barbat canta la tobe.	Un barbat canta la toba.
58	5.0	O femeie calareste un cal.	O femeie calareste un cal.
59	4.0	Un barbat mananca o banana langa un copac.	Un barbat mananca o banana.
60	1.6	O pisica se joaca la tastatura.	Un barbat canta la doua orgi.
61	4.75	Un barbat taie un copac cu un topor.	Un barbat a taiat un copac cu un topor.
62	3.5	Un copil se joaca cu un telefon de jucarie.	Un baietel se joaca cu un telefon de jucarie.
63	1.4	Un barbat merge cu motocicleta.	Un barbat calareste un cal.
64	1.4	Un barbat merge cu motocicleta.	Un barbat calareste un cal.
65	4.0	O veverita se invarte in cerc.	O veverita alearga in cerc.
66	5.0	Un barbat si o femeie se saruta.	Un barbat si o femeie se saruta.
67	3.833	Un barbat urca intr-o masina.	Un barbat urca intr-o masina intr-un garaj.
68	0.6	Un barbat danseaza.	Un barbat vorbeste.
69	2.917	Un barbat canta la chitara si voce.	Un barbat canta la chitara.
70	4.2	O persoana taie ciuperci.	O persoana taie ciuperci cu un cutit.
71	2.0	Un pui de tigru scoate un sunet.	Un tigru se plimba imprejur.
72	2.6	O persoana feliaza niste cepe.	O persoana curata o ceapa.
73	1.6	Un barbat canta la pian.	Un barbat canta la trompeta.
74	2.0	O femeie curata un cartof.	O femeie descojeste un mar.
75	4.2	Un panda mananca bambus.	Un urs panda mananca niste bambus.
76	2.0	O persoana curata o ceapa.	O persoana curata o vanata.
77	4.8	O maimuta impinge o alta maimuta.	Maimuta a impins-o pe cealalta maimuta.
78	4.4	O veverita alearga in cerc.	O veverita se misca in cerc.
79	5.0	Un barbat isi leaga sireturile.	Un barbat isi leaga sireturile.
80	3.0	Un baiat canta la pian si voce.	Un baiat canta la pian.
81	4.25	Un caine mananca pepene verde.	Un caine mananca o bucata de pepene verde.
82	4.25	O femeie toaca brocoli.	O femeie toaca brocoli cu un cutit.
83	3.8	Un barbat curata un cartof.	Un barbat a curatat un cartof.
84	2.4	O femeie canta la o chitara.	Un barbat canta la o chitara.
85	1.6	O femeie taie rosii.	Un barbat taie ceapa.
86	2.0	Un barbat inoata sub apa.	O femeie inoata sub apa.
87	1.6	Un barbat si o femeie vorbesc.	Un barbat si o femeie mananca.
88	4.0	Un caine mic alearga dupa o minge de yoga.	Un caine alearga dupa o minge.
89	2.2	Barbatii joaca cricket.	Barbatii joaca baschet.
90	4.4	Un barbat pleaca pe motocicleta.	Un barbat merge pe motocicleta.
91	3.6	Un barbat canta la o chitara.	Un barbat canta la chitara si voce.
92	3.6	Barbatul a vorbit la telefon.	Barbatul vorbeste la telefon.
93	0.5	Un barbat pescuieste.	Un barbat face miscare.
94	0.8	Un barbat leviteaza.	Un barbat vorbeste.
95	0.6	Doi baieti conduc.	Doi baieti danseaza.
96	2.6	Un barbat calareste un cal.	O fata calareste un cal.
97	2.0	Un barbat merge cu bicicleta.	O maimuta merge cu bicicleta.
98	2.2	Un barbat feliaza cartofi.	O femeie curata cartofi.
99	2.4	O femeie curata un cartof.	Un barbat feliaza cartofi.
100	3.6	Un barbat canta la o chitara.	Cineva canta la chitara.
101	2.2	O femeie feliaza un praz.	O femeie taie ghimbir.
102	4.8	Omul a taiat o farfurie de carton.	Un barbat taie o farfurie de carton.
103	1.643	Barbatul canta la chitara.	Un barbat canta la flaut.
104	1.75	Un barbat canta la pian.	Barbatul canta la vioara.
105	2.25	O femeie toaca niste carne.	O femeie pregateste niste carne.
106	4.0	Un barbat canta la clape.	Un barbat canta la un pian electric.
107	4.8	Doamna a tocat cepele verzi.	Doamna a taiat o ceapa verde.
108	3.2	Cineva pune taitei in apa.	O femeie fierbe taitei in apa.
109	4.0	Lionel Richie danseaza pe tavan.	Lionel Ritchie danseaza in picioare pe tavan.
110	4.4	Un barbat canta la un pian.	O persoana canta la pian.
111	4.6	O femeie canta la flaut.	O femeie canta la un flaut.
112	3.8	Un baiat verifica un calendar.	Un baiat se uita la un calendar.
113	4.8	O femeie taie o ceapa.	O femeie toaca niste ceapa.
114	4.857	Un barbat canta la chitara.	Un barbat canta la o chitara.
115	5.0	O femeie foloseste o masina de cusut.	O femeie coase la o masina.
116	2.533	O femeie intoarce clatite.	Un bucatar din desene animate intoarce clatite.
117	1.0	Un barbat alearga pe drum.	O masina circula pe drum.
118	1.0	Un barbat merge calare pe un cal.	Un barbat vorbeste la un telefon.
119	2.0	Un barbat merge cu o bicicleta.	Un barbat merge calare pe un cal.
120	0.143	O femeie danseaza.	Un barbat mananca.
121	2.0	Un barbat canta la pian.	Un barbat canta la un flaut.
122	1.6	Un barbat canta la un flaut.	Un barbat canta la un pian.
123	1.6	Un barbat se invarte.	Un barbat danseaza.
124	3.4	O maimuta se leagana de pe un picior pe altul.	O maimuta se leagana din copac in copac.
125	4.0	Oamenii au coborat din tren.	Oamenii au coborat din tren la gara.
126	4.8	Un caine sare pe o trambulina.	Un caine face salturi pe o trambulina.
127	2.5	Un baiat canta la un instrument.	Un barbat canta la o trompeta.
128	1.75	O femeie canta la chitara.	Un barbat canta la chitara si voce.
129	1.0	O femeie alege o conserva.	O femeie feliaza o rosie.
130	5.0	Un barbat se urca pe o franghie.	Un barbat se urca pe o franghie.
131	1.4	Un barbat ridica o masina.	Un barbat escaladeaza un perete.
132	4.0	Un barbat si o femeie merg pe strada intr-o masina de teren.	Un barbat si o femeie conduc pe drum intr-o decapotabila.
133	3.8	Barbatul fara camasa s-a asezat pe un scaun.	Un barbat fara camasa sta pe un scaun.
134	4.0	Doua femei se lupta.	Doua femei se lupta pe podea.
135	4.0	Catelusul s-a jucat cu o minge albastra de tenis.	Un catelus se joaca cu o minge de tenis.
136	4.8	Un cangur mananca ceva.	Un cangur mananca.
137	0.6	O pisica canta la un pian.	Un barbat canta la o chitara.
138	4.75	Barbatul a taiat o bucata de covor cu un cutit.	Un barbat taie un covor cu un cutit.
139	2.2	O femeie merge pe drum pe un scuter cu motor.	Un barbat merge pe un scuter cu motor.
140	3.0	Cineva feliaza o leguma.	Cineva feliaza o rosie.
141	0.0	O femeie danseaza.	Un barbat vorbeste.
142	2.2	Un caine linge saliva unui bebelus.	Un caine linge un bebelus.
143	0.4	Un barbat vasleste o barca.	Un barbat feliaza o rosie.
144	4.8	Un barbat taie cartofi.	Un barbat feliaza cartofi.
145	4.8	O femeie toaca usturoi.	Femeia taie usturoi in cuburi.
146	3.8	Un animal alearga in cerc.	O veverita alearga in cerc.
147	3.0	Un barbat trece incet peste un pod de franghii.	Un baiat trece peste un pod.
148	4.0	Un barbat canta la chitara.	Un barbat asezat intr-o camera canta la chitara.
149	5.0	Un barbat canta la flaut.	Un barbat canta la un flaut.
150	3.8	O femeie sparge doua oua intr-un bol de sticla.	O femeie sparge un ou intr-un bol.
151	3.0	Un barbat taie un peste.	Un barbat spinteca un peste.
152	4.4	Doi barbati pun valize in portbagajul unei masini.	Barbatii pun valize in portbagajul masinii.
153	3.8	Un barbat toarna ulei pe niste rosii.	Barbatul a turnat ulei pe rosiile taiate.
154	3.0	Un barbat feliaza ceva.	Un barbat feliaza o chifla.
155	0.667	Un barbat vasleste cu o canoe.	Un barbat canta la o harpa.
156	4.0	Un barbat si o femeie se plimba impreuna prin padure.	Un barbat si o femeie merg brat la brat printr-o zona impadurita.
157	3.75	Femeia a ridicat cangurul.	O femeie ridica un pui de cangur.
158	4.133	Pestii inoata.	Un peste inoata.
159	4.0	Doua femei amesteca ceva intr-un robot de bucatarie.	Doua femei fac ceva intr-un blender.
160	3.6	O persoana face surf pe un val mare.	O persoana face surf.
161	1.2	Un barbat canta la o chitara.	Un barbat injunghie o tinta.
162	1.6	Un barbat canta la flaut intr-o trupa.	Un barbat canta la o chitara.
163	4.0	Barbatul a intins unt pe felia de paine.	Un barbat unge unt pe paine.
164	4.0	O persoana fierbe taitei.	O femeie fierbe taitei in apa.
165	3.2	Un grup de oameni danseaza pe un deal.	Un grup de oameni danseaza.
166	1.0	Un barbat danseaza afara.	Un barbat canta la flaut.
167	1.0	O femeie hraneste un barbat.	O femeie amesteca carne.
168	0.6	Un barbat pune o tigaie intr-un cuptor.	O femeie taie o ceapa.
169	0.4	O femeie sta la un birou.	O femeie calareste pe un magar.
170	3.4	Medicii transporta un pacient pe o targa.	Un medic grabeste un pacient pe o targa.
171	3.6	O femeie canta la un flaut pe scena.	Femeia canta la flaut.
172	3.0	Doi pui de panda se joaca.	Doui ursi panda stau intinsi unul langa altul.
173	4.0	Un bebelus rade.	Un bebelus rade si chicoteste.
174	1.2	Un barbat canta la o chitara.	Un baiat canta la un pian.
175	0.6	Un barbat impatureste hartie.	O femeie taie un ardei.
176	1.6	Trei femei danseaza.	Barbatul danseaza.
177	2.6	Pisicile se joaca intre ele.	Doua pisici se lupta intre ele.
178	3.6	O persoana scrie.	O persoana scrie cu un creion.
179	3.5	Un barbat alearga.	Un barbat alearga pe un drum.
180	3.765	Femeia ruleaza aluat.	O femeie pune faina si ruleaza aluat.
181	2.75	O femeie adauga condimente pe o carne.	Femeia adauga zahar in carne.
182	2.25	O femeie adauga ulei pe pesti.	O femeie toarna apa peste peste.
183	2.75	Un baietel tine o chitara.	Un baietel canta la o chitara.
184	3.8	Un ghepard alearga.	Un ghepard alearga de-a lungul unui camp.
185	4.8	Barbatul mananca pizza.	Un barbat mananca o felie de pizza.
186	3.6	Un urangutan merge cu autobuzul.	O maimuta merge intr-un autobuz.
187	1.2	Un barbat si o femeie vorbesc intr-un restaurant.	Un barbat si o femeie merg cu o bicicleta.
188	0.4	Un barbat canta la o chitara.	Un barbat curata o usa de sticla.
189	2.4	O fata canta la chitara si voce.	Un tanar canta in timp ce canta la chitara.
190	3.941	O fata comunica prin limbajul semnelor.	O tanara foloseste limbajul semnelor.
191	0.5	O femeie face exercitii cu greutati.	O femeie isi face parul.
192	3.75	Un barbat urca intr-o masina.	Un barbat in varsta urca intr-o masina rosie.
193	4.0	O minge mare verde rastoarna un cartof.	O minge mare verde loveste un cartof.
194	3.0	O pisica se joaca la clape.	O pisica canta la un pian.
195	4.2	Doi caini inoata intr-o piscina.	Cainii inoata intr-o piscina.
196	2.0	Barbatul a folosit un tocator pentru a toca ceapa.	Barbatul a folosit o masina pentru a taia un cartof.
197	5.0	O femeie feliaza tofu.	O femeie taie tofu.
198	3.0	O turma de caprioare traverseaza strada.	O turma de reni traverseaza un drum.
199	3.8	Persoana merge calare pe cal.	Un barbat merge calare pe un cal.
200	0.0	Cineva hraneste un animal.	Cineva canta la un pian.
201	0.0	Cineva taie tortilla.	Cineva merge calare pe cal.
202	0.25	Cineva amesteca ingrediente.	Cineva coase lucruri.
203	4.0	Un cocos inclonteste un soarece mort.	Un pui inclonteste un soarece mort.
204	3.25	O femeie tine un cangur.	O femeie ridica un cangur.
205	0.75	Un barbat se joaca cu broaste	O pisica se joaca cu un aparat foto.
206	1.5	Doi barbati vorbesc.	Doi barbati canta la chitara.
207	3.5	Un barbat unge unt pe o bucata mare de paine.	Un barbat intinde unt pe o felie de paine cu usturoi.
208	3.0	Un barbat alearga pe un fir la inaltime.	Un barbat alearga pe franghie.
209	0.2	Un barbat tunde un gazon.	O femeie taie o lamaie.
210	0.8	Un barbat deschide o usa.	Un barbat canta la o chitara.
211	4.2	Un barbat feliaza un cartof in bucati.	Un barbat taie un cartof.
212	3.8	Femeia taie caracatita gatita.	O femeie toaca caracatita.
213	0.4	Un barbat loveste panourile cu pumnii.	Un caine alearga prin apa.
214	0.8	Un barbat danseaza.	Un barbat mananca paine.
215	1.2	Cineva canta la pian.	Un barbat canta la o chitara.
216	2.8	Doua vulpi mananca dintr-o farfurie pe o terasa din caramida.	Vulpi mananca dintr-o farfurie.
217	3.2	Un baiat canta la clape.	Un baiat canta la pian.
218	5.0	O persoana canta la clape.	Cineva canta la clape.
219	0.0	Un barbat trage cu o arma.	Un barbat scuipa.
220	1.0	Cineva taie o ceapa.	Cineva curata un cartof.
221	0.0	Un barbat inoata.	O femeie taie carne.
222	3.75	Un barbat canta la chitara.	Un barbat canta la o chitara acustica.
223	0.4	O femeie taie un dovleac.	O femeie calareste un elefant.
224	0.4	O femeie danseaza.	O femeie framanta aluat.
225	0.6	O femeie sparge oua intr-un castron.	O femeie pune frigarui pe un gratar.
226	4.0	O masina merge pe un drum.	O masina circula pe drum.
227	0.4	Cineva unge o tigaie.	Cineva se intinde jos.
228	0.4	Un barbat canta la chitara.	Un om scurge paste.
229	0.4	O femeie bea vodca.	O femeie face exercitii fizice.
230	4.8	O femeie taie carne in bucati.	O femeie taie niste carne.
231	0.6	Un barbat clateste o bucata de carne.	Un barbat canta la o chitara.
232	0.8	Un barbat vinde articole.	Un barbat curata casa.
233	3.2	Un barbat sare peste un zid.	Un barbat sare pe un zid mic.
234	3.2	Alergatorii alearga in jurul unei piste.	Alergatorii concureaza intr-o cursa.
235	0.6	Un barbat loveste o minge de fotbal.	Un barbat invarte un castron.
236	0.6	O femeie prajeste ceva.	O femeie merge calare pe un cal.
237	0.0	O pisica linge o ventuza.	O femeie feliaza castravete.
238	1.4	O femeie danseaza langa un foc.	O femeie face o baie.
239	2.2	Barbatul spinteca un peste.	Un barbat feliaza un cartof.
240	3.6	Untul se topeste intr-o tigaie.	Un barbat topeste unt intr-o tigaie.
241	3.111	Trei baieti danseaza.	Copii danseaza.
242	0.6	O femeie joaca un joc cu un barbat.	Un barbat canta la pian.
243	0.4	Barbatul conduce o masina alba.	Un barbat acorda un interviu.
244	4.25	Un barbat si-a condus masina.	Un barbat conduce o masina.
245	3.0	O masina da cu spatele dintr-un loc de parcare.	O masina da cu spatele dintr-o strada blocata.
246	5.0	Un barbat pune niste branza pe o pizza.	Barbatul a presarat branza pe pizza.
247	5.0	Baiatul canta la pian.	Un baiat canta la un pian.
248	3.75	Barbatul a cantat la chitara lui.	Un barbat canta la o chitara.
249	0.2	Un barbat merge calare pe un cal.	Un barbat canta la clape.
250	0.4	Un om merge pe o franghie.	Un barbat merge cu o motoreta.
251	1.286	O fata canta la un flaut.	O trupa canta pe o scena.
252	4.6	Oamenii se dau jos dintr-un tren.	Un grup de oameni coboara dintr-un tren.
253	0.6	O femeie coase la masina.	O femeie pregateste niste carne.
254	2.0	Un caine se uita la piscina.	Un caine se plimba in jurul unei piscine.
255	5.0	Un barbat unge o bucata de paine cu unt.	Un om intinde unt pe paine.
256	1.8	Un barbat taie rosii in bucati.	O femeie taie niste legume.
257	2.4	Trei adolescente au dansat in camera.	Niste fete adolescente danseaza pentru aparatul de fotografiat.
258	2.4	Un leu merge.	Un leu umbla intr-un tarc.
259	0.4	Un barbat impusca o masina.	Un barbat taie un cartof.
260	4.2	Un cal negru alearga imprejur.	Calul alearga.
261	0.0	O femeie decorticheaza creveti.	Un barbat danseaza in ploaie.
262	0.0	Un barbat merge calare pe un cal.	O femeie spala un congelator.
263	0.8	Un barbat merge pe o carare.	Un barbat trece peste o franghie intinsa.
264	1.4	Un barbat feliaza un cartof.	O femeie taie un ardei.
265	1.5	Un caine latra la o minge.	Un caine inoata dupa o minge de tenis.
266	2.5	Un copil fuge de un peste care se balanseaza in jurul unei undite.	Un copil mic alearga in jurul unei undite.
267	2.5	Un barbat merge pe o carare prin salbaticie.	Un barbat merge pe un drum.
268	3.5	Un barbat in varsta vorbeste pe un podium.	Un barbat tine un discurs pe podium.
269	3.4	Un barbat merge calare pe un cal in miscare lenta.	Un barbat merge calare pe un cal.
270	3.8	O persoana taie niste branza burrata.	Persoana feliaza branza.
271	3.8	Barbatul trage cu o pusca automata.	Un barbat trage cu o arma.
272	1.5	Un barbat zdrobeste usturoi cu un cutit.	O femeie feliaza carne cu un cutit.
273	0.5	O femeie isi pileste unghiile cu o pila.	O femeie isi hraneste bebelusul cu o sticla.
274	0.0	Un barbat merge pe un skateboard.	O femeie taie un cartof.
275	0.0	O femeie face un dus.	Un barbat merge calare pe un cal alb.
276	0.8	Un barbat danseaza.	Un barbat merge calare pe un cal.
277	0.85	Un barbat vasleste intr-o barca.	Un barbat trage cu o arma.
278	3.4	Un barbat se leagana pe o franghie prinsa de tavan.	Un barbat se leagana pe o franghie.
279	0.4	O femeie merge calare pe un cal pe o plaja.	Un barbat cara un alt barbat in spate.
280	1.75	Un barbat tine un animal mic intr-o mana.	Un barbat arata o maimuta mica.
281	3.25	O persoana pliaza o bucata de hartie patrata.	Un barbat pliaza hartie.
282	0.75	O persoana prajeste carne intr-o tigaie.	O persoana tine un sconcs.
283	0.0	Un cimpanzeu ii face rau unei femei.	Un barbat conduce o masina.
284	0.0	Femeia curata creveti.	Barbatul tine un lemur.
285	4.25	Doua zebre se joaca.	Zebrele socializeaza.
286	1.8	O femeie taie unt.	O femeie feliaza tofu.
287	3.2	Niste barbati canta la chitara.	Trei barbati canta la chitara si voce impreuna.
288	3.6	Elefantii au pulverizat apa pe ei insisi.	Elefantii se stropesc pe ei insisi cu apa.
289	2.6	Un caine statea la tejgheaua unui magazin.	Cainele sta la tejghea.
290	3.2	Cineva face o gaura intr-o scandura de lemn cu un burghiu electric.	Un barbat face o gaura intr-o bucata de lemn.
291	2.8	O femeie feliaza niste legume.	Femeia taie usturoi.
292	4.6	Un bursuc isi sapa o gaura.	Un bursuc sapa in pamant.
293	0.0	O femeie face schi nautic pe un lac.	Un barbat canta la un flaut.
294	0.25	O fata canta la o vioara.	Un bebelus rade si chicoteste.
295	3.923	Un elicopter aterizeaza pe un heliport.	Un elicopter aterizeaza.
296	2.75	O femeie taie un pui.	O femeie feliaza carne.
297	0.0	O femeie taie un castravete.	Un barbat canta la o chitara.
298	3.0	O femeie calareste un elefant in fata unei multimi care o adora.	O femeie calareste un elefant.
299	3.8	Un catelus aluneca inapoi de-a lungul podelei.	Un catelus se impinge inapoi.
300	4.6	O femeie desface catei de usturoi.	O femeie rupe un usturoi in catei.
301	2.6	Un caine se uita intr-o piscina.	Un caine merge pe marginea unei piscine.
302	3.6	O femeie amesteca un tratament de infrumusetare intr-un pahar.	O femeie amesteca o crema intr-un pahar cu o lingura.
303	3.6	Un barbat deseneaza un tablou.	O persoana deseneaza.
304	1.0	O femeie culege rosii.	O femeie toarna aluat intr-un castron.
305	2.75	Un barbat se uita la monitorul unui computer.	Un barbat foloseste un laptop.
306	1.25	Baiatul merge pe o tricicleta.	O femeie merge pe o hidrobicicleta.
307	2.75	Doi barbati concureaza intr-o cursa de rostogolit cauciucuri.	Doi oameni au rasturnat anvelope de tractor intr-o cursa.
308	0.0	O persoana taie o carne.	O persoana calareste un taur mecanic.
309	0.0	Un barbat canta la vioara.	O femeie foloseste o masina de cusut.
310	2.4	Bebelusul a iesit taras pe usa.	Un bebelus se taraste de-a lungul podelei.
311	2.2	Un barbat canta la clape.	O persoana canta la un pian.
312	0.2	Un barbat miroase doua pizza.	O femeie hraneste un barbat.
313	2.8	O maimuta trage de coada unui caine.	O maimuta tachineaza un caine la gradina zoologica.
314	4.0	Un caine sta intins pe spate pe o podea din lemn.	Un caine sta pe podea.
315	0.0	O femeie prajeste ceva in tigaie.	Un barbat canta la chitara lui.
316	5.0	Un barbat pune condimente intr-un castron cu apa.	Barbatul a adaugat condimente peste apa intr-un castron.
317	0.0	O femeie in varsta toarna ulei intr-o tigaie de prajit.	Un barbat legat pune in apa.
318	3.2	O femeie toaca o ceapa.	O femeie taie partial jumatate de ceapa.
319	3.5	Femeia a ridicat cangurul.	O femeie tine un cangur.
320	1.75	Un caine care musca dintr-o cutie.	Un caine deschide o cutie de mancare.
321	1.25	O femeie dezoseaza un peste.	Un barbat prinde un peste.
322	0.833	Un barbat tunde iarba.	Un barbat sparge beton.
323	0.0	O pisica se uita la un televizor.	Un barbat taie o frunza.
324	3.75	Baiatul este blocat in usa casutei cainelui.	Un copil este blocat intr-o casuta de caini.
325	2.75	Oamenii se arunca intr-o piscina.	Barbati cad intr-o piscina.
326	3.8	O femeie inoata sub apa.	O femeie inoata.
327	0.2	Un barbat canta la o chitara.	O femeie danseaza.
328	3.4	Un avion zboara prin aer.	Un avion South African Airways zboara sub un cer albastru.
329	1.4	Un urs fuge de doi caini.	Un urs se lupta cu lupi.
330	3.8	O femeie se odihneste pe o pluta.	O femeie se relaxeaza intr-o cada interioara.
331	0.4	Un barbat moare intr-o sala de operatii.	Un barbat saruta o femeie pe scena.
332	0.0	Un barbat tine o frunza.	O femeie se uita la televizor.
333	0.0	O persoana merge calare pe un cal.	O femeie feliaza cartofi.
334	0.0	O femeie feliaza caracatita.	Un barbat canta la chitara.
335	0.2	Un om sparge ulcioare de apa.	O femeie curata usturoi.
336	0.0	Un barbat canta la o chitara.	O femeie taie legume.
337	0.0	O fata mananca o briosa.	Un barbat feliaza un castravete.
338	3.8	Fetita s-a jucat pe iarba cu un caine si o minge.	Un bebelus se joaca cu un caine si o minge.
339	2.25	Oamenii merg pe o pluta si vaslesc.	Patru persoane plutesc pe o pluta.
340	2.4	Doamna a taiat un cartof.	Un barbat taie un cartof.
341	3.2	Misilul a explodat.	O racheta a explodat.
342	1.6	Un caine se joaca in zapada.	Un caine da cu laba la o musca de pe covor in fata lui.
343	0.4	O femeie danseaza cu alte femei.	O femeie marunteste pui.
344	0.0	Un baiat impinge o dubita.	O persoana taie o rosie.
345	0.4	Un baiat face niste pasi de dans.	Un baiat toarna ceva dintr-un ulcior.
346	0.6	O femeie deschide un suc si il bea.	O femeie merge calare pe un elefant.
347	1.0	Un om asambleaza bucati de difuzor.	Un barbat canta la chitara.
348	4.6	Cainele s-a plimbat de-a lungul marginii piscinei.	Un caine merge pe langa o piscina.
349	4.25	Untul este pus intr-un castron.	Un barbat taie untul intr-un bol.
350	1.5	Ratonii mananca.	Un barbat mananca.
351	3.5	Cineva a cazut de pe un cal.	Un barbat este aruncat de pe un cal.
352	0.0	O femeie descojeste un mar.	Un barbat face acrobatii pe o motocicleta.
353	0.0	Un barbat ia niste cursuri de matematica.	Un barbat clateste o bucata de carne.
354	0.0	Animalele se joaca in apa.	Doi barbati joaca tenis de masa.
355	0.333	Un barbat merge calare pe un cal si sare peste obstacole.	Un barbat loveste o minge de fotbal.
356	0.333	O persoana face trucuri cu creionul cu mana.	O persoana taie morcovi in jumatate.
357	3.333	Persoana a dat foc la aparatele foto.	O persoana da foc la aparate foto.
358	4.333	Omul taie banda de pe cutie.	Un barbat taie o cutie sa o deschida.
359	0.8	Un barbat pescuieste in rau.	Un barbat canta in timp ce merge pe trotuar.
360	0.2	Un barbat merge cu o bicicleta.	O femeie danseaza pe strada.
361	0.0	Un barbat face flotari.	O femeie taie niste caracatita.
362	0.0	Un barbat canta la chitara.	O femeie taie felii niste carne de porc.
363	2.8	Baietelul canta la chitara si voce.	Un bebelus canta la o chitara.
364	0.8	O femeie isi pudreaza fata.	Femeia bate cu degetele in masa.
365	0.0	O femeie curata un cartof.	Un leu se plimba imprejur.
366	0.25	O femeie trage cu o pusca.	Un barbat face cascadorii.
367	0.5	O femeie pune o ghirlanda peste umerii unui barbat.	Un barbat toarna apa peste capul unui pilot.
368	3.75	O batrana da mana cu un barbat.	Un barbat si o femeie dau mana.
369	1.75	Femeia face schi nautic.	O femeie navigheaza pe un lac.
370	2.667	Copacii se indoaie sub furtuna.	Copacii sunt loviti de vanturi foarte puternice.
371	0.4	Un barbat si o femeie merg cu masina.	O femeie prajeste creveti.
372	0.0	Un barbat misca o ramura de copac.	Femeia canta la vioara.
373	1.0	Un barbat canta la un pian.	O femeie canta la vioara.
374	0.8	O persoana toarna ulei intr-o tigaie.	O persoana face cubulete o ceapa.
375	0.0	Animalul mananca.	O femeie danseaza.
376	4.0	Femeia isi plimba cainele.	O femeie isi plimba cainele pe strada.
377	5.0	Un grup de oameni canta.	Niste oameni canta.
378	4.4	Pisica bea lapte.	O pisica linge dintr-o farfurioara cu lapte.
379	2.0	O fata foloseste machiaj pe pleoapele sale.	O femeie aplica fard.
380	2.8	Doi barbati se lupta.	Doi barbati se lupta folosind o forma de arte martiale.
381	2.5	Ofiterul militar s-a rastit la recruti.	Un ofiter vorbeste cu recrutii.
382	2.5	Barbatul baga puiul intr-un recipient.	Un barbat pune alimente intr-o cutie.
383	2.25	Un barbat tasteaza la o masina de stenografiat.	Barbatul a folosit un stenograf.
384	3.6	O femeie adauga paste intr-o oala cu apa.	O femeie face taitei.
385	1.2	O femeie sta intinsa pe o patura pe o piatra si citeste o carte.	O femeie stand jos canta o melodie si canta si la chitara.
386	0.2	Doi catelusi se joaca intre ei.	Niste barbati joaca fotbal.
387	1.0	Un barbat alearga pe un camp.	Un barbat se urca pe o franghie.
388	0.4	Un barbat imbratiseaza pe cineva.	Un barbat face o fotografie.
389	2.8	Cineva toarna ingrediente intr-o oala.	Un barbat pune legume intr-o oala.
390	0.0	Un cuplu se plimba.	Niste barbati taie cu fierastraul.
391	3.0	O persoana canta la o chitara.	Barbatul a cantat la chitara lui.
392	3.0	O persoana adauga mancare intr-o tigaie.	O femeie pune orez intr-o tigaie.
393	2.8	Un grup de pinguini se deplaseaza.	Un numar mare de pinguini se indreapta spre ocean.
394	0.0	Un barbat canta la o chitara.	Cineva se ocupa de o chifla
395	0.0	Un caine sare pe o trambulina.	Un baiat canta la o chitara.
396	2.2	Un barbat scutura un container deasupra unei chiuvete de bucatarie.	Un barbat goleste un recipient din plastic.
397	3.75	Un om merge cu un cal.	Un barbat conduce un cal tinandu-l de capastru.
398	4.0	Niste hartie este taiata cu foarfeca.	O bucata de hartie este taiata.
399	3.5	O persoana curata creveti.	Doamna a decojit crevetii.
400	0.8	Un barbat canta la o chitara.	Un barbat incearca sa citeasca ziarul.
401	0.8	Un barbat face un pat intr-un hotel.	Un barbat tine un animal in brate.
402	1.75	Cainele a tras cainele de coada si apoi l-a tras de picior.	O maimuta a tras un caine de coada.
403	3.0	O femeie bate doua oua intr-un castron.	O persoana amesteca ingrediente intr-un castron.
404	0.0	Un barbat sare coarda afara.	O femeie feliaza un castravete.
405	0.0	O persoana feliaza cateva cepe.	Un hamster canta.
406	0.0	O femeie tine un cangur in brate.	Un barbat cu o palarie canta un cantec.
407	3.8	Jucatori de fotbal lovesc o minge de fotbal in poarta.	Un fotbalist inscrie un gol.
408	3.2	O femeie gateste ceva.	O femeie toarna ingrediente intr-o tigaie.
409	3.2	O femeie inoata la plaja.	O femeie se balaceste in valurile oceanului.
410	0.8	Un barbat cara un alt barbat.	Un barbat stropeste un alt barbat cu apa dintr-un furtun.
411	1.5	Femeia pune paste intr-un vas.	O femeie scoate dintr-un castron un fel de substanta lipicioasa.
412	2.75	Un barbat ridica si vorbeste despre un tricou YouTube gri.	Un barbat arata un tricou.
413	3.75	Cineva toarna ulei de masline intr-un castron cu bucati de rosii.	Barbatul a turnat ulei pe feliile de rosii.
414	3.2	Un barbat canta la chitara.	Barbatul a cantat la chitara lui cu un prieten.
415	0.8	Cineva fierbe niste degetele doamnei intr-o oala.	Cineva toarna ulei de masline intr-un castron cu bucati de rosii.
416	0.0	O persoana curata un cartof.	O pisica linge o sticla mica.
417	0.0	O pisica sare intr-o cutie.	Un tanar vorbeste cu o frunza.
418	1.4	Femeia condimenteaza uleiul.	O femeie toarna ingrediente intr-un castron.
419	3.2	O pisica aluneca cu susul in jos sub o canapea.	O pisica se taraste pe spate sub o piesa de mobilier.
420	2.2	O femeie danseaza in timp ce un barbat canta la clape.	O femeie danseaza pe o scena.
421	2.533	Un bucatar curata un castron de supa.	Un barbat sterge marginea unui castron.
422	3.4	O explozie bubuie in desert.	O arma nucleara explodeaza intr-un desert.
423	0.0	O femeie feliaza o lamaie.	Un barbat vorbeste la un microfon.
424	0.8	Un barbat supraponderal sare coarda.	Un tanar danseaza.
425	3.2	Doamna a spart doua oua crude.	Femeia sparge oua intr-un castron.
426	0.0	Un barbat ascute un creion folosind un cutit.	O femeie danseaza in ploaie.
427	0.0	Jucarii din plastic plutesc in apa.	Doamnele fac un dans.
428	3.0	Broasca testoasa a urmarit pestii.	O broasca testoasa de mare vaneaza pesti.
429	2.8	Femeia isi aplica creion de ochi.	Fata foloseste un creion pentru ochi pe pleoapa.
430	0.0	Un barbat isi leaga pantoful.	Un caine merge calare pe umerii unui biciclist.
431	0.417	O femeie taie carne cu un cutit.	Un barbat intinde aluat.
432	0.0	Un caine alearga pe pamant.	O fata isi tamponeaza unghiile de la degete.
433	1.0	Un barbat mangaie un caine legat.	Un barbat isi arata cainele la camera.
434	2.0	O femeie merge pe un teren deschis cu un caine de companie in timp ce alti caini ii urmeaza.	Un barbat merge cu mai multi caini.
435	0.0	O femeie marunteste niste usturoi.	O persoana curata un disc.
436	2.5	Doua echipe joaca fotbal.	Diferite grupe de echipe joaca fotbal pe un teren.
437	2.0	O creatura ca un sobolan miroase imprejur.	Un animal merge pe jos.
438	0.0	Doi luptatori Sumo se lupta intre ei.	Un barbat sta calare pe o jucarie de apa in apa.
439	0.0	Un barbat se intinde pe pamant si tinteste cu o pusca.	Un barbat intinde unt pe o tortilla.
440	2.818	Un cuplu alearga spre ocean.	Un barbat si o femeie alearga impreuna, tinandu-se de mana.
441	3.533	O femeie toaca un ou fiert tare.	O persoana taie oua fierte in bucati.
442	3.8	Doi roboti impartasesc un sarut.	Un robot masculin si unul feminin se saruta.
443	3.25	O pisica incearca sa atinga un caine.	Pisica l-a tachinat pe caine atingandu-i capul.
444	4.0	Rinocerul pastea pe iarba.	Un rinocer paste pe un camp.
445	0.0	Barbatul si-a condus masina rosie mica in jurul traficului.	Cainele a fugit in apa la plaja.
446	1.0	Un om taie paine.	Un barbat face trucuri cu o minge de fotbal.
447	2.6	O pisica loveste rapid un copil in cap.	O pisica si un baiat se joaca impreuna.
448	1.4	O pisica se joaca intr-o cutie.	Cainele se joaca cu spalatorul de podele.
449	3.2	Cuplul a dansat in biserica.	Un cuplu danseaza dansuri lente.
450	0.0	Un barbat mangaie un aligator pe bot.	O persoana toarna legume tocate intr-o oala pe aragaz.
451	0.0	O persoana verifica niste budinca de orez.	Un cal alearga.
452	0.0	O femeie amesteca doua oua intr-un castron de sticla.	O tanara canta pe o scena.
453	0.0	Barbatul canta la tobe.	Un barbat toarna lichid de curatat in chiuveta.
454	3.8	Un barbat taie un ardei.	O persoana taie in bucati un ardei verde mare.
455	0.643	O femeie vorbeste in limbajul semnelor.	O femeie condimenteaza niste fructe de mare.
456	0.0	Un baiat se taraste intr-o cusca de caine.	O pisica se joaca pe podea.
457	2.25	Fata si-a inaltat zmeul in timp ce alerga in sus pe un deal.	O fata isi pierde zmeul.
458	1.25	O femeie pune mancare intr-o oala cu apa fierbinte.	O femeie prajeste carne.
459	3.4	O maimuta mica se plimba prin apa.	O maimuta trece printr-o mlastina.
460	0.0	Un barbat merge cu o bicicleta.	Un urs panda mananca.
461	0.2	Un tanar canta la pian si voce.	Barbatul scrie o scrisoare.
462	0.5	Un baiat isi scoate ochelarii de soare.	Un baiat tipa.
463	0.0	O fata canta la un pian.	Un baiat face flotari.
464	4.0	Doamna a feliat o rosie.	Cineva taie o rosie.
465	0.0	Cineva tine un arici.	O ceapa este taiata felii.
466	1.0	O femeie curata un cartof.	O femeie frige ananas.
467	0.0	O pisica bea niste apa.	Un camion coboara pe un deal.
468	0.0	O persoana pune sare si piper pe o bucata de porc.	Un tanar sta la un pian.
469	0.0	Barbatul se aseza pe scaun si se uita fix.	Fetita isi prinde parul intr-o coada de cal.
470	1.8	O femeie taie un cartof in cubulete.	O femeie taie tofu in bucati mici.
471	1.2	Un bebelus se taraste fericit.	Un bebelus a stranutat si a speriat un alt bebelus.
472	0.6	O persoana prajeste niste carne in tigaie.	Un barbat taie o leguma.
473	0.25	Un barbat se uita pe o fereastra.	O femeie inoata in apa.
474	3.25	Un barbat stand asezat canta la chitara.	Un barbat canta la o chitara acustica si canta la un microfon.
475	1.25	O femeie feliaza o ceapa cu un cutit.	Un barbat pregateste un fel de mancare.
476	4.0	Un calaret alearga si sare cu calul sau.	O femeie sare obstacole cu un cal.
477	3.25	Un baiat canta la clape.	Un baiat sta intr-o camera si canta la un pian la lumina lampii.
478	0.75	Doi barbati se lupta.	Barbatul face miscare.
479	3.25	Un barbat canta la un flaut de lemn, in timp ce alti cativa barbati canta la tobe de bongo.	Un barbat canta la un flaut.
480	1.2	O persoana mangaie o maimuta.	Un barbat tine o maimuta din specia loris lent.
481	3.8	Doi iepuri de desene animate se saruta.	Un iepure saruta un alt iepure.
482	3.4	Ariciul mesteca prosopul.	Un arici musca de o patura.
483	0.0	O pisica se linge.	Un barbat feliaza o ceapa alba cu o razatoare.
484	3.5	Un porc de guinea mic roade si mananca o bucata de morcov pe podea.	Un porc guinea mananca un morcov.
485	3.75	Patru baieti stau in fata masinii in flacari.	Patru tineri stau nemiscati in timp ce o masina explodeaza in spatele lor.
486	4.0	Un barbat fumeaza.	Barbatul s-a asezat imbracat in costum si a fumat.
487	0.2	O femeie adauga sos la niste mancare.	O persoana taie frunze.
488	0.0	Trei copii isi mananca mancarea.	Caprioara a sarit peste gard.
489	0.0	Un submarin merge prin apa.	Un bebelus adoarme.
490	0.8	Un barbat alearga pe o strada.	Un barbat canta la chitara.
491	0.0	O persoana feliaza o ceapa.	O pisica defecheaza intr-o toaleta.
492	0.0	Un bursuc sapa in noroi.	Un om muta pietre mari.
493	0.0	O femeie taie un ardei mare.	Un caine isi misca botul.
494	5.0	Un barbat merge cu o bicicleta.	Un barbat merge cu o bicicleta.
495	0.6	Un barbat si o femeie se saruta.	Un barbat si o femeie vorbesc.
496	4.2	O femeie feliaza o ceapa.	O femeie taie o ceapa.
497	3.75	Un baietel se joaca cu un caine.	Un bebelus se joaca cu un caine.
498	5.0	Barbatul deseneaza.	Un barbat deseneaza.
499	1.25	Un barbat taie un cartof.	O femeie taie o rosie.
500	3.6	Un baiat canta la o chitara.	Un copil canta la o chitara.
501	5.0	O femeie taie o ceapa.	O femeie taie printr-o ceapa.
502	5.0	Un tren de jucarie loveste o masina de jucarie.	Un tren de jucarie loveste o masina de jucarie.
503	2.2	Un barbat canta la chitara.	Un barbat canta la flaut.
504	5.0	O pisica deschide un sertar si urca inauntru.	O pisica deschide un sertar si urca inauntru.
505	4.25	O femeie prajeste o mancare.	O femeie prajeste mancare intr-o baie de ulei.
506	2.5	Un barbat taie o ceapa in cuburi.	O femeie taie o ceapa.
507	2.8	O fata canta la o chitara.	Un barbat canta la o chitara.
508	2.8	O fata canta pe scena.	Un barbat canta pe scena.
509	2.8	O femeie merge calare pe un cal.	O femeie merge calare pe un magar.
510	2.8	O fata canta la o chitara.	Un barbat canta la o chitara.
511	5.0	O femeie periaza niste creveti.	O femeie periaza niste creveti.
512	4.8	Un barbat danseaza pe tavan.	Un barbat danseaza pe tavanul unei camere.
513	4.2	O femeie feliaza subtire o ceapa cu un cutit mare.	O femeie feliaza ceapele cu un cutit mare.
514	5.0	Un barbat canta la un set de clape.	Un barbat canta la un set de clape.
515	5.0	Un barbat canta la chitara.	Un barbat canta la chitara.
516	5.0	O femeie descojeste un cartof.	O femeie descojeste un cartof.
517	3.75	O femeie se ocupa de o broasca.	Un barbat tine o broasca.
518	2.0	Un barbat canta la un flaut.	Un barbat canta la o chitara.
519	1.583	Un barbat canta la o chitara.	Un barbat canta la un flaut.
520	1.778	Un barbat canta la un pian.	Un barbat canta la o chitara.
521	2.0	Un barbat canta la o chitara.	Un barbat canta la un pian.
522	2.0	Un barbat canta la un flaut.	Un barbat canta la o chitara.
523	2.0	Un barbat canta la un flaut.	Un barbat canta la o chitara.
524	3.2	Doua femei sunt pe o canapea.	Doua femei se imbratiseaza pe o canapea.
525	3.8	Cineva feliaza un castravete.	Un barbat feliaza un castravete.
526	4.4	Un pisoi se joaca cu o jucarie din franghie albastra.	Un pisoi se joaca cu o jucarie.
527	5.0	Cainele latra la jucarie.	Un caine latra la o jucarie.
528	3.5	O persoana pliaza o tortilla.	Un barbat pliaza o tortilla.
529	4.0	O pisica bea lapte.	Un pisoi bea lapte.
530	3.5	O persoana conduce o masina.	Un barbat conduce o masina.
531	4.4	O broasca testoasa merge.	O broasca testoasa merge.
532	3.8	O vaca mananca iarba.	O vaca mananca fan.
533	2.6	O femeie toaca broccoli.	O femeie toaca usturoi.
534	3.0	Un barbat plange.	Un barbat tipa.
535	5.0	Barbatul canta la chitara.	Un barbat canta la chitara.
536	3.667	Un barbat taie o ceapa.	Un barbat taie o patlagina.
537	2.333	Un barbat feliaza un cartof.	O femeie descojeste un cartof.
538	4.0	O femeie bate cu degetele pe o masa.	O femeie bate din degete.
539	4.4	Cineva fierbe okra intr-o oala.	Cineva gateste okra intr-o tigaie.
540	0.2	Un barbat fumeaza.	Un barbat amesteca.
541	5.0	Barbatul canta la tobe.	Un barbat canta la tobe.
542	5.0	Un barbat se scufunda intr-o piscina.	Un barbat se scufunda intr-o piscina.
543	4.0	O femeie taie un praz.	O femeie feliaza un praz.
544	4.6	Un baietel canta la o chitara.	Un baiat canta la chitara.
545	2.6	O femeie danseaza.	Barbatul danseaza.
546	2.6	Femeile vorbesc.	Barbatii vorbesc.
547	2.6	O fata isi pune gel in par.	O femeie isi pune gel pe par.
548	2.2	Un copil canta la chitara.	Un barbat canta la o chitara.
549	1.7	Un grup de oameni marsaluie pe loc.	Un grup de oameni danseaza la un concert.
550	2.0	Femeia trage cu o mitraliera.	Barbatul trage cu o arma.
551	4.0	Un barbat a cantat la pian.	Un barbat canta la un pian.
552	3.25	O femeie feliaza o ceapa.	Cineva feliaza o ceapa.
553	4.5	Un barbat feliaza un castravete.	Un barbat taie castraveti.
554	2.6	O fata mananca o briosa.	O femeie mananca o briosa.
555	2.0	O femeie taie o ceapa.	Un barbat toaca o ceapa.
556	1.8	Barbatul canta la o chitara.	Un bebelus canta la o chitara.
557	1.556	Un barbat canta la chitara.	Un barbat canta la tobe.
558	4.5	Doua fetite vorbesc la telefon.	Doua fete vorbesc la telefon.
559	4.0	Un barbat taie o buturuga cu un topor.	Un barbat taie un trunchi de copac cu un topor.
560	1.6	O persoana taie un ardei gras in bucati.	O persoana taie un usturoi in bucati.
561	0.5	Un barbat vorbeste cu o femeie.	O femeie se plimba cu un caine.
562	1.4	Barbatul merge.	Un barbat vorbeste.
563	1.6	Cineva toarna ulei intr-o tigaie.	Cineva toarna lapte intr-un blender.
564	4.4	Un pisoi mic se joaca cu o minge.	Un pisoi se joaca cu o minge.
565	1.8	Un barbat canta la o chitara.	O femeie canta la un flaut.
566	2.6	O fata canta la o vioara.	O fata canta la un flaut.
567	1.6	Un barbat canta doua piane.	O pisica canta la un pian.
568	3.0	Un barbat face exercitii fizice.	O fata face exercitii fizice.
569	2.0	O persoana feliaza o scoica.	O persoana taie felii de caracatita.
570	2.0	Un barbat si o femeie merg pe biciclete lor.	Un barbat si o femeie merg cu o motocicleta.
571	4.0	Doi barbati se lupta intr-o pasune de vaci.	Doi barbati se lupta intr-un tarc pentru vite.
572	3.0	O femeie adauga ulei intr-o tigaie.	Un barbat toarna ulei intr-o tigaie.
573	4.4	O fata isi face patul.	O fata tanara isi face patul.
574	4.8	Pisica s-a jucat cu un pepene verde.	O pisica se joaca cu un pepene verde.
575	4.8	O fata sare pe o masina.	O fata sare pe o masina.
576	0.727	Un barbat se roaga.	Un barbat alearga.
577	0.0	O masina parcheaza.	O pisica se joaca.
578	1.25	Un barbat alearga.	Un barbat danseaza.
579	0.5	Un barbat canta.	Un barbat danseaza.
580	3.25	Un barbat duce un alt barbat pe umarul sau.	Un barbat duce pe cineva pe umarul sau.
581	1.333	O femeie curata un cartof.	O femeie feliaza o rosie.
582	1.0	O femeie taie o rosie.	O femeie feliaza un cartof.
583	1.4	Cineva curata un cartof.	Cineva feliaza o rosie.
584	1.333	O femeie curata un cartof.	O femeie feliaza o rosie.
585	5.0	Doi roboti se saruta.	Doi roboti se saruta.
586	4.0	Doi baieti pe o canapea se joaca jocuri video.	Doi baieti joaca un joc video.
587	4.4	O femeie stoarce o lamaie.	O femeie stoarce sucul dintr-o lamaie.
588	1.2	O femeie feliaza o ceapa.	Un barbat feliaza o rosie.
589	1.2	O femeie feliaza un morcov.	Un barbat feliaza o rosie.
590	1.25	O fata isi coafeaza parul.	O fata isi pileste unghiile.
591	5.0	Un barbat coboara scarile.	Un barbat coboara pe o scara.
592	2.0	Doua persoane merg cu o motocicleta.	Doua persoane merg cu o bicicleta.
593	2.2	Un barbat canta la o chitara.	O femeie canta la o chitara electrica.
594	3.2	Un barbat canta la o chitara si din voce.	Un barbat canta la o chitara.
595	1.5	Un om merge prin ploaie.	Un barbat si o femeie se plimba cu placere.
596	4.75	Un cangur mananca.	Un cangur mananca.
597	0.5	Un barbat pescuieste.	Un barbat face exercitii fizice.
598	0.067	O femeie inoata.	Un barbat canta.
599	1.6	O femeie mananca.	Un animal mananca.
600	2.6	Un baiat si o fata danseaza in ploaie.	Un barbat si o femeie danseaza in ploaie.
601	4.875	Un barbat conduce o masina.	Un barbat conduce o masina.
602	5.0	O femeie rade ceapa.	O femeie rade cepe.
603	2.0	Doi cocosi se lupta.	Doi barbati se lupta.
604	1.4	Un barbat calareste un cal.	Un barbat conduce o masina.
605	1.4	Un barbat calareste un cal.	Un barbat conduce o masina.
606	0.8	Un barbat trage cu o arma.	Un barbat feliaza o chifla.
607	2.0	O femeie taie o ceapa.	O femeie taie carne.
608	1.6	Femeia feliaza ierburi.	Barbatul feliaza paine.
609	3.0	Un baiat canta la pian.	Un barbat canta la un pian.
610	3.615	Un pui de elefant mananca.	Un pui de elefant mananca un puiet.
611	4.0	O femeie sparge oua intr-un castron.	O femeie sparge oua.
612	4.0	O persoana canta la clape.	Un baiat canta la niste clape.
613	3.333	Un baiat trasneste un barbat cu o sabie.	Un baiat plsesneste un barbat cu o sabie de plastic.
614	1.5	O persoana feliaza un morcov in bucati.	O persoana taie o ceapa in bucati.
615	4.4	Un barbat a taiat prin o gramada de sticle de apa cu un cutit.	Un barbat taie o linie de sticle de apa cu un cutit
616	2.875	Un barbat scrie intr-o carte.	Un barbat scrie pe o hartie.
617	2.2	O femeie feliaza un usturoi.	O femeie feliaza un ardei mare.
618	0.2	O persoana face un pat.	O persoana mananca la o masa.
619	1.8	Un barbat canta la clape.	Un barbat canta la chitara.
620	1.6	Un barbat canta la o vioara.	Un barbat canta la o harpa.
621	0.2	Femeia fumeaza.	Barbatul merge.
622	3.0	Barbatul a sters ce avea celalalt barbat pe tabla.	Barbatul a sters munca de pe tabla.
623	3.5	Un barbat merge cu o motocicleta.	Un barbat merge cu o motocicleta printr-un oras.
624	3.5	Un barbat merge cu o motocicleta pe autostrada.	Un barbat merge cu o motocicleta.
625	2.0	O femeie feliaza niste carne.	O femeie feliaza cateva cepe.
626	5.0	O femeie taie broccoli.	O femeie taie broccoli.
627	0.0	Un barbat canta la un pian.	O femeie curata un cartof.
628	3.2	Cineva feliaza o rosie.	Cineva feliaza fructe.
629	3.25	O femeie danseaza intr-o cusca.	O femeie danseaza.
630	0.0	O femeie inoata.	Un barbat scuipa.
631	1.0	Un barbat alearga.	Un barbat geme.
632	3.667	Barbatul canta la chitara.	Barbatul a cantat la chitara sa.
633	3.0	O pisica se uita fix la camera.	O pisica se adreseaza camerei.
634	4.2	Bebelusul rade si se taraste.	Un bebelus rade si se taraste pe podea.
635	4.091	O femeie trage cu o arma.	O femeie trage cu o pusca.
636	2.0	O femeie danseaza in ploaie.	O femeie danseaza in gara.
637	1.0	O femeie danseaza.	O femeie face exercitii fizice.
638	3.8	Un copil canta la un instrument.	Un baietel canta la un instrument de suflat.
639	4.0	Cineva taie o sticla cu o sabie.	Un barbat sparge o sticla cu o sabie.
640	1.8	O femeie taie un mar.	O femeie taie cartofi.
641	5.0	Barbatul descojeste un mar.	Un barbat descojeste un mar.
642	1.0	Omul canta la chitara.	Barbatul se joaca cu un craniu.
643	3.0	Un animal merge pe jos.	Un solenodon merge de-a lungul pamantului.
644	2.6	O fetita canta la un pian mare pe scena.	O fetita canta la pian.
645	3.4	Un grup de oameni danseaza.	Un grup de barbati danseaza.
646	2.0	Un barbat canta la o chitara.	O femeie canta la chitara.
647	4.2	O pisica se leagana pe un ventilator de tavan.	O pisica este invartita de un ventilator de tavan.
648	3.8	O femeie canta la flaut.	O fata canta la un flaut.
649	4.4	Femeia toaca ceapa.	O femeie taie o ceapa.
650	4.2	O maimuta periaza un bulldog.	O maimuta periaza un caine.
651	1.2	O femeie feliaza o ceapa.	O femeie taie un cartof.
652	1.2	Un barbat canta la pian.	O femeie canta la o chitara.
653	0.8	O femeie se spala pe maini.	O femeie isi indreapta parul.
654	3.2	O femeie trage cu o pusca.	O femeie trage cu o arma.
655	4.0	Un barbat mananca un castron de cereale.	Barbatul mananca cereale.
656	4.4	O femeie face baie in cada.	O femeie face o baie.
657	4.2	Un motociclist se accidenteaza pe motocicleta sa.	O persoana se accidenteaza pe o motocicleta.
658	3.2	Un barbat atarna un soarece langa un sarpe.	Un barbat hraneste un sarpe cu un soarece.
659	3.4	Un barbat si o femeie se plimba prin padure.	Un barbat si o femeie se plimba prin jungla.
660	4.0	O persoana toarna niste budinca de orez intr-un castron.	Doamna a turnat budinca de orez intr-un castron.
661	4.8	Un barbat priveste fix pe o fereastra.	Un barbat priveste pe fereastra.
662	0.2	O femeie trage cu o carabina.	O femeie taie o lamaie.
663	1.8	Un barbat mananca o banana.	Cineva descojeste o banana.
664	2.6	Barbatii joaca pe scena.	Mimii comici au jucat pe scena.
665	2.8	O femeie de desene animate plonjeaza intr-o piscina.	O femeie de desene animate plonjeaza de pe o scandura.
666	5.0	Doamna a pus bebelusul intr-un cos de gunoi.	O femeie pune un bebelus intr-un cos de gunoi.
667	0.25	Cineva prajeste carne.	Cineva canta la pian.
668	3.75	Un barbat toaca rapid cateva ciuperci folosind un cutit.	O persoana toaca rapid ciuperci cu un cutit.
669	1.75	O femeie adauga ingrediente intr-un castron.	O femeie sparge trei oua intr-un castron.
670	3.5	Un skateboarder face trucuri pe o rampa concava.	Un barbat se da cu skateboardul pe o rampa concava.
671	3.4	Un barbat vorbeste pe o scena.	Un barbat vorbeste de la un podium.
672	1.4	Un barbat canta la o chitara.	Un barbat cu o palarie canta la o harpa.
673	1.4	Un barbat canta la clapele sale.	Un barbat canta la o chitara.
674	1.0	O persoana taie un cartof.	O persoana taie o hasma.
675	4.6	Un barbat danseaza pe tavanul unei camere.	Un barbat danseaza cu capul in jos pe tavan.
676	0.4	Doi barbati danseaza.	Doua femei fac cumparaturi.
677	3.6	Cineva condimenteaza oua.	Cineva condimenteaza doua oua crude intr-un castron.
678	1.25	Un barbat se leagana pe o franghie.	Un gibon se leagana in copaci.
679	1.5	Un barbat taie rosii.	O femeie taie broccoli.
680	1.0	O femeie fierbe creveti.	O femeie se piaptana.
681	3.75	Un barbat taie un cartof.	Un barbat feliaza un cartof.
682	3.25	Un barbat danseaza in drum.	Un barbat danseaza.
683	4.0	Cerbul a sarit peste gard.	Un cerb sare peste un gard de sarma.
684	3.0	O fata danseaza in ploaie.	O femeie danseaza in ploaie.
685	1.667	O femeie scrie o scrisoare.	O femeie sta la un birou.
686	3.333	O gorila canta la tobe.	O maimuta canta la tobe.
687	0.5	O femeie merge calare pe un cal.	O femeie culege rosii.
688	3.75	Baiatul a taiat iarba de langa bordura cu foarfeca.	Un baiat taie iarba cu foarfeca.
689	3.25	Un barbat cu ochelari vorbeste.	Un barbat intr-o biblioteca vorbeste.
690	1.0	O femeie taie cateva flori.	O femeie taie broccoli.
691	3.5	O persoana merge la vale pe o carare de piatra.	Un barbat merge la vale pe un trotuar.
692	4.4	Un barbat canta la clape cu nasul sau.	Barbatul canta la pian cu nasul sau.
693	0.4	Un barbat canta la chitara.	O pisica se joaca.
694	0.4	Un animal mananca.	Animalul topaie.
695	4.2	Un barbat ridica greutati.	Un barbat ridica o bara.
696	2.5	Un barbat alearga cu un autobuz.	Un barbat alearga cu un camion.
697	0.25	Un barbat urca o franghie.	Un barbat sta pe o piatra.
698	0.25	O pisica canta la pian.	O pisica isi linge laba.
699	0.25	O femeie danseaza in ploaie.	O femeie adauga ulei unei mancari.
700	2.6	Barbati participa la o cursa.	Atletii alearga pe o pista.
701	1.8	Un barbat taie rosii in bucati.	O femeie taie cartofi.
702	0.0	Un barbat canta la un flaut.	O femeie aplica tus de ochi.
703	1.2	O femeie taie cartofi.	O femeie feliaza morcovi.
704	3.6	Un pui loveste cu ciocul un soarece mort.	Un cocos loveste cu ciocul un soarece mort.
705	1.2	Femeia feliaza subtire un castravete.	Femeia feliaza o rosie.
706	3.2	O persoana taie bucati de paine.	Un barbat feliaza paine.
707	2.2	O femeie taie un dovlecel.	O femeie taie un ardei mare.
708	0.8	O femeie adauga ulei pe niste pesti.	O femeie merge calare pe un cal.
709	1.6	O femeie rade morcovi.	O femeie inveleste un cotlet de porc.
710	2.8	Cineva curata un animal.	O femeie curata un crevete.
711	3.2	Un barbat vorbeste la telefon.	Un barbat vorbeste.
712	0.8	O femeie fumeaza.	O femeie face ceva de mancare.
713	3.8	Un barbat sta culcat si trage cu o arma.	Un barbat sta culcat pe pamant tragand cu o pusca.
714	0.0	Un barbat este urcat intr-o ambulanta.	Un barbat toarna paste pe o farfurie.
715	0.667	Un barbat sare intr-o piscina.	Un barbat canta la un microfon.
716	5.0	Un barbat trage cu o pusca.	Un barbat trage cu o pusca.
717	1.8	Un om canta la chitara.	Un barbat canta la un flaut.
718	0.4	Un barbat descojeste un cartof.	Un barbat canta la o chitara.
719	2.0	Femeia merge calare pe un cal.	Un barbat merge calare pe un cal intr-o arena.
720	2.8	Un avion se misca de-a lungul unei piste.	Un avion aterizeaza pe o pista.
721	0.8	O femeie aluneca in cada cu apa.	O femeie zace pe o pluta.
722	0.8	Un barbat tunde un gazon.	Un barbat amesteca.
723	0.75	O femeie curata un cartof.	O femeie loveste un barbat.
724	0.75	Un barbat canta la pian.	Un barbat sta intins pe pamant.
725	1.0	O femeie face balet.	O femeie merge calare pe un cal.
726	0.8	O femeie taie o ceapa.	O femeie vasleste o barca.
727	2.769	O femeie amesteca orez intr-o oala.	Cineva pune orez intr-o tigaie.
728	2.4	O femeie pune halci de carne intr-o tigaie.	Un barbat pune bucati de carne intr-o punga de plastic.
729	4.4	Baiatul a cantat la trompeta sa.	Un baiat canta la trompeta.
730	1.8	O persoana merge calare pe cal.	Un barbat merge cu o motocicleta.
731	1.4	O femeie feliaza o ceapa.	O femeie taie un morcov.
732	2.25	Un barbat feliaza legume.	O femeie feliaza un cartof.
733	0.25	O pisica se joaca.	O femeie canta la flaut.
734	3.25	Un barbat merge cu o bicicleta.	Un barbat merge cu o bicicleta in jurul unei parcari.
735	4.5	O formatie canta pe o scena.	O formatie canta pe o scena.
736	0.8	Femeia feliaza tort de peste.	Femeia merge calare pe un cal.
737	0.8	Un barbat mananca paine.	Un barbat canta la flaut.
738	0.8	O femeie gateste creveti.	O femeie danseaza.
739	0.25	O femeie danseaza.	O femeie feliaza ghimbir.
740	3.5	O femeie arunca o pisica in aer, iar pisica atarna de o tija pe tavan.	O persoana arunca o pisica in aer si aceasta se apuca de tavan.
741	4.25	O broasca testoasa mare merge.	Broasca testoasa merge.
742	0.5	Un om arde un steag.	Un barbat trage cu o arma.
743	0.0	Barbatul impinge duba.	Femeia canta.
744	0.5	Un barbat mananca lemn.	Un barbat adauga ulei la masina.
745	0.6	Un caine vorbeste la camera.	Un caine mananca niste de pepene verde.
746	2.2	Un barbat pune doua prosoape de hartie pe o farfurie de hartie.	Un barbat pune hartii pe un vas.
747	3.2	Un barbat si o femeie merg.	Un barbat si o femeie care umbla se tin reciproc.
748	4.4	Un barbat taie o franghie cu o sabie.	Barbatul a taiat printr-o franghie groasa cu o sabie.
749	3.0	Omul canta din voce si la chitara.	Un barbat canta la o chitara.
750	2.583	Un barbat taie o hartie.	O persoana rupe hartie.
751	0.0	Un barbat danseaza.	Un sobolan alearga.
752	1.8	Doi baieti vorbesc la telefon.	O femeie vorbeste la un telefon.
753	0.0	Un barbat canta la chitara.	O femeie descojeste un tubercul.
754	1.4	O femeie feliaza o ceapa.	O femeie feliaza lamai.
755	0.0	O femeie merge calare pe un cal.	Un barbat alearga pe franghie.
756	0.4	Un barbat joaca fotbal.	Un om deseneaza cateva figuri.
757	0.0	O femeie descojeste o portocala.	Un barbat canta la un flaut.
758	3.0	Cineva sparge un ou.	Un barbat sparge un ou.
759	2.0	Un barbat taie un sarpe pentru a-l gati.	O femeie taie carne.
760	0.0	O femeie razuieste un morcov.	Un barbat loveste oale de lut.
761	1.667	Un barbat si o femeie danseaza ca in filmele indiene.	Un barbat si o femeie danseaza in ploaie.
762	1.0	O femeie taie flori.	Un barbat tine flori uriase de floarea-soarelui.
763	0.0	Barbatul a dansat in restaurant.	Bomba a explodat in desert.
764	4.2	Drapelul american se flutura.	Un steag american este suflat de vant.
765	2.6	Un leu se plimba intr-o zona inchisa.	Un leu se plimba.
766	0.25	O femeie feliaza o lamaie.	Un om arata o paine.
767	0.4	O femeie canta la flaut.	O femeie feliaza niste ton.
768	3.5	Cainele latra la jucarie.	Un caine latra la o rata electronica de jucarie.
769	3.5	O femeie adauga un ou si amesteca.	O femeie amesteca un ou intr-un castron.
770	3.0	O femeie acopera o bucata de carne cu faina.	O femeie condimenteaza o bucata de carne.
771	3.4	O pisica alba cocotata pe un mic dulap de lemn priveste pe fereastra.	O pisica, cocotata pe o masa, priveste pe fereastra.
772	3.6	Un barbat face exercitii de podea.	Un barbat face miscare.
773	1.0	Un barbat feliaza un cartof.	Un barbat descojeste o banana.
774	3.6	Cineva canta la pian.	O persoana canta la un pian electric.
775	2.8	Femeia il machiaza pe barbat.	O femeie picteaza fata unui barbat.
776	4.0	Femeia a varsat vinete in tigaie.	O femeie pune vinete tocate intr-o tigaie.
777	3.4	Un barbat canta la o trompeta.	Un barbat canta la un instrument muzical.
778	2.667	O femeie feliaza o lamaie.	O femeie, intr-o bucatarie, descojeste o lamaie.
779	3.0	Un tigru incearca sa urce pe perete.	Un leu incearca sa urce peste un zid.
780	4.667	Un barbat pregateste o franghie de spanzurat.	Un barbat leaga un lat.
781	3.2	O femeie danseaza pe o scena.	O femeie danseaza.
782	0.2	Fata merge calare pe cal.	Fata pulverizeaza plantele cu apa.
783	1.2	O persoana prajeste.	O persoana curata un cartof.
784	0.8	Un barbat trage cu un pistol.	O femeie toaca usturoi.
785	0.8	O femeie isi leagana bratele.	O femeie feliaza o ceapa.
786	0.75	Un barbat se plimba afara.	Un barbat danseaza.
787	0.25	Un barbat isi usuca mainile.	O femeie isi aranjeaza parul.
788	3.25	Un jucator de fotbal suteaza mingea in poarta de la distanta.	Un jucator de fotbal suteaza in poarta.
789	3.333	O fata canta la pian.	O fetita canta un pian cu coada pe scena.
790	3.333	Un om deseneaza cateva figuri.	Un barbat deseneaza pe o tabla digitala.
791	2.0	Maimuta atarna din copaci.	Maimuta s-a leganat din ramura in ramura.
792	3.0	Cativa copii sar pe trambulina.	Doi baieti se joaca pe o trambulina.
793	4.0	O femeie cu un cutit feliaza un ardei.	O femeie feliaza ardei verde.
794	2.0	Un barbat adauga ulei in masina.	Un barbat pune gel anti-inghet intr-o masina.
795	0.4	Un barbat feliaza un morcov cu o masina.	Un barbat se catara pe o franghie.
796	3.2	Un baiat a cantat la clape.	O persoana canta la clapele de la un pian.
797	0.4	O pisica se joaca cu o antena.	Un baiat se joaca in noroi.
798	2.0	O femeie feliaza dovleac.	O persoana feliaza pepene galben.
799	4.5	Oamenii au aruncat manechinul peste marginea stancii.	Niste oameni arunca un manechin de pe o stanca.
800	0.5	Se trage cu o arma.	Un cartof este descojit.
801	0.5	O femeie taie o foaie de plastic.	O femeie canta la o chitara pe strazi.
802	4.0	O femeie taie un ananas.	O femeie taie un ananas in bucati.
803	3.75	O femeie adauga condimente pe o carne.	O femeie adauga ingrediente carnii de vita.
804	4.25	O persoana adauga ulei in tigaie.	Bucatarul toarna ulei in tigaie.
805	3.75	Un bucatar condimenteaza niste aluat.	Un barbat condimenteaza niste aluat intr-o tava.
806	2.75	Un baiat alearga pe o plaja.	Doi baieti se joaca pe plaja.
807	3.25	Un bebelus de maimuta se scarpina.	Maimuta si-a scarpinat burta.
808	0.8	Un baiat merge cu o bicicleta pe o poarta.	O femeie merge calare pe un cal.
809	0.25	Un barbat face un truc cu carti.	Un barbat stoarce apa.
810	0.75	Un barbat canta la pian.	Cineva canta la chitara.
811	4.8	Un barbat tunde iarba.	Un tip tunde gazonul.
812	0.8	O persoana amesteca apa si faina.	O persoana face autostopul pe un drum.
813	0.0	Cei doi caini erau in padoc.	Cowboyul si-a calarit calul in desert.
814	3.0	Un barbat merge pe o motocicleta intr-o roata.	O persoana face trucuri pe o motocicleta.
815	3.75	O pisica deschide un sertar si se urca inauntru.	O pisica mare deschide un sertar din plastic cu labele si apoi sare inauntru.
816	0.0	Un barbat deschide o cutie folosind un cutit.	Un barbat canta la o chitara.
817	0.25	Un barbat da cu piciorul multa apa.	O femeie feliaza un ardei rosu.
818	0.0	Un barbat mananca.	O femeie urca pe stanci.
819	3.5	Un catelus se rostogoleste in mod repetat dintr-o parte in alta in timp ce se afla pe spate.	Un caine se rostogoleste dintr-o parte in alta.
820	3.25	Un tanar canta la o chitara si cu vocea.	Un copil canta la chitara.
821	0.4	Femeia descojeste lamaie.	Barbatul se echilibreaza pe fir.
822	0.8	Un barbat canta la trompeta.	Cineva se joaca cu o broasca.
823	1.6	Un caine se uita in jur.	Un caine se uita la tejgheaua unui magazin.
824	1.2	O femeie feliaza o ceapa.	Un barbat este prezentat felind un morcov cu un cutit.
825	4.2	Barbatul a facut gauri in lemn.	Un barbat gaureste lemn.
826	0.2	Cineva taie un cerc dintr-o foaie de hartie roz.	Cineva toarna sos de rosii intr-o oala cu carne.
827	0.2	Un barbat canta la flaut.	Un barbat mangaie un caine legat.
828	0.5	Un barbat pune carne intr-o punga.	Un barbat conduce o masina.
829	0.0	O fata mananca o briosa.	Un barbat canta la o trompeta.
830	4.5	Un iepure adulmeca si pipaie cu labele un iepure impaiat.	Un iepure viu se joaca cu un iepuras de plus.
831	0.0	Un barbat intinde unt pe paine.	O femeie merge calare pe un cal.
832	0.75	O femeie stoarce niste felii de castravete.	O femeie se afunda in namol verde.
833	4.0	Un barbat scoate interiorul unui ardei verde.	Cineva scoate semintele dintr-un ardei gras.
834	2.75	Un barbat scoate o bucata de pizza cu pepperoni dintr-o cutie de pizza si o pune pe capac dupa ce inchide cutia.	Barbatul a scos din cutie o bucata de pizza cu pepperoni.
835	3.4	Barbatul a adaugat legume la zeama din oala.	Un barbat adauga legume feliate intr-un vas de gatit cu apa.
836	3.4	Barbatul a alergat si a sarit pe perete.	Un barbat sare intr-un perete.
837	2.4	Barbatul condimenteaza carnatii.	Barbatul a adaugat condimente in apa intr-un castron.
838	3.0	Un clovn canta si oameni danseaza.	Un clovn canta.
839	0.4	O femeie hraneste un aardvark.	O femeie toaca usturoi.
840	3.929	O persoana clateste o carne de friptura cu apa.	Un barbat clateste o bucata de carne de friptura mare.
841	3.0	Un baiat a mers cu bicicleta deasupra unui gard metalic.	Un biciclist BMX se plimba de-a lungul varfului unui gard.
842	1.75	Un barbat arunca cutite spre un copac.	Un barbat arata magie.
843	2.6	Fete merg pe scena.	Femeile model merg pe un podium.
844	3.5	O femeie face exercitii cu greutati.	O femeie face exercitii fizice cu o bara.
845	0.5	Un barbat curata un cartof.	Un barbat face drumetii.
846	3.5	O pasare mare stand pe o masa ia un pahar de plastic ce contine lichid si il pune intr-un castron care contine ceva.	O pasare ridica un pahar de plastic care contine un lichid cu ciocul si pune paharul intr-un castron.
847	0.0	O femeie este in ploaie.	O masina circula de-a lungul drumului.
848	0.0	O femeie loveste un barbat.	Un barbat tine un loris lent.
849	0.0	O femeie calareste un elefant.	Un barbat se ridica.
850	1.0	Un barbat ridica greutati.	O femeie isi antreneaza abdomenul.
851	2.0	O persoana merge pe un jetski pe valuri.	O femeie calareste pe un seadoo.
852	0.6	O femeie poarta casti.	O femeie toaca niste frunze de shiso.
853	4.0	Un pisoi isi mananca mancarea dintr-o farfurie.	Un pisoi mananca niste mancare.
854	0.5	O femeie citeste o revista mondena.	O femeie feliaza o bucata de carne in bucati.
855	2.5	Un barbat toarna chili intr-un castron.	Un barbat deschide o conserva si toarna continutul intr-un castron.
856	3.25	Pasarea a mancat mancarea din copac dintr-un castron.	O pasare mananca dintr-un castron.
857	2.0	Un grup de fete ies dintr-un taxi.	Un videoclip cu Rihanna iesind dintr-un taxi.
858	0.0	O femeie condimenteaza o bucata de carne.	Un barbat incarca o pusca cu gloante.
859	0.8	Un barbat toaca frunze de coriandru.	Un barbat canta la o chitara.
860	0.8	Un barbat ia o felie de pizza.	Un barbat vorbeste la telefonul sau mobil.
861	0.4	Un barbat aseaza carne intr-o punga de plastic.	O femeie poarta un wallaby intr-o geanta.
862	0.0	Un rabin vorbeste.	Un om merge pe o sarma.
863	0.0	Un barbat calareste un cal.	O femeie freaca piciorul unui bebelus.
864	0.0	Un barbat canta la chitara.	Cineva se intinde.
865	0.4	Un barbat feliaza o chifla.	Un barbat sparge oale.
866	0.0	Un barbat conduce o masina.	O femeie scufunda un crevete in aluat.
867	3.6	Un caine loveste cu labele o musca din covorul din fata lui.	Cainele s-a jucat cu un gandac pe covor.
868	0.231	Un caine latra.	Un avion zboara.
869	0.0	O maimuta merge pe un pat.	Un barbat calareste un cal.
870	0.5	O femeie gateste broccoli.	Un barbat isi mananca mancarea.
871	0.0	Un barbat prajeste o tortilla.	O persoana face un truc de carti.
872	2.75	O femeie serveste mingea de volei peste o plasa.	O femeie preda mingi de volei unei alte femei care le serveste.
873	0.75	Un barbat feliaza castravete cu un cutit.	Un barbat gateste o tortilla intr-o tigaie.
874	1.25	Un barbat canta la clape electronice.	O trupa canta la instrumente.
875	0.0	Un barbat canta la o vioara.	Bebelusul rade si se taraste.
876	3.75	Un barbat taie varful unei cizme de piele goala folosind o sabie.	Un barbat taie o cizma cu o sabie.
877	5.0	Persoana curata solzii de la peste.	O persoana curata solzii la un peste.
878	0.0	Oamenii se plimba in gradina.	Un baiat vorbeste cu alt barbat.
879	3.2	Un copil mic merge calare pe un cal.	Fetita a calarit pe un cal.
880	0.75	O persoana taie usturoiul in bucati cu un cutit.	Cineva pune ingrediente intr-un wok.
881	0.5	Un barbat impatureste o bucata de hartie.	Un barbat taie un recipient de plastic cu o sabie.
882	2.5	Barbatul a fost impins in apa.	Un barbat impinge alt barbat in ocean.
883	1.75	Un baiat este suparat jucand jocuri video.	Cineva joaca la un gameboy.
884	4.0	Un barbat face un apel pe un telefon mobil.	Un barbat face un apel la telefon.
885	0.0	Un barbat vorbeste la telefon.	Un urs panda mesteca un bat.
886	4.6	O femeie isi aplica produse cosmetice pe fata.	O femeie se machiaza.
887	4.0	Barbatul a ridicat haltere.	Un barbat ridica greutati.
888	3.0	O femeie hraneste un animal din mana.	Femeile hranesc animalul.
889	2.2	Mai multi dihori ies din cusca lor.	Dihorii coboara de pe un raft.
890	0.0	O tanara canta la flaut.	O femeie spala partea superioara a unui congelator.
891	2.8	O femeie trage cu o pusca.	Femeia trage cu o pusca.
892	3.8	O persoana adauga praf de chili la chili cu fasole.	Barbatul adauga condimente la fasole.
893	4.4	O femeie trage rapid o arma de mana.	O femeie trage cu o arma.
894	0.0	O persoana feliaza o ceapa.	Un solenodon merge pe jos.
895	1.75	Un caine deschide un frigider.	Un caine inchide usa unui frigider.
896	1.0	O femeie tine un copil care danseaza.	O femeie isi abuzeaza copilul.
897	1.8	O femeie ii aplica machiaj de joker unui barbat.	Fata i-a aplicat machiaj de fata unui barbat.
898	1.6	Doamna a adaugat branza la sos.	Un barbat toarna o farfurie de branza rasa intr-o oala cu sos.
899	2.333	Un barbat sustine o prelegere pe un podium.	Un barbat sustine o prelegere la un eveniment care sarbatoreste jocul de cricket.
900	2.0	Pisica s-a strecurat sub pat.	O pisica se taraste cu capul in jos, sub canapea.
901	1.0	O femeie toaca usturoi.	O femeie feliaza un peste.
902	0.0	Un barbat taie iarba.	Un barbat mascat canta.
903	0.0	Un barbat taie iarba.	Un clovn canta.
904	3.0	Un baiat fuge de firul sau de pescuit.	Un baiat alearga in fata pestelui agatat de undita.
905	0.4	Barbatul a jucat haki sak in birou.	Barbatul condimenteaza legumele.
906	0.4	Un barbat duce un alt barbat in spate.	Un barbat face poze cu furnici.
907	3.25	Carnea este pusa intr-o tigaie.	O femeie pune carne intr-o tigaie.
908	0.0	O femeie taie ceapa verde.	O femeie cade peste un castel de nisip.
909	0.0	Un barbat tranteste o minge.	O femeie feliaza cateva cepe.
910	0.0	O masinarie ascute un creion.	O fata merge cu o bicicleta.
911	0.0	O femeie se curata pe picioare.	Soarele rasare in spatele copacilor.
912	0.4	Un barbat curata geamurile.	Un barbat conduce o masina.
913	1.0	O persoana amesteca orez.	O femeie sparge un ou.
914	0.25	Un barbat pune un cutit intr-un menghina.	Un barbat danseaza.
915	4.25	Un baiat canta la vioara pe scena.	Un baiat este pe scena cantand la vioara.
916	0.118	O femeie taie o paine roz cu un cutit.	Un barbat canta la o chitara.
917	1.0	Un barbat adauga cotlet de porc intr-o tigaie.	O femeie descojeste un cartof.
918	0.4	Barbatii se lupta intre ei.	Barbatul a desenat pe hartia alba.
919	0.0	Un barbat prinde o minge.	O pisica se freaca de un copil.
920	0.0	O fata citeste un ziar.	Un bucatar descojeste un cartof.
921	2.5	Un loris lent musca degetele unei persoane.	Un animal mic mesteca un deget.
922	0.75	Un barbat merge pe o carare prin salbaticie.	Un barbat curata o ceapa.
923	3.0	Barbatul a cantat la chitara sa.	Un tip canta din voce in timp ce canta la chitara sa.
924	2.6	Cativa barbati patineaza pe drum.	Doi baieti se dau cu skateboardul.
925	2.6	Un barbat toarna lichid intr-o tigaie.	Bucatarul a turnat ulei in tigaie.
926	0.0	Un baiat canta la pian si din voce.	Un porc agita un leu.
927	4.25	O pisica si un dihor se joaca.	Un dihor si un pisoi se joaca impreuna.
928	0.0	O maimuta se plimba prin apa.	Un tip canta la o trompeta.
929	0.0	O femeie se machiaza.	O trupa canta.
930	0.0	Un caine conduce o masina.	Un tip vorbeste la un microfon.
931	3.5	Barbatul a cantat pe scena la microfon.	Un barbat in costum sta la un microfon si canta.
932	2.4	O masina iese cu spatele dintr-un spatiu.	O masina o ia inapoi.
933	0.6	Un barbat tine o broasca.	Un barbat goleste un recipient din plastic.
934	0.0	Un barbat calatoreste intr-o barca.	O femeie taie un morcov cu un cutit.
935	3.75	Barbatul a mers cu motocicleta pe autostrada.	O persoana conduce o motocicleta pe un drum.
936	0.4	Un barbat toaca o ceapa in cuburi.	Barbatul canta la chitara.
937	0.4	Un barbat canta pe o scena.	Un barbat scoate matele dintr-un peste.
938	2.6	Femeile stau jos.	Doua femei stau una langa alta si vorbesc.
939	1.75	Un barbat scoate cateva bucati de paine prajita dintr-un pachet de plastic.	Un barbat scoate mancarea dintr-o punga.
940	0.0	O femeie danseaza langa un foc.	Un barbat leaga un lat.
941	0.75	Un barbat mediteaza.	Barbatul calareste calul.
942	0.0	Un baiat taie hartie.	Un barbat incarca o pusca.
943	0.0	Barbatul a vorbit la telefon.	Fetele merg pe scena.
944	0.8	Un barbat canta la chitara si din voce.	Un barbat deschide un colet care contine casti.
945	3.4	Fotbalistul a lovit mingea dintr-o parte in alta intre picioare.	O persoana loveste o minge de fotbal inainte si inapoi intre picioare.
946	0.0	Un animal merge.	O femeie aplica machiaj pentru ochi.
947	2.0	Cineva scarpina burtica unui animal.	O femeie mangaie un lemur.
948	0.25	Un barbat ridica greutati mari.	Un wallaby linge mana unei femei.
949	3.0	Un baiat se joaca cu o jucarie.	Un baiat joaca un joc portabil.
950	0.667	Un barbat plonjeaza de pe o stanca.	Un barbat merge cu o motocicleta.
951	3.2	Un barbat iese in apa.	Un barbat se ridica dintr-o mlastina.
952	0.333	Un barbat si o femeie danseaza.	Un barbat mangaie un caine.
953	3.333	Un barbat matura podeaua unei case folosind o matura lunga.	Omul a maturat camera de zi goala.
954	3.333	Un grup de cupluri danseaza.	Barbati si femei danseaza incet.
955	1.0	Un barbat curata solzii unui peste.	Un barbat toarna ulei de gatit intr-o oala.
956	2.2	Barbatul si-a pregatit camera pentru a face poze la apus la plaja.	Un barbat face poze cu un lac.
957	0.4	Cineva tine si mangaie un puiet de tigru.	Cineva clateste o friptura mare de vita la chiuveta din bucatarie.
958	0.0	Barbatul canta la chitara.	Pisica si-a curatat fata cu laba.
959	0.25	Barbatul a facut flotari pe un perete.	Barbatul a gustat mancarea.
960	2.25	O femeie taie o leguma.	O femeie feliaza o vanata.
961	2.6	O persoana sparge un ou intr-un castron mic.	Un barbat sparge un ou.
962	1.2	Un barbat canta la clape.	Un barbat calareste un taur mecanic.
963	3.2	Un caine alearga in jurul unei curti.	Un caine de companie negru alearga prin gradina unei case.
964	1.4	Un copil merge pe strada in timp ce un jeep intra pe ea.	O femeie merge pe un drum si un barbat intr-o masina se opreste langa ea.
965	0.2	Un barbat adauga ulei intr-o oala.	Un caine prinde un peste intr-un rau.
966	2.75	Fata a dansat in fata focului de tabara.	O femeie danseaza pe muzica, langa un foc de tabara.
967	0.6	Un barbat toaca unt intr-un recipient.	O femeie taie creveti.
968	3.8	O fata este tarata la vale de un caine.	Un caine trage un copil in jos pe un deal.
969	3.4	Barbatul si-a scos ochelarii de soare in timp ce vorbea.	Un barbat care poarta o palarie isi scoate ochelarii in timp ce vorbeste.
970	1.5	Cei doi barbati au facut o sceneta amuzanta cu un boxer in fata unei multimi de oameni.	Baieti danseaza in fata oamenilor.
971	2.5	Fata isi aranjeaza patul.	O femeie pregateste un pat.
972	0.0	Cineva gateste ceapa.	Un barbat foloseste nunchucks.
973	5.0	Barbatul foloseste un baros pentru a sparge blocul de beton care se afla pe celalalt barbat.	Un barbat sparge o placa de beton care sta intinsa pe un om intins cu fata in jos cu un ciocan.
974	4.333	Doamna a pus taiteii uscati in apa fierbinte pentru a se gati.	O femeie aseaza un recipient cu taitei intr-o tigaie cu apa.
975	0.333	Fetele au dansat pe scena.	O fata se machiaza.
976	3.333	Un urs panda sta intins pe jos.	Un pui de panda se relaxeaza pe niste busteni.
977	4.2	Doi copii se joaca intr-o piscina cu o pluta verde in forma de crocodil.	Doi copii imping un crocodil gonflabil in jurul unei piscine.
978	0.8	Cateva femei politiste canta karaoke.	Doua femei danseaza.
979	1.0	Un barbat pune broccoli in apa.	O persoana descojeste un cartof.
980	2.8	Doctorul il ajuta pe pacient.	Medicii incearca sa reinvie un barbat.
981	1.5	Cineva rade cepe in apa.	O persoana rade un cartof intr-un castron.
982	1.2	Un bebelus vorbeste.	Un baiat incearca sa spuna camion de pompieri.
983	3.0	O femeie fierbe oua.	O femeie pune doua oua intr-o oala cu apa.
984	0.0	O femeie pune ingrediente intr-un ou batut.	Un om toarna benzina.
985	0.6	O femeie feliaza mango.	Un barbat pune branza pe o tortilla.
986	1.0	O fata taie un unt in doua bucati.	O femeie taie tofu.
987	0.0	Un barbat canta la chitara.	O persoana feliaza o bucata de carne in bucati.
988	0.0	Un barbat deschide un colet care contine casti.	O femeie calareste un cal.
989	1.0	O fata canta la o chitara.	Un baiat canta la clape intre oameni.
990	0.0	O fetita canta la vioara pe o plaja.	Fata s-a asezat pe canapea sa croseteze.
991	3.5	O maimuta loveste mana cu manusa a cuiva cu o lovitura de karate.	O maimuta practica artele martiale.
992	0.0	O femeie isi aplica ceva pe par cu mainile.	O pisica mananca o felie de pepene verde.
993	2.5	Un barbat aplica o lovitura de karate unui alt barbat care poarta manusi de box de protectie.	Un barbat face kick box cu un antrenor.
994	0.0	Barbatul canta la flautul de lemn.	Un baietel aspira podeaua.
995	0.75	O tanara canta la o chitara.	O femeie taie niste carne.
996	0.0	Barbatii joaca fotbal.	Un barbat merge cu o motocicleta.
997	0.0	O femeie alearga pe plaja.	Un caine inoata intr-o piscina.
998	0.0	Un om strecoara paste.	Un barbat canta la un flaut de lemn.
999	0.8	Ursi panda se joaca pe un leagan.	Un barbat canta la chitara.
1000	4.4	Doua trenuri alb-verzi stand pe sine.	Doua trenuri alb-verzi pe sine.
1001	2.6	O pisica mica alba cu ochi stralucitori stand sub un scaun.	O pisica alba sta pe podea.
1002	3.2	O barca mare in apa portului marin.	O barca mare pe mare.
1003	4.0	un autobuz mergand pe o strada.	Autobuz rosu cu etaj mergand pe strada.
1004	4.8	Un tren de pasageri asteptand intr-o statie.	Un tren de pasageri sta in statie.
1005	3.4	o femeie la o masa scriind in caietul ei.	Femeie la masa ocupata cu ceva.
1006	3.8	Un calculator Apple asezat pe podea.	Un calculator Macintosh asezat pe podea.
1007	3.4	Un prim-plan al unui cap de cal maro.	O vedere laterala a unui cap de cal.
1008	2.8	Un grup de oameni mananca la o masa afara.	Grup de persoane in varsta stand in jurul unei mese.
1009	3.8	Un jocheu calarind un cal.	Un jocheu calarind un cal intr-un tarc.
1010	4.0	Barbatul coboara cu o motocicleta pe drum.	Un barbat merge cu o motocicleta rosie pe drum.
1011	3.8	O femeie calarind un cal maro.	O fata tanara calarind un cal maro.
1012	0.0	Un copil sarind peste o bordura cu o bicicleta.	O pisica alb-neagra jucandu-se cu o patura.
1013	3.0	Un caine negru stand in fata unor flori galbene.	Un caine negru stand intr-un camp.
1014	4.4	Prim-plan al unei sticle de apa.	O vedere din prim-plan a unei sticle de apa.
1015	0.6	Un prim-plan al unei pisici cu fata maro.	Un prim-plan al unei fete de strut.
1016	3.2	oaie / oi stand intr-un camp.	O oaie pascand intr-un camp.
1017	3.6	O pisica cu parul lung, cu ochii inchisi.	Un prim-plan al unei pisici cu ochii inchisi.
1018	2.6	O femeie intr-o camasa gri zambeste pentru aparatul foto in timp ce femeia din spatele ei se stramba.	O femeie cu o privire surprinsa pe fata tine o femeie zambitoare din spate.
1019	0.6	Un tren Amtrak argintiu cu albastru pe sinele de langa o mica gara.	O masina mica alba parcata la benzinarie.
1020	0.0	O persoana intr-o camasa albastra se tolaneste aproape de o masuta de cafea si un televizor.	O persoana sta pe scaunul motocicletei si se ridica pe o roata.
1021	1.4	O fotografie alb-negru a unei femei aratand un cal.	o fotografie alb-negru cu vaci in grajdurile lor.
1022	4.2	Un cal maro inchis stand intr-un camp.	Un cal maro sta intr-un camp verde luxuriant.
1023	0.0	Un cort ridicat cu un cal in fundal.	Un miel alb-negru cu alti miei in fundal.
1024	4.0	Un grup de oameni stand in jurul unei mese cu mancare pe ea.	Un grup de oameni stau in jurul unei mese cu mancare si bere.
1025	3.8	Un cal maro sta intr-un camp verde luxuriant.	Un cal maro intr-un camp verde.
1026	4.0	O vaca alb-neagra in fan.	O vaca alb-neagra intr-un tarc cu fan.
1027	5.0	O femeie batrana sta intr-o bucatarie cu doua pisici la picioare.	Batrana sta in bucatarie cu doua pisici la picioare.
1028	1.0	Un autobuz scolar urca un drum rural.	O masina de curse circuland de-a lungul unui drum de pamant.
1029	4.4	Avion de camuflaj stand pe un camp ierbos.	Un avion camuflat stand pe iarba verde.
1030	0.4	Trei tinere stand impreuna intr-o camera.	Doua femei indiene cu doua fete indiene aproape de apa.
1031	4.0	Autobuz rosu cu etaj mergand printre strazi.	Autobuz de pasageri cu etaj mergand in trafic.
1032	1.2	O oaie alba pe marginea unui deal privind la aparatul foto.	Vacile slabe stau pe iarba.
1033	1.6	Un grup de oi intr-un camp.	Un grup de cai pascand intr-un camp.
1034	0.0	O fotografie in prim-plan, distorsionata a unei sticle goale de Coca-Cola.	O fotografie in prim-plan a unui birou cu un calculator si hartii pe el.
1035	3.0	Birou foarte aglomerat, cu monitorul calculatorului pornit.	Birou dezordonat cu doua monitoare.
1036	3.2	Un barbat stand intr-o camera dezordonata.	Un barbat sta intr-un pat intr-o camera dezordonata.
1037	1.4	Doua vaci albe intr-o pasune verde.	Calul cafeniu este in pasune.
1038	3.8	Vaca neagra plimbandu-se pe sub copaci intr-o pasune.	Vaca mergand pe sub copacul dintr-o pasune.
1039	1.8	Doi oameni stand la o masa intr-un restaurant.	patru oameni stand la o masa.
1040	3.2	O femeie zambitoare cu o bere stand afara cu o alta femeie zambitoare.	Doua femei stand afara razand.
1041	3.2	O pasare tinandu-se de o poarta metalica.	O pasare multicolora sta agatata de un gard de sarma.
1042	0.6	Vacile slabe stau pe iarba.	Ratele albe stau pe camp.
1043	2.2	O femeie intinzandu-se peste doi barbati ce stau pe o canapea.	Un barbat si doua femei zambind la aparatul foto in timp ce stau pe o canapea albastra.
1044	3.4	o femeie cu un colier mare.	O femeie tanara cu o bluza neagra si un colier.
1045	1.8	Vaca maro cu coarne stand intr-un camp.	Cal maro stand in mijlocul unui camp ierbos.
1046	4.4	O nava de croaziera acostata la tarm.	O nava de croaziera acostata la mal.
1047	2.4	Pisica alb-neagra stand culcata sub un tufis.	Pisica alb-neagra cu ochii galbeni sta tolanita pe pamant.
1048	3.6	Vaca alb-maro stand in iarba pe marginea drumului.	O vaca alb-maro stand intr-o zona ierboasa cu copaci in spate.
1049	0.8	Un caine mic privind camera in timp ce sta pe iarba.	Un barbat si o femeie zambind la aparatul foto in timp ce stau intr-o bucatarie.
1050	0.6	Un vitel maroniu cu o eticheta galbena pe urechea sa stanga uitandu-se la aparatul de fotografiat.	Un barbat cu ochelari si cu doua sticle de plastic in fata.
1051	0.0	Fotografie alb-negru a unei canapele cu poseta la un capat.	o fotografie alb-negru a unei vaci sub un copac.
1052	2.4	Doi barbati pe barca plutind pe apa.	Barca mare verde plutind pe apa.
1053	3.6	Aceasta este o vedere a partii din spate a unei masini sport Chevrolet.	Vedere a partii din spate a unei masini rosii concept Chevrolet.
1054	3.2	O persoana purtand o casca merge pe o bicicleta pe langa o cladire alba.	O persoana purtand o casca de bicicleta merge pe o bicicleta pe o poteca printre copaci.
1055	0.2	O fotografie alb-negru a unei gari vechi.	O fotografie alb-negru a unei motociclete intinse pe pamant.
1056	2.4	O pisica vargata alb-gri doarme pe un material violet.	Pisica alb-neagra dormind pe o prelata maro.
1057	4.0	O femeie tinand un bebelus mic.	O femeie zambitoare tinand un bebelus mic.
1058	4.6	Grup de cai pascand intr-un camp ierbos.	Un grup de cai pascand intr-un camp.
1059	3.4	Trei barbati stau jos la o masa ce are bauturi pe ea.	Trei barbati stand la masa cu bere si mancare.
1060	0.4	Doi oameni imbracati in alb stand pe un camp cu iarba.	O persoana sta sub un pasaj superior in apropierea unei autostrazi.
1061	0.6	O pisica vargata portocalie dormind pe canapea.	Un barbat se uita la TV pe marginea patului sau.
1062	3.8	Doi vulturi cocotati pe o ramura.	Doi vulturi plesuvi cocotati pe o ramura.
1063	3.8	O pisica cu dungi stand pe o punga de nisip pentru pisici.	Pisica domestica stand pe spatele nisipului pentru pisici.
1064	2.4	Un barbat si un copil mic intr-o sufragerie pozand pentru aparatul foto.	Un barbat si o femeie pozeaza pentru aparatul foto.
1065	3.0	Un birou de casa cu trei monitoare de calculatoare si alte echipamente pe un birou.	Camera cu cateva monitoare de calculator.
1066	3.8	Cinci pasari stau pe zapada.	Cativa cardinali stau in zapada.
1067	2.6	Un vehicul negru parcat cu vedere la munti josi.	O masina neagra parcata pe pamant la tara.
1068	2.2	Un tren de pasageri in zapada.	Un tren de pasageri asteptand intr-o statie.
1069	5.0	Pasarea neagra sta pe pamant.	O pasare neagra stand pe pamant.
1070	2.0	Taurul alb-negru se uita la aparatul foto.	Un caine alb-negru uitandu-se la aparatul foto.
1071	3.8	O fata tanara calarind un cal alb-cenusiu.	O blonda tanara in echipament de calarie sta deasupra unui cal alb-gri.
1072	0.8	O oaie alb-neagra se plimba pe langa o oaie alba.	Vitel mic alb-negru cu o eticheta pe ureche.
1073	0.0	O sufragerie cu o masa in fundal.	Un baiat ridicandu-se pe o roata pe o placa cu plaja in fundal.
1074	2.2	Masa din sufragerie primeste niste soare de dupa-amiaza	Sufragerie e cu masa din lemn unde se afla parteneri de joaca.
1075	3.6	Un moped rosu parcat pe un trotuar in fata graffitiurilor.	Scuterul rosu sta pe strada in fata unei cladirii.
1076	3.6	Pescarusul pluteste pe apa.	O pasare mica plutind in apa.
1077	0.0	Un caine negru sta langa materialele de pe un santier.	O fetita mica asiatica sta langa un ghiveci cu flori pe un stalp de marmura.
1078	4.4	O femeie pozand in fata unui apartament inzapezit.	O femeie sta in fata unei cladiri in zapada.
1079	1.0	Cinci vaci pasc langa un drum.	Cateva oi pascand intr-un camp.
1080	3.2	Doua capre de munte pascand in fata unui lac alpin.	Doua animale pascand langa un munte, si un corp de apa.
1081	3.2	Vaci alb-negre in spatele unui gard.	Doua vaci alb-negre in spatele unei porti metalice sub un cer albastru partial innorat.
1082	4.0	Un tren de pasageri asteptand intr-o statie.	Un tren de pasageri asteptand in gara orasului.
1083	3.4	Un animal alb strabatand padurile acoperite cu zapada.	Un caine alb alearga prin padurea acoperita de zapada.
1084	0.0	Un barbat stand pe iarba privind spre cer.	Trenul merge pe sine in zapada.
1085	4.0	Un televizor cu ecran plat, negru, asezat pe podea.	Un TV cu ecran plat pe podea.
1086	2.4	O bicicleta argintie este parcata intr-o sufragerie.	O bicicleta intr-o sufragerie.
1087	4.1	Tren negru pe sine de tren.	Un tren pe sinele de tren.
1088	4.1	Tren negru pe sinele de tren.	Un tren pe sinele de tren.
1089	0.0	O pisica vargata portocalie dormind pe canapea.	Barbat purtand o baveta stand pe o canapea verde.
1090	2.6	Vulturul plesuv este cocotat pe o funie.	Doi vulturi plesuvi cocotati pe o ramura.
1091	4.0	Un cuplu pozand pentru o poza pe o canapea.	Cuplu tanar stand pe canapea.
1092	0.0	Barbatii canta la o chitara si beau ceva.	Aici este un baiat tanar cu o jacheta ros-albastra hranind o oaie.
1093	3.8	Doua pisici stand impreuna pe canapea privind pe fereastra.	Doua pisici se uita pe fereastra.
1094	3.75	Autobuz rosu cu etaj.	Autobuz rosu cu etaj cu capota ridicata.
1095	0.0	Un prim-plan al unui animal cu o fata lunga stand pe iarba langa un copac.	Un prim-plan al unei femei cu cizme negre langa o motocicleta albastra.
1096	1.8	Un caine alb-maro sta pe un scaun cu model floral.	Un caine mic alb-portocaliu cu o zgarda si un clopot se relaxeaza pe o perna cu imprimeu floral.
1097	4.2	Un grup de oameni stand la o masa de restaurant.	Un grup de oameni stand in jurul unei mese cu mancare pe ea.
1098	2.0	Doua oi pe varful unei stanci uitandu-se la aparatul foto.	Doua oi stau, uitandu-se la aparatul foto, cu fetele in directii opuse.
1099	1.6	O fotografie alb-negru a unei gari goale.	o fotografie alb-negru a unei pisici stand jos.
1100	1.2	Un sir de locomotive pe o linie secundara de cale ferata dintr-un camp.	Un cal maro inchis stand intr-un camp.
1101	3.6	Un calculator Apple alb asezat pe covorul bej al unui dormitor.	Un calculator Apple asezat pe podea.
1102	4.6	un caine tragand un pui de somn sub o masa mica.	Un caine dormind sub o masa.
1103	3.6	O barca cu patru panze navigheaza pe apa.	Barca cu panze navigand pe apa.
1104	4.6	Masina sport rosie concurand pe pista.	O masina sport rosie mergand rapid pe o pista.
1105	0.8	Pasare neagra stand pe o lespede de beton.	Caine mic stand langa un perete alb.
1106	3.2	Un autobuz Victory Liner este alb cu dungi rosu-aurii.	Un autobuz turistic alb cu dungi rosii, portocalii si galbene.
1107	4.4	Autobuz rosu cu etaj pe marginea unei strazi.	Un autobuz rosu cu etaj pe o strada dintr-un oras.
1108	0.4	Un grup de barje cu copaci in fundal.	O tanara purtand o casca de bicicleta cu o bicicleta in fundal.
1109	1.2	Pescarusul pluteste pe apa.	Nava de croaziera mare plutind pe apa.
1110	3.0	O motocicleta parcata langa o masina.	O motocicleta BMW parcata intre doua masini.
1111	4.0	Pisica cenusie privind pe fereastra.	O pisica uitandu-se pe o fereastra.
1112	4.2	o fotografie alb-negru a unei vaci sub un copac.	O fotografie alb-negru a unei vaci plimbandu-se sub un copac intr-un camp.
1113	2.8	O planta in ghiveci in lumina soarelui de la o fereastra.	O planta in ghiveci cu cativa germeni.
1114	2.8	Patru oameni vaslesc o barca aproape de mal.	patru oameni sunt pe o barca pe apa verde.
1115	0.0	O fata intr-o camasa rosie calareste un cal maro.	Un caine alb-cafeniu stand in pat cu o plapuma galbena.
1116	1.4	Este un birou mic cu un scaun in fata spalatoriei.	O camera cu pereti cafenii si o masina de spalat si uscator.
1117	4.0	Un tren de pasageri Amtrak asteptand la o gara.	Un tren de pasageri asteptand intr-o statie.
1118	1.8	Un avion mare cu reactie pe pamant la aeroport.	Un avion de pasageri cu reactie zboara prin aer.
1119	2.0	O fata tanara purtand o casca calarind un ponei.	O fata purtand o bluza rosie calarind un cal maro.
1120	1.4	Oameni stand pe veranda.	Oameni stand pe o canapea.
1121	1.6	Doi cai stand intr-un tarc.	Un grup de cai pascand intr-un camp.
1122	3.4	Trenul rosu si trenul galben pe sinele de tren.	Doua trenuri circula pe sinele de tren.
1123	1.0	Doi oameni stand la o masa intr-un restaurant.	Un grup de oameni stand in jurul unei mese pe veranda.
1124	1.4	Un miel sta langa doua animale mititele.	O oaie stand langa copiii ei
1125	2.2	O persoana mergand pe o motocicleta de teren in aer liber.	O persoana sarind cu motocicleta in aer.
1126	0.2	Vaca cafenie cu crotalii pe un camp ierbos.	Multe oi stand pe un deal verde.
1127	4.2	Barca cu panze navigand pe apa.	Barca cu panze plutind pe apa albastra.
1128	4.2	o femeie cu un coif de viking pe cap.	Femeie zambitoare stand purtand un coif de viking.
1129	4.2	Autobuz alb cu etaj parcat.	Un autobuz alb-rosu cu etaj este parcat.
1130	2.8	Un camp de oi cu fata neagra.	O oaie cu fata neagra.
1131	4.0	Doua pasari sunt cocotate pe o banda metalica.	Doua pasari mici cocotate pe o bara de metal.
1132	1.6	Masa cu panza de masa albastra in bucatarie.	Dulapuri din lemn in bucatarie.
1133	4.0	O tanara cu o bratara poarta un sutien bikini si blugi.	O femeie imbracata intr-un sutien bikini si blugi.
1134	4.0	Un cal maro pascand intr-un camp cu iarba verde.	Cal maro stand in mijlocul unui camp ierbos.
1135	1.4	O oala cu lichid se afla in centrul unei farfurii acoperite cu o folie de tabla.	O oala cu mancare este pusa in centrul unei fete de masa rosii.
1136	0.6	O vaca alb-neagra stand intr-un camp ierbos.	O gaita albastra stand intr-un camp ierbos.
1137	3.2	Un avion galben cu albastru zboara pe cer.	Avionul alb zboara pe cerul albastru.
1138	0.0	O femeie stand pe un scaun la Craciun tinand machiaj.	Un tren stand pe sine intr-un depou.
1139	0.8	Patru tineri asiatici stand intr-un refugiu sau sufragerie.	O fata stand intr-un scaun de living.
1140	4.6	Tren coborand pe sine.	Trenul alunecand pe sine.
1141	0.2	O femeie tanara imbracata in negru.	Doi copii mici imbracati formal stand pe scaune.
1142	3.0	Grup de oameni stand la masa cu bauturi.	patru oameni stand la o masa.
1143	0.0	Un avion zburand la distanta.	O femeie cu un cal alb.
1144	0.2	Un grup de barje cu copaci in fundal.	Un grup de vaci intr-un camp cu crotalii galbene in urechi.
1145	3.6	O sufragerie cu o masa in fundal.	O sufragerie cu canapele mari si o masa in fundal.
1146	4.0	Pisica cu dungi galbene odihnindu-se pe o canapea albastra.	O pisica vargata portocalie dormind pe canapea.
1147	0.0	Un tren de pasageri intrand intr-o statie.	O pasare mare zboara prin aer.
1148	3.4	Doi oameni vaslind intr-o canoe rosie cu copaci in fundal.	Doi oameni vaslind intr-o canoe galbena pe un rau cu copaci in fundal.
1149	2.2	Un tren negru se deplaseaza pe sine.	Tren negru stand inactiv pe sine.
1150	3.5	Un jeep alb parcat in fata unui magazin.	Un Jeep alb parcat pe o strada.
1151	0.4	Doua femei stand in fata unui autobuz turistic.	Doi barbati vorbind in fata unui avion.
1152	0.0	Un barbat conduce o motocicleta mare neagra.	Un copil sta pe un scaun mare din piele neagra.
1153	0.8	O bicicleta este parcata in afara unei librarii.	Oameni stau in afara unei librarii.
1154	3.8	Avion in mijlocul zborului la apus.	Un avion zburand aproape de apusul soarelui.
1155	3.4	Doua autobuze rosii parcate cu gradini in fata lor.	Autobuze rosii sunt parcate in fata unei cladiri mari albe langa o gradina formala.
1156	3.4	Un papagal galben se agata de marginea coliviei sale.	O pasare galben-portocalie se tine de marginea unei colivii.
1157	3.0	Cuplu navigand intr-o barca mica cu panze.	Doi barbati navigand intr-o barca mica cu panze.
1158	3.6	O motocicleta argintiu-albastra stand langa o masina.	O motocicleta parcata langa o masina.
1159	5.0	Autobuz rosu cu etaj.	Un autobuz rosu cu etaj.
1160	0.4	Picioare stand intr-o zi frumoasa cu o cladire mare in fundal.	Doi ofiteri de politie stand in spatele unei dube cu un autobuz in fundal.
1161	1.6	Un caine alb mic mesteca o crenguta in timp ce sta pe o punte de lemn.	Cainele alb sta pe podeaua de lemn de sub masa.
1162	4.4	Un barbat stand in fata unui tren argintiu.	Barbat stand in fata unui vagon argintiu.
1163	5.0	Un prim-plan al unei oi cu limba iesita afara.	O imagine in prim-plan a unei oi cu limba iesita afara.
1164	4.2	O vaca alb-neagra cu coarne stand pe un camp.	o vaca alb-neagra stand pe camp.
1165	4.0	Un barbat calarind un cal alb intr-o arena.	Un barbat calarind un cal alb.
1166	2.2	Un tren stand pe sine langa un camp.	Un tren calatorind pe sine.
1167	0.4	O femeie si un copil mic stand la o masa zambind la aparatul foto.	O pisica mica stand pe o grinda de lemn uitandu-se in sus catre aparatul foto.
1168	0.4	O statuie a lui Buddha sta pe o masa cu un ornament de masa din lemn.	O pasare stand pe un gard din lemn.
1169	0.0	Doua autobuze rosii conducand in fata unei gradini.	Tren intrand intr-o statie.
1170	3.8	Vaci pascand intr-un camp acoperit cu zapada.	Cinci vaci pascand intr-un camp acoperit cu zapada.
1171	1.8	Un barbat calarind un cal alb.	O femeie calarind un cal maro.
1172	3.2	Barbat cu camasa albastra stand in fata unei fantani.	Un barbat in camasa albastra si pantaloni cafenii sta in fata unei statui a unui barbat, care se afla intr-o piata pavata cu piatra cubica.
1173	4.0	O fata in echipament de calarie sta calare pe un cal maro.	O fata intr-o camasa rosie calareste un cal maro.
1174	4.2	Un scaun transparent din plastic in fata unui biblioteci.	un scaun transparent din plastic in fata rafturilor de carti.
1175	3.0	Un caine poarta o jacheta gri.	Un caine stand intr-o jacheta pentru animale de companie.
1176	4.0	O oaie sta pe marginea unui deal.	O oaie mare stand pe un deal.
1177	3.8	O vaca alb-neagra stand intr-un camp ierbos.	o vaca alb-neagra stand intr-un camp.
1178	1.0	O femeie intr-un sutien bikini negru si blugi.	O femeie cu o palarie neagra sta langa metrou.
1179	2.2	O fata calarind un cal maro.	Jocheul este imbracat in mov si calareste un cal maro.
1180	3.2	Barbat stand in fata unui corvette galben.	Un barbat sta langa o masina sport galbena.
1181	0.0	Un barbat stand pe iarba privind spre cer.	Barbatul sta pe trotuar in fata calului.
1182	2.8	Un barbat pozeaza in fata unei fantani mari cu o statuie deasupra.	Barbat cu camasa albastra stand in fata unei fantani.
1183	0.4	O pisica alba stand pe un covor.	O oaie stand intr-o padure.
1184	5.0	Un TV cu ecran plat pe podea.	Un TV cu ecran plat asezat pe podea.
1185	0.0	Doi cai maro stand intr-un camp ierbos.	Doi barbati navigand intr-o barca mica cu panze.
1186	1.4	Doua oi stau in pragul unei intrari.	Doi berbeci stau pe pamant inzapezit.
1187	4.0	Camera cu cateva monitoare de calculator.	O camera cu patru monitoare de calculator pe un rand.
1188	0.4	O coada in fata unei librarii pe o strada.	Motocicleta galbena este parcata pe strada.
1189	1.8	Un avion de pasageri cu reactie sta pe o pista de decolare.	Un avion de pasageri mare cu reactie zburand aproape de sol.
1190	0.4	Sticla veche verde asezata pe o masa.	Trei barbati in costume stand la o masa.
1191	3.0	Doi cai albi privind peste gard.	Doi cai stand intr-un tarc.
1192	0.0	Vacile alb-negre se opresc in fata portii.	Avionul alb zboara pe cer.
1193	4.0	O vaca alb-neagra stand intr-un camp ierbos.	O vaca alb-neagra cu coarne stand pe un camp.
1194	4.2	o fotografie alb-negru a unei pisici ce sta jos.	O imagine alb-neagra a unei pisici asezate pe un covor.
1195	4.2	Un barbat si o femeie stau, zambind pentru aparatul foto.	Un barbat si o femeie pozeaza pentru aparatul foto.
1196	3.0	O pisica alb-portocalie adormita pe un scaun din piele.	O pisica roscata stand pe un scaun de birou.
1197	1.6	O pisica alba stand pe un covor.	O pisica cu dungi albe cu capul atarnand peste masa.
1198	0.2	Pisoi de casa alb-gri culcat pe un birou.	Un barbat si bicicleta lui asezati pe iarba verde.
1199	0.0	O femeie pozand in fata unui bloc inzapezit.	Autobuzul alb parcat in iarba in fata cladirii.
1200	4.6	O tanara cu o bratara poarta un sutien bikini si blugi.	O femeie purtand blugi, un sutien bikini negru si o bratara.
1201	0.0	O masa si scaune sunt intr-o camera cu o imagine pe perete si un ventilator de tavan.	Un autobuz scolar mergand pe un drum cu copaci verzi si iarba pe fundal.
1202	3.4	Un barbat sta cu picioarele incrucisate pe un pat urmarind un televizor mic.	Un barbat sta pe un pat foarte aproape de un televizor mic.
1203	4.2	Farurile de la o masina albastra.	Prim-plan al farurilor unei masini albastre.
1204	2.4	Un tren de pasageri intrand intr-o statie.	Un tren de pasageri sta in statie.
1205	0.0	Un avion orientat catre aparatul foto.	O vaca sta singura in frigul curtii.
1206	3.2	O femeie calarind un cal maro.	O persoana imbracata in alb pe un cal maro.
1207	3.8	un jocheu calarind un cal.	Un jocheu care calareste un cal intr-un tarc.
1208	3.4	Cei doi caini se amesteca printre animalele de plus.	Doi caini stau pe o canapea cu multe animale de plus.
1209	4.0	Un tren circula pe sine.	Un tren circula pe sinele dintr-o zona rurala.
1210	4.4	Cineva stand pe un munte inzapezit, privind un avion.	Un barbat sta pe un munte, urmarind un avion.
1211	3.2	O pasare da din aripi in apa.	O pasare neagra mare sta in apa.
1212	3.2	O nava de croaziera acostata intr-un port.	O nava de croaziera a fost acostata pe o coasta.
1213	2.0	Un autobuz rosu cu etaj pe o strada aglomerata.	Un autobuz alb partial in zapada pe o strada publica.
1214	4.8	O femeie mangaie un caine intr-o zona ingradita.	O femeie mangaie un caine intr-o curte inchisa.
1215	2.2	O pisica alb-neagra jucandu-se cu o patura.	O pisica alb-neagra intra intr-un cos de paie.
1216	3.2	Un barbat pe o bicicleta de munte coborand pe o panta.	Acesta este un barbat ce merge cu o bicicleta de munte peste stanci intr-o zi senina.
1217	3.8	O pisica se sprjina pe un scaun de birou.	O pisica roscata stand pe un scaun de birou.
1218	2.6	Un grup de cai pascand pe un camp.	Un cal brun pascand intr-un camp cu iarba verde.
1219	0.0	Un grup de oameni band ceva.	Un sir de locomotive pe o linie secundara de cale ferata dintr-un camp.
1220	0.0	Doi caini intr-o cusca ingradita privesc inainte.	Doua femei pozeaza intr-o sufragerie cu un bebelus.
1221	3.4	Trei oi pe un drum de pamant vazute dintr-un vehicul de calatori.	Trei oi in mijlocul unui drum cu pietris.
1222	1.0	Un avion galben cu albastru zboara pe cer.	Noua aeronave alb-rosii zburand in formatie lasand in urma fum.
1223	4.0	Trenul sta la gara.	Trenul albastru este la gara.
1224	0.0	Un tren stand pe sine aproape de un camp.	Un bebeluS sta in iarba.
1225	4.4	Autobuz rosu cu etaj luand pasageri.	Un autobuz rosu cu etaj preia mai multi pasageri intr-un oras.
1226	0.0	Doi baieti stau pe o canapea tinand beri cu o fata intinsa pe genunchii lor.	Doua femei cu biciclete uitandu-se pe strada pentru a vedea cand pot traversa.
1227	2.8	Doua femei in bucatarie privind un obiect.	Doua femei in bucatarie cu una din ele facand o poza.
1228	2.8	Un cal de cursa galopand fara calaret.	Un cal galopand in timp ce poarta numarul 4.
1229	0.8	Un tren cu aburi se deplaseaza spre aparatul foto.	O pasare de prada mare zburand spre aparatul foto.
1230	4.2	O fotografie alb-negru a unei sticle de Coca Cola.	Aceasta este o imagine alb-negru a unei sticle mici de Coca-Cola.
1231	3.2	O pasare mica cocotata pe o ramura inghetata.	O pasare galbena cocotata pe o ramura.
1232	3.2	Baiat cu ochelari tastand la un calculator.	Un baiat uitandu-se la un monitor de calculator.
1233	3.2	Un camion rosu isi invarte anvelopele in timp ce unul negru paraseste cadrul.	Camion rosu invartind-usi anvelopele si emitand fum din spate.
1234	2.4	O sufragerie cu masa, scaun si canapea alaturi de un palmier mare.	O sufragerie cu o canapea albastra, pat de tabara, banca din lemn si dulap.
1235	3.4	O femeie zambitoare tinand un bebelus mic.	o femeie asezata pe o canapea tinand un bebelus.
1236	0.0	O benzinarie Esso cu copaci in fundal.	Doi ofiteri de politie stand in spatele unei dube cu un autobuz in fundal.
1237	4.2	Patru avioane albastre cu galben zburand peste patru barci.	Patru avioane albastre cu galben in zbor.
1238	0.0	Un cal stand langa o poarta cu un alt cal in fundal.	Un grup de barje cu copaci in fundal.
1239	2.4	Trei sticle sunt pe o masa.	Sticla verde veche asezata pe o masa.
1240	1.4	O locomotiva cu abur coboara pe o calea ferata aproape de copaci.	Un tren este intr-o gara.
1241	4.2	Un tren este intr-o gara.	Un tren parcat intr-o gara.
1242	0.4	o femeie asezata pe o canapea tinand un bebelus.	Pasare stand pe un bustean intr-un lac.
1243	3.6	Doua pasari zburand spre alimentatorul de apa.	Doua pasari zburand langa hranitoare pentru pasari.
1244	1.6	Doua vaci stand intr-un camp mare.	Cal stand intr-un camp.
1245	4.0	Un grup de oi pascand pe un deal.	Un grup de oi se afla pe un deal.
1246	2.0	Un barbat sta in fata unui tren.	Un barbat stand in fata unei statui ridicate.
1247	4.4	Doua femei pozeaza pentru aparatul foto si fac gestul de deget mare ridicat.	Doua tinere zambitoare facand gestul de deget mare ridicat.
1248	4.8	O femeie tine un copil mic in timp ce sta pe o canapea.	o femeie asezata pe o canapea tinand un bebelus.
1249	4.0	Un autobuz United rosu cu etaj pe o strada a orasului.	Un autobuz rosu cu etaj mergand pe drum.
1250	1.0	Doua femei stand pe o canapea maro.	Doua femei stand in afara unui autobuz.
1251	3.2	O pisica cenusie cu ochii verzi uitandu-se in aparatul foto.	O pisica alba cu gri si negru privind la aparatul foto.
1252	0.0	Pasarea sta pe ramura.	Oaia sta sub copaci.
1253	3.8	Grup de oameni stand la o masa dintr-un restaurant.	Doi oameni stand la o masa dintr-un restaurant.
1254	2.4	O vaca alb-neagra sta pe iarba sub un cer albastru partial innorat.	Doua vaci alb-negre in spatele unei porti metalice sub unu cer albastru partial innorat.
1255	3.2	Un tip pe un cal alb.	Un barbat calarind un cal alb intr-o arena.
1256	4.6	Doua vaci de lapte band dintr-un iaz.	Doua vaci beau dintr-un iaz.
1257	2.4	Sunt cateva oi tunse intr-un tarc.	Trei oi albe intr-un tarc.
1258	5.0	Cainele negru sta intins in iarba.	Un caine negru sta pe iarba.
1259	4.2	Doi tineri stau la o masa langa o usa glisanta, cu o persoana aratand cu degetul spre cealalta.	Doi oameni stau fata in fata la o masa in timp ce unul arata cu degetul spre celalalt.
1260	2.2	Un barbat si o femeie tinandu-se de mana mergand de-a lungul plajei.	Un barbat cu barba si palarie si un baiat merg pe malul oceanului.
1261	1.2	Zece oi privind aparatul foto.	O pisica ce sta pe spate uitandu-se la aparatul foto.
1262	1.4	Un caine alb-negru privind aparatul foto.	O capra alb-neagra mica intr-un tarc privind aparatul foto.
1263	0.0	O masa neagra cu un scaun pufos alb.	O femeie cu copilul ei.
1264	2.2	Autobuz rosu cu etaj luand pasageri.	Un autobuz rosu cu etaj mergand pe o strada.
1265	3.4	Barca cu panze navigand pe apa.	Barca cu panze navigand intr-o zi innorata.
1266	4.2	O pasare albastra sta pe mana inmanusata a unei persoane.	O pasare este cocotata pe mana inmanusata a unei persoane.
1267	3.6	O fata calarind un cal alb-maro.	O fata calarind un cal maro.
1268	1.0	Un tren aproape tot negru pe o cale ferata.	O masina parcata in fata sinelor de tren.
1269	0.0	Un baiat tanar colorand cu un creion ros-albastru.	O blonda tanara in echipament de calarie sta deasupra unui cal alb cu gri.
1270	0.8	Un grup de oameni intr-o sufragerie.	Un grup de patru oameni trecand pe langa o ciuperca gigantica.
1271	0.0	O rata salbatica si o rata domestica alba pe iarba langa apa.	Un copil mic intr-o rochie roz sta pe o masa.
1272	0.0	Pisica sta intre doua biciclete in fata unei usi.	Un cal stand pe un camp in fata unui gard.
1273	0.0	O fata cu o geanta rosie stand pe strada.	Un caine negru se holbeaza la oaie.
1274	3.4	Un calaret calarind un cal alb.	O femeie conducand un cal alb.
1275	4.2	Un tren lung este pe sinele de tren.	Un tren pe sinele de tren.
1276	3.0	Un caine negru-cafeniu priveste o oaie neagra.	Un caine negru privind o oaie maro intr-un tarc.
1277	2.8	O camera cu cateva calculatoare si imagini pe perete.	Un birou cu trei monitoare de calculatoare si alte echipamente pe un birou.
1278	1.0	O fotografie alb-negru a unei vaci plimbandu-se pe sub un copac intr-un camp.	Un caine alb-negru uitandu-se la aparatul foto.
1279	4.2	Un AreoMexico Jet Liner argintiu stand pe pista.	Un avion argintiu aeromexico este pe o pista de decolare.
1280	3.4	un barbat pe o motocicleta de teren sarind foarte sus.	Un barbat pe o motocicleta sarind cu cerul in spatele lui.
1281	4.2	Doi oameni navigand pe o barca mica cu panze albe.	Cuplu navigand intr-o barca cu panze mici.
1282	0.8	Un avion alb este parcat pe ciment.	O motocicleta albastra este parcata pe trotuar.
1283	0.8	Trei vaci care pasc pe un camp.	Cateva oi pascand intr-un camp.
1284	4.8	Barbatul sta la o masa dezordonata si foloseste un laptop.	Un barbat sta uitandu-se la un laptop pe o masa dezordonata.
1285	3.0	O masa cu lumanari, vin si un ceainic.	O masa de lemn este aranjata cu lumanari, vin si un castron de plastic violet.
1286	3.2	Doi oameni vaslind la o canoe rosie sunt reflectati in apa linistita.	Doua persoane intr-o canoe rosie pe un lac limpede.
1287	3.8	O femeie imbracata sumar sta langa o masina.	O femeie imbracata sumar stand langa un vehicul mic rosu.
1288	2.2	Autobuz rosu cu etaj luand pasageri.	Autobuz rosu cu etaj cu capota sus.
1289	0.0	O statuie a lui Buddha tinand o lumanare sta pe o masa.	Un barbat pescuind pe o barca mica in timp ce se afla pe un lac.
1290	2.0	Trei persoane stand la o masa zambind la aparatul foto.	Doua femei batrane stau la o masa cu un barbat.
1291	2.8	Un tren multicolor pe o cale ferata.	Un tren aproape tot negru pe o cale ferata.
1292	2.2	Un autobuz alb-rosu mergand pe strada.	Autobuzul rosu este pe strada.
1293	3.2	Un avion ros-albastru zburand cu trenul de aterizare coborat.	Un avion de lupta din Al Doilea Razboi Mondial cu trenul de aterizare coborat.
1294	3.0	O barca mica coborand pe un parau.	o barca miscandu-se intr-un rau.
1295	3.0	Patru femei si doi barbati stau la o masa lunga intr-un restaurant.	Un grup de oameni stau la o masa intr-un restaurant italian.
1296	0.0	Doua capre stand intr-un camp langa un copac.	O barca mare tragand o barca mica alba.
1297	3.0	O fotografie alb-negru a unei camere de zi cu o fereastra mare, o canapea si un scaun.	O scena alb-neagra a unei camere bine mobilate, cu vedere spre o padure.
1298	3.6	Un prim-plan al unui cal maro cu un capastru albastru.	Un prim-plan al unui cal purtand un capastru albastru.
1299	2.6	O pasare neagra mare sta in apa.	Pasarile inoata in apa.
1300	3.4	Un prim-plan al unei pisici pe o canapea crem.	O pisica siameza sprijinita pe o canapea alba.
1301	2.25	O persoana sare cu bicicleta si efectueaza un truc.	O persoana mergand cu o motocileta de teren in aer liber.
1302	4.0	Un autobuz scolar galben este parcat intr-o zona rurala.	Un autobuz scolar galben parcat pe un camp.
1303	3.2	Un caine pug sta pe un scaun galben langa un tomberon verde.	Un bulldog asezat pe un scaun galben langa un recipient mare de deseuri.
1304	0.0	Femeia sta pe motocicleta rosie.	Oaia alba sta pe dealul verde.
1305	4.2	O oaie stand pe o masa la licitatie.	Oaia lanoasa la casa de licitatii.
1306	0.0	Un prim-plan al unei locomotive negre.	Prim-plan al unei oi albe cu un cap negru.
1307	4.0	O pisica alb-portocalie adormita pe un scaun din piele.	O pisica alb-portocalie stand pe o patura intr-un scaun din piele neagra.
1308	3.0	un tren merge pe sinele sale.	Trenul vine pe calea ferata intre doua randuri de copaci.
1309	3.8	Vaca alb-neagra stand pe campul ierbos.	O vaca alb-neagra cu coarne stand pe un camp.
1310	4.0	Un autobuz rosu United cu etaj pe o strada a orasului.	Un autobuz cu etaj merge pe o strada a orasului.
1311	2.6	Televizorul si biroul camerei de hotel cu iluminare la lampa.	Un televizor si un laptop sunt pornite in camera de hotel.
1312	2.8	Un barbat mergand cu o bicicleta mica.	Un barbat se ridica pe o roata pe o bicicleta.
1313	0.4	O femeie purtand o rochie bleumarin taie un tort pe o masa alba.	O persoana purtand casca sta pe bicicleta intr-o zi insorita.
1314	4.0	Un tren negru se deplaseaza pe caile ferate.	Un tren mergand pe caile ferate.
1315	1.0	O pictura in prim-plan a unei motociclete albe cu violet.	o pictura in prim-plan a unui birou cu un calculator si hartii pe el.
1316	3.8	O fata tanara calarind un cal maro.	O femeie calareste un cal maro.
1317	0.0	Doua femei in bucatarie privind un obiect.	Trei barbati in costume stand la o masa.
1318	2.2	Doua femei pozandu-se cu un bebelus.	O femeie pozeaza cu un bebelus.
1319	2.8	Un grup de oameni stand in jurul unei mese cu mancare.	Patru oameni stau intr-o sufragerie cu gustari.
1320	4.0	O motocicleta albastra este parcata pe trotuar.	Un moped albastru parcat pe trotuar.
1321	4.8	Un autobuz rosu cu etaj pe o strada a orasului.	Un autobuz rosu cu etaj mergand pe o strada.
1322	2.4	Doua trenuri in interiorul unei gari.	Trenul sta in gara.
1323	2.2	Un barbat calarind un cal alb.	O femeie cu un cal alb.
1324	2.2	Un barbat si doua femei zambind la aparatul foto in timp ce stau pe o canapea albastra.	Un barbat si o femeie zambind la aparatul foto in timp ce stau intr-o bucatarie.
1325	3.4	O nava de croaziera mare in port cu copaci in spate.	O nava de croaziera acostata pe o coasta.
1326	3.8	Doua vaci traversand o intersectie rutiera.	Doua vaci traverseaza o strada pavata.
1327	4.0	Cateva vaci pascand pe mijlocul unui drum.	Cinci vaci pascand pe un petic de iarba intre doua drumuri.
1328	4.2	O vaca neagra si o vaca maro stau intr-o campie in fata unui copac dezradacinat.	O vaca neagra si o vaca maro stand in fata unei mici dumbravi de copaci intr-un camp.
1329	3.6	Autobuz rosu cu etaj mergand pe strada.	Un autobuz cu etaj pe o strada a orasului.
1330	1.2	Vaca cafenie cu urechi etichetate pe un camp ierbos.	Persoana intr-un camp ierbos ingrijind oi.
1331	1.2	Un prim-plan a partii din fata a unei motociclete albe cu violet.	Prim-plan al partii din spate a unei masini de sport rosie.
1332	4.6	Doua femei cumparand de la un magazin de haine.	Doua femei intr-un magazin de haine.
1333	4.6	Un grup de oameni stand la o masa de restaurant.	Grup de oameni stand la o masa dintr-un restaurantului.
1334	0.0	Un prim-plan al unui cap de cal maro.	Un prim-plan al unui autobuz scolar galben.
1335	0.0	O persoana cu o sapca rosie stand langa o grinda de sustinere din caramida.	Un cal maro sta pe iarba si tufe.
1336	2.6	Un manz merge pe langa mama sa intr-un camp ierbos.	Prim-plan al uniui cal tanar plimbandu-se pe langa un cal mai mare.
1337	3.8	O femeie stand langa o vaca maro.	O femeie cu ochelari sta langa o vaca pe un camp.
1338	3.6	Un caine arunca o privire din spatele unui camion.	Un caine arunca o privire din spatele unei dubite.
1339	3.8	Femeie imbracata in rochie albastra taind mancare.	O femeie in rochie albastra taie un tort.
1340	3.6	Pisica alb-neagra se uita in sus spre aparatul foto.	O pisica alba cu negru si gri privind la aparatul foto.
1341	3.2	Doua fete brunete stau pe o motocicleta rosie cu galben cu o masina langa ele.	Un cuplu pozand pe o motocicleta galbena cu rosu.
1342	3.6	O mica pisica alba stand intr-o chiuveta.	Pisica gri cu ala stand in chiuveta din baie.
1343	3.6	Un barbat pe bancheta din spate a unei biciclete tandem rosii.	Un barbat este singur pe spatele unei biciclete tandem.
1344	4.0	Un calculator pe un birou.	Un calculator functionand pe un birou.
1345	1.6	Un copil mic zambind la aparatul foto.	Un copil mic sta pe un perete de ciment langa o floare alba.
1346	2.4	O pasare mica plutind in apa.	O rata plutind in apa.
1347	3.8	Un autobuz alb cu cuvantul Julia este aproape de apa si o nava mare.	Un autobuz alb cu apa si o barja in fundal
1348	2.6	Tren vechi alb-albastru pe sine.	Un tren albastru intr-o zona muntoasa.
1349	4.0	Barca galbena pe o plaja.	O barca galbena pe tarm.
1350	3.4	O bucatarie cu hartii asezate pe masa cu fata albastra de masa.	O bucatarie mica si o masa dezordonata cu o fata de masa albastra.
1351	3.8	Tren intr-o gara.	Trenuri in interiorul unei statii acoperite.
1352	4.0	O pisica cenusie sta pe bordura ferestrei privind aparatul foto.	Pisica sta pe pragul ferestrei privind aparatul foto.
1353	0.0	Barbat cantand la chitara in timp ce sta jos.	Autobuz alb-rosu mergand pe drum.
1354	4.2	Autobuz rosu cu etaj, mergand pe o strada.	Un autobuz cu etaj pe o strada a orasului.
1355	4.6	Trei vaci pasc intr-un camp ierbos.	Trei vaci pascand intr-un camp.
1356	2.25	Trenul maro sta pe sinele de cale ferata.	Trenul alb sta pe sine.
1357	0.4	O vaca alb-neagra cu coarne stand pe un camp.	O fotografie alb-negru a unei pisici stand pe o canapea.
1358	1.6	O fata mica blonda intr-o rochie albastra sta pe o masa langa mama ei.	O fata tanara blonda purtand o casca sta cu o bicicleta rosie in spatele ei.
1359	2.6	Un grup de oameni stand la o masa de restaurant.	Un grup de oameni stand in jurul unei mese pe o veranda.
1360	0.4	O vaca alb-neagra intr-un tarc cu fan.	O pisica alb-neagra sta pe pamant.
1361	3.2	Un autobuz rosu cu etaj.	Partea din fata si partea stanga a unui autobuz rosu cu etaj.
1362	3.2	O vedere de aproape a unui cap de cal.	O vedere laterala a unui cap de cal.
1363	3.2	O nava din lemn demodata in ocean.	Un iaht de lemn pe ocean.
1364	4.4	O oaie stand intr-o zona muntoasa.	O oaie mare stand pe un deal.
1365	4.8	Un avion alb pe pista de decolare.	Un avion alb este pe o pista de decolare.
1366	4.4	Un catel cafeniu fiind mangaiat.	Un catelus cafeniu tinut si mangaiat.
1367	3.8	Sala de mese eleganta cu mobilier din lemn.	O sala de mese eleganta roz cu mobilier din lemn.
1368	2.0	O femeie stand intinsa peste doi barbati ce stau pe o canapea.	Doi barbati in pantaloni scurti stau pe o canapea.
1369	3.6	doua motociclete pe o pista de pamant.	Doi motociclisti de teren mergand pe dealul de pamant.
1370	2.2	Pisica alb-neagra se uita in sus spre aparatul foto.	Un caine alb-negru privind aparatul foto.
1371	5.0	O pisica gri cu ochii verzi priveste aparatul foto.	O pisica cenusie cu ochii verzi uitandu-se in aparatul foto.
1372	0.2	Doi miei stau pe un deal ierbos.	Doi motociclisti de teren mergand pe dealul de pamant.
1373	3.0	Un barbat in alb cu o sticla de vin si o femeie in helanca rosie cu o vesta alba.	Un barbat si o femeie pozand pe un camp cu o sticla de vin.
1374	1.8	O vaca sta singura in frigul curtii.	o vaca alb-neagra stand pe camp.
1375	3.6	Un autobuz cu etaj merge pe o strada.	Un autobuz rosu cu etaj mergand pe o strada.
1376	1.8	Pisica alb-neagra mare sprijinindu-se pe un pervaz.	O pisica mica alba stand intr-o chiuveta.
1377	4.2	Baiat hranind o oaie.	Un baiat hranind o oaie cu fan.
1378	0.0	O fata intr-un desktop negru tine o cutie deschisa de fulgi de porumb si o cutie de lapte.	O fata purtand pantaloni scurti negri si cizme sta langa o motocicleta albastra.
1379	0.8	un prim-plan al unui cactus mic intr-un ghiveci.	un prim-plan al unei femei tinand un catelus alb.
1380	4.0	Oaia alba sta pe dealul verde.	O oaie sta pe marginea unui deal.
1381	0.0	O pasare alb-neagra pe un corp de apa cu iarba in fundal.	Un autobuz este pe o sosea cu o roata carusel in fundal.
1382	0.0	O bicicleta din lemn cu o prelata.	Un grup de oameni batrani stand in jurul unei mese.
1383	4.5	O fotografie alb-negru a unui gard din lemn darapanata.	O fotografie alb-negru a unui gard vechi din lemn langa o strada murdara.
1384	2.6	Doi cai maro stand intr-o pajiste verde.	Un cal maro sta in iarba inalta.
1385	1.6	Doi barbati purtand casti pentru biciclete.	Doi barbati stau cu bicicletele in afara unui magazin.
1386	3.4	Un barbat jucandu-se un joc video intr-un magazin.	Barbat jucandu-se un joc intr-un magazin.
1387	3.6	Un grup de oameni stand in jurul unei mese pe o veranda.	Un grup de oameni stand in jurul unei mese cu mancare pe ea.
1388	0.0	O tanara purtand o casca de bicicleta cu o bicicleta in fundal.	O femeie tine un caine mic cu o lesa avand scaune in fundal.
1389	5.0	partea din spate a unui indicator rutier de oprire cu multe stickere pe el.	Spatele indicatorului rutirer de oprire este impodobit cu stickere.
1390	4.0	O bicicleta este parcata in afara unei librarii.	O bicicleta verde parcata in afara unei librarii.
1391	4.4	un autobuz turistic maroniu cu etaj dublu pe o strada cu o roata carusel in spatele lui.	Un autobuz cu doua etaje deplasandu-se in fata unei roti de feribot.
1392	0.6	Un scaun alb-negru asezat in fata unui perete de caramida si o fereastra cu o planta de bambus intr-o vaza.	O oaie cu cap negru acoperita cu lana alba groasa sta intr-o pasune cu alte oi.
1393	3.6	Un barbat intr-o uniforma neagra pe un cal alb.	Un barbat in smoching pe un cal alb.
1394	4.0	Doua femei stau intr-o sufragerie cu un caine negru.	Doua femei stand in picioare intr-o sufragerie cu un caine negru privind spre camera.
1395	3.2	Doi oameni vaslind la o canoe rosie sunt reflectati in apa linistita.	Doi oameni vaslind intr-o canoe rosie cu copaci in fundal.
1396	4.0	O vedere in prim-plan al farurilor unei masini albastre de moda veche.	Prim-plan al farurilor unei masini albastre.
1397	2.4	Masini mergand pe langa un model de cladire.	Vehicule conducand in fata unei cladiri ornamentate.
1398	2.6	Un avion albastru cu portocaliu zburand cu trenul de aterizare coborat.	Un avion ros-albastru zburand cu trenul de aterizare coborat.
1399	4.0	O pisica alb-neagra intinsa pe o patura.	O pisica alb-neagra doarme pe o patura violet.
1400	0.2	O cladire cu un indicator temporar la intrarea din parcare.	Drum cu imaginea din spate a farurilor din spate ale unui autobuz.
1401	3.4	Un grup de oameni stand in jurul unei mese cu mancare.	Un grup de oameni stand in jurul unei mese pe o veranda.
1402	3.2	Un barbat si femei stand pe o canapea tinand un bebelus mic.	o femeie asezata pe o canapea tinand un bebelus.
1403	3.0	O pisica alb-neagra intinsa pe o patura.	O pisica alb-neagra dormind pe o parte pe o patura mov.
1404	1.8	O fotografie alb-negru a unei canapele cu doua locuri.	O fotografie alb-negru a unei biciclete.
1405	4.2	O sufragerie cu o masa in fundal.	Vedere a unei sufragerii cu o sala de mese in fundal.
1406	4.25	Un tren rosu cu gri trece printr-un tunel.	Un tren rosu cu gri strabate un tunel printre copaci.
1407	4.2	Autobuz rosu cu etaj cu capota deschisa.	Un autobuz vechi cu etaj Red London cu capota ridicata.
1408	1.8	Un barbat calarind un cal alb.	O femeie conducand un cal alb.
1409	3.8	Vedere a unei sufragerii cu o sala de mese in fundal.	O sufragerie cu canapele mari si o masa in fundal.
1410	0.8	Un pisoi portocaliu asezat pe o canapea de piele.	Cuplu tanar stand pe o canapea neagra.
1411	3.0	O persoana purtand o casca de bicicleta vorbeste pe un telefon mobil.	O persoana purtand o casca merge cu o bicicleta pe langa o cladire alba.
1412	3.6	Un tren de metrou intrand in gara.	Un tren alb intrand intr-o gara.
1413	3.8	O bicicleta este parcata langa un magazin.	O bicicleta verde parcata in afara unei librarii.
1414	0.0	Doi barbati stand pe plaja.	Doua femei stand in fata unui autobuz turistic.
1415	1.4	Caine cu parul lung negru stand intr-un camp ierbos.	O gaita albastra stand intr-un camp ierbos.
1416	0.2	Un birou mic cu scaun langa un dulap pentru rufe.	O camera cu pereti cafenii si o masina de spalat si uscator.
1417	4.6	Autobuz rosu cu etaj mergand printre strazi.	Autobuz rosu cu etaj mergand pe o strada.
1418	3.0	O gasca agitandu-si aripile intr-un corp de apa.	O lebada neagra agitandu-si aripile pe apa.
1419	4.4	Baiat stand pe o canapea cu caine.	Baiatul sta pe o canapea cu un catelus.
1420	5.0	O imagine alb-negru a unei pisici asezate pe un covor.	Imagine alb-negru a unei pisici asezate pe un covor.
1421	3.6	Un avion mare cu reactie pe pamant la aeroport.	Un avion mare parcat la aeroport in timpul noptii.
1422	0.0	Doua femei stau intr-o cafenea.	Doi barbati prinzand un peste intr-o mlastina.
1423	4.0	Opt sticle de lager Harp aliniate pe podea.	Opt sticle de bere Harp aliniate pe o podea din lemn.
1424	1.4	Un copil mic zambind la aparatul foto.	O pisica uitandu-se la aparatul foto.
1425	2.6	O femeie calarind un cal maro.	Persoana imbracata in albastru calarind un cal maro.
1426	3.2	fotografie a unui ecran de televizor aratand un film.	Televizorul cu ecran plat montat pe perete arata un film.
1427	4.2	O pasare cocotata pe un ghiveci de flori.	Pasare cocotata pe un ghiveci langa un perete cu stuc.
1428	3.4	Pisica alba stand in interiorul unei chiuvete.	Pisica alb-gri stand in chiuveta din baie.
1429	4.4	Femeie tanara in echipament de calarie pe un cal.	Fata tanara in echipament de calarie pe un cal.
1430	3.8	Doi oameni navigheaza pe o barca mica.	Doua femei intr-o barca cu panze.
1431	3.0	O pasare mica pe o ramura minuscula.	O pasare mica cocotata pe o ramura inghetata.
1432	1.6	Doua animale stand pe o stanca.	Doi vulturi asezati pe o ramura lunga.
1433	4.2	Doua pisici stau pe spatele unei canapele privind pe fereastra.	Doua pisici stau pe spatele unei canapele si privesc pe fereastra intr-o fotografie de mare.
1434	4.4	Doua tinere tund o oaie.	Doua femei tunzand o oaie.
1435	3.8	Tanarul calaret face o plimbare pe calul maro.	O tanara calareata pe un cal maro.
1436	3.0	Sase oameni sunt asezati la o masa de restaurant si privesc aparatul foto.	Un grup de oameni stand la o masa de restaurant.
1437	3.8	Miel mic alb cu nasul pe lemn.	Un miel alb cu nasul sprijinit de o cutie de lemn.
1438	4.6	O fata tanara calarind un cal alb-cenusiu.	o fetita calareste un cal alb-gri.
1439	3.2	Un caine negru sta langa materialele de pe un santier.	Un caine negru stand intr-o camera in constructie.
1440	3.6	O pasare isi agita aripile in apa.	O lebada neagra agitandu-si aripile pe apa.
1441	3.75	O pisica alb-neagra intinsa pe o patura.	O pisica alb-neagra stand pe un pat de pisici.
1442	3.8	Femeie tanara in echipament de calarie pe un cal.	Femeia calareste calul maro.
1443	3.4	Un avion in curs de pregatire pentru decolare.	Un mic avion turbopropulsor fiind incarcat pe pista.
1444	0.0	O canapea alba din piele cu o poseta si o patura aruncate pe ea.	Un televizor cu o emisiune in derulare.
1445	4.2	O bucatarie cu dulapuri si mobilier din lemn.	Bucatarie cu masa din lemn si dulapuri.
1446	0.8	Pisica ataca o matura de paie din porumb.	Pisica alb-gri stand in chiuveta din baie.
1447	4.2	Un cuplu tine un copil.	Cuplu cu bebelus nou-nascut.
1448	4.25	O pasare mica mancand de la un hranitor.	Pasare mancand dintr-un hranitor pentru pasari.
1449	4.0	Prim-plan al unei oi albe cu un cap negru.	Un prim-plan al unei oi cu un cap negru.
1450	5.0	Un baiat tanar asezat pe o canapea cu un caine.	Un baiat mic asezat pe o canapea cu un caine.
1451	3.2	O pasare rosie este cocotata intr-un copac.	O pasare mica, rosu cu gri cocotata intr-un copac.
1452	0.4	Doua autobuze parcate pe o strada.	Scuter galben parcat intr-o alee.
1453	1.0	Un caine alb-negru privind aparatul foto.	O pisica alba cu gri si negru privind la aparatul foto.
1454	4.8	Un tren este pe caile ferate.	Un tren pe sinele de tren.
1455	3.0	Locomotiva mare argintie intr-o magazie.	Un prim-plan al unei locomotive argintii cu banda rosie.
1456	2.6	O femeie stand la o masa band cu o poza a unei mingi de baschet in fundal.	O femeie intr-un sari bea ceva in timp ce sta la o masa.
1457	3.0	O locomotiva cu abur verde calatorind pe caile ferate.	Un tren negru cu aburi mergand pe caile ferate.
1458	4.0	O mica masina rosie inaintea unei semi-remorci.	Masina sport rosie deasupra unei semi-remorci albe.
1459	3.4	Barbatul pozeaza pentru o fotografie in fata trenului.	Un barbat sta pe un peron in fata unui tren argintiu.
1460	3.4	Un biciclist in negru pe o bicicleta de curse neagra cu rosu.	Un ciclist in salopeta alb-neagra trecand cu viteza pe langa spectatori.
1461	3.8	O chiuveta de bucatarie si o tejghea cu boluri pe rafturi.	O bucatarie mica, cu obiecte asezate pe rafturi si pe tejghea.
1462	3.2	Un televizor intr-o camera dezordonata cu mai multe biblioteci.	O camera cu un televizor, casetofon si raft de carti.
1463	2.8	O pisica alb-neagra dormind pe o parte pe o patura mov.	O pisica alb-neagra asezata pe pamant la soare.
1464	3.8	O femeie mergand cu bicicleta pe o zona mare de beton.	O femeie mergand cu o bicicleta montana pe o zona mare de beton.
1465	2.8	Doua vaci stand intr-un camp mare.	Vaca paste intr-un camp.
1466	3.4	Un barbat chel atinge nasul unui cal negru de cealalta parte a unui gard.	Un barbat chel cu barba mangaie nasul unui cal alb-negru la gard.
1467	4.0	Un barbat sta langa o masina galbena sport.	Un barbat sta langa un Corvette galben.
1468	3.2	o fotografie alb-negru cu vaci in grajdurile lor.	O fotografie alb-negru a vitelor la un jgheab.
1469	4.2	Autobuz cu etaj cu roata carusel Ochiul Londrei in fundal.	un autobuz turistic maro cu etaj pe o strada cu o roata carusel in spatele lui.
1470	0.6	O pasare neagra cu galben mananca dintr-o hranitoare pentru pasari.	Un stol de pasari zburand peste un corp de apa.
1471	3.8	Un barbat sta in fata unui tren.	Un barbat sta pe un peron in fata unui tren argintiu.
1472	4.6	Un avion mic parcat pe un aerodrom cu un cer innorat deasupra.	Un avion mic alb parcat intr-un aeroport intr-o zi innorata.
1473	3.4	O barca se afla pe apa aproape de un avion mic.	O barca este in apa si un avion mic este in port.
1474	0.6	Un barbat calarind un cal alb intr-o arena.	Un animal domestic sta intr-un tarc.
1475	4.2	Un calculator Macintosh asezat pe podea.	un calculator pe podea.
1476	0.4	O pisica alb-neagra sta pe un scaun maro privind in sus.	Un caine stand pe un scaun galben langa un tomberon verde.
1477	2.8	oaie stand intr-un camp.	Un caine mare sta langa o oaie intr-un camp.
1478	3.4	Grup de persoane in varsta stand in jurul unei mese.	Un grup de persoane in varsta pozeaza in jurul unei mese.
1479	2.8	Trei femei cu parul maro zambesc.	Trei femei in rochii indiene intr-o camera aglomerata zambind.
1480	1.6	O fotografie alb-negru a unei gari goale.	O fotografie alb-negru a unei pisici stand pe o canapea.
1481	0.0	Doi caini intr-o cusca ingradita privesc inainte.	Doua fete pe un tip pozand pe prova unei barci.
1482	0.6	O vaca alb-neagra uitandu-se prin gard.	O pisica alb-neagra asezata pe pamant la soare.
1483	1.8	Cativa oameni pe motociclete intr-o piata.	Oamenii merg cu mopedele intr-un cadru urban.
1484	1.8	Un prim-plan al unei oi in iarba.	Un prim-plan al unui miel cu urechea etichetata, stand pe iarba.
1485	2.0	Pisica domestica stand pe spate pe cutia pentru pisici.	Pisica domestica cafenie sub prelata neagra.
1486	3.2	Doua pasari verzi zboara spre un stalp telefonic din lemn.	Doua pasari verzi zburand deasupra cablurilor de telefon.
1487	3.0	O persoana stand pe o motocicleta in timp ce un barbat asteapta.	Un barbat sta langa un barbat cu casca pe o motocicleta intr-o parcare goala.
1488	2.6	Trei vaci pascand intr-un camp.	Doua vaci pasc intr-un camp.
1489	4.4	O pasare albastra cocotata pe o mana inmanusata.	O pasare este cocotata pe mana inmanusata a unei persoane.
1490	4.0	Un bebelus tine un pachet de ketchup.	Un bebelus intr-un scaun inalt tine un pachet de ketchup.
1491	4.2	O vedere de aproape a unui cap de cal.	Un prim-plan al unui cap de cal maro.
1492	5.0	Un tren este intr-o gara.	un tren intr-o gara.
1493	3.6	Un cal maro inchis stand intr-un camp.	Cal stand intr-un camp.
1494	0.8	O pisica mica stand pe o grinda de lemn privind in sus la aparatul foto.	Cainele mic poarta un pulover si se uita in sus la aparatul foto.
1495	2.5	Pasarea neagra sta pe pamant.	Pasarea sta pe ramura.
1496	2.0	O mica pasare maro mananca dintr-un hranitor pentru pasari atarnand intr-un copac.	O pasare mica rosie cu gri cocotata intr-un copac.
1497	4.4	O pereche de caini jucandu-se cu o minge mov.	Doi caini se joaca cu o minge de fotbal mov.
1498	0.6	o pasare aterizeaza in apa.	o barca pluteste in apa.
1499	4.6	Trei copii stau pe sau langa un gard.	Cei trei copii stau pe si langa un gard.
1500	4.8	Un caine negru iese din apa cu o bila alba in gura.	un caine negru iesind din apa cu o minge alba in gura.
1501	0.4	O fata intr-o camasa mov si bentita roz pozand.	O fata tanara purtand o palarie si blugi albastri este intr-un leagan.
1502	0.0	Un caine maro sapand o gaura in fata unei plante	Un grup de oameni mergand pe marginea unei cai ferate.
1503	4.6	Cainele alb-maro inoata intr-o piscina.	Un caine alb-maro inoata intr-o piscina din curtea din spate.
1504	0.0	Un baiat intr-o sanie rosie coboara pe deal.	Un caine multicolor cu o zgarda rosie se piteste in iarba.
1505	4.0	Un caine negru cu maro alearga prin padure.	Un caine alerand prin padure.
1506	4.4	Cei doi caini alearga pe iarba.	Doi caini se joaca in iarba.
1507	0.6	O fata tanara arata semnul pacii.	O fetita se tine de un stalp pe o strada din oras.
1508	0.6	Un barbat se leagana pe o margine a unei prapastii deasupra apei.	Om stand singur pe un debarcader cu o sticla de apa.
1509	4.6	Un barbat asezat pe vine si tinand un aparat foto.	Barbatul ce sta pe vine tine un aparat foto mare.
1510	2.6	Barbatul mergand cu bicicleta pe o poteca ingusta.	Un barbat mergand pe un monociclu pe un drum pavat.
1511	0.6	Un barbat purtand o haina portocalie vorbeste cu altul in timp ce merg prin zapada.	Un barbat si o femeie imbracati in haine de moda veche stau afara la o masa.
1512	4.0	Un caine sare in aer pentru a prinde o jucarie.	Un caine negru sare in aer pentru a prinde o jucarie.
1513	0.0	Un caine maro asezat pe o patura albastra.	O persoana se scufunda intr-o apa limpede albastra.
1514	0.0	Cei doi baieti se joaca in camp.	Cei doi oameni au capul acoperit cu esarfe.
1515	2.2	Cei doi caini alearga prin iarba.	Trei caini alearga in zapada.
1516	4.0	Un baiat cu un brat rupt se odihneste intr-un pat.	Un baiat cu un brat rupt doarme.
1517	4.8	baiat facand trucuri pe un skateboard	Un baiat face un truc pe un skateboard.
1518	2.6	Trei caini jucandu-se in zapada.	Trei caini se joaca in apa.
1519	1.2	O fetita cu o panglica in par se scobeste in nas.	O fetita imbracata intr-o camasa mov si cu casca mergand pe un scuter.
1520	1.8	O fata tanara coborand pe un tobogan tubular.	O fata tanara leganandu-se intr-un leagan de cauciuc.
1521	2.6	Multi oameni participa la cursa de biciclete, inclusiv un barbat pe o bicicleta cu trei roti.	Un barbat mergand pe un scaun cu rotile cu trei roti.
1522	0.8	Un grup de oameni poarta urechi de iepuras.	Un grup de oameni calaresc intr-o cursa.
1523	4.0	Un caine intr-un tricou „superman” doarme pe o patura.	Un caine maro intr-un tricou cu Superman sta pe o patura albastra.
1524	4.8	Cainele alb-maro alearga peste iarba.	Un caine alb-maro alearga peste iarba.
1525	3.8	Un caine maro isi odihneste labele pe o tastatura de laptop.	Un caine sta cu labele pe un laptop.
1526	2.6	O fata tanara cu ochelari sta jos si tine doua steaguri americane.	O fata cu ochelari se uita la doua steaguri americane langa o zona impadurita.
1527	3.0	Un caine mic alb-maro sare peste un stalp orizontal.	un caine alb-maro sarind peste un stalp rosu cu galben
1528	4.8	Doi caini alearga printr-o zona ierboasa.	Doi caini alergand prin campul ierbos.
1529	1.6	Un barbat se leagana pe o franghie deasupra apei.	Un barbat imbracat in haine calduroase leganandu-se noaptea pe bare de catarat.
1530	4.6	Doi barbati asiatici si o femeie asiatica stau pe scaune de masaj negre.	Doi barbati asiatici si o femeie se relaxeaza pe scaune de masaj.
1531	5.0	O fata jucandu-se intr-un morman de bile colorate.	O fetita se joaca intr-o groapa de bile colorate.
1532	0.0	Un barbat mai in varsta sta afara in fata unui camion.	O femeie imbracata in verde se da cu rolele afara la un eveniment.
1533	4.6	Barbat zambitor cu ochelari reflectorizanti.	Un domn zambind si aratandu-si ochelarii de soare reflectorizanti.
1534	4.8	cinci persoane stand pe un trotuar	Cinci oameni pe un trotuar.
1535	1.4	Cainele alb alearga peste zapada.	Un urs alb merge de-a lungul pamantului acoperit de zapada si lasa o umbra pe zapada.
1536	1.2	Un baiat tanar intr-o jacheta maro jucandu-se cu zapada.	Doi caini se joaca in zapada.
1537	2.4	Un barbat ridicand o piatra mare.	O femeie ridicand o piatra mare.
1538	4.6	Un caine alb-maro alearga peste iarba.	Un caine alb-maro alearga de-a lungul ierbii.
1539	0.0	Barbatul duce o lada de unelte pe trotuar.	O femeie merge cu o bicicleta albastra intr-un parc.
1540	3.4	Un barbat purtand un tricou pe care scrie „Gigolo” sta la tejghea vorbind cu cineva.	Un barbat purtand un tricou pe care scrie „Gigolo” sta la o receptie cu spatele la aparatul foto.
1541	0.0	Un cort si o tabara intr-o padure luminata de soare.	Un caine alb pe plaja cara un bat in gura.
1542	4.2	Doi caini mari alergand in niste iarba.	Doi caini Brindle alergand in iarba.
1543	2.6	Un caine inotand cu un bat in gura.	Un caine alergand cu un bat in gura.
1544	2.33	Un barbat facand aport cu doi caini maro.	O femeie se joaca cu un caine maro.
1545	3.6	un caine alearga peste nisip cu un bat in gura.	Un caine alearga printr-un parau cu un bat in gura.
1546	3.4	Un barbat sta in apa langa o cascada.	Un barbat se balaceste prin apa si priveste o cascada.
1547	3.0	Un caine cafeniu sare in sus sa prinda o minge de tenis.	Un caine rosu sare si prinde o minge de tenis in gura.
1548	2.4	Barbatul sare in apa.	Barbatul este sus in aer.
1549	2.4	O femeie intr-o camasa neagra sta in fata bananelor la un stand de fructe.	o femeie imbracata in negru sta in fata unui camion.
1550	1.2	Un copil sare intr-o piscina.	Un caine sarind intr-o piscina.
1551	4.8	Un baietel sarind de pe un scaun pe altul.	Un baietel sarind de pe un scaun pe altul in casa lui
1552	0.0	O fata isi flutura parul lung ud intr-un lac.	O persoana mergand pe o motocicleta de teren.
1553	2.8	Doi caini jucandu-se la mal.	Doi caini jucandu-se in zapada.
1554	0.0	O fetita merge pe un trotuar cu cupole albastre in fundal.	Un barbat trecand cu o saritura pe bicicleta cu un rau in fundal
1555	2.2	Doua femei stand pe o banca, cu fetele ascunse, cu o femeie tinand un tigru gonflabil si cealalta femeie in costum Disney de Alba ca Zapada.	O fata sta pe o banca tinand un tigru gonflabil langa o alta fata intr-un costum colorat.
1556	0.0	Un baiat si doua fete zambesc la aparatul foto.	Trei caini, unul alb si doi maro, alearga impreuna pe un camp de iarba.
1557	5.0	Un caine inotand cu un bat in gura.	Caine inotand in apa cu un bat in gura.
1558	5.0	Un pudel negru se joaca in zapada.	Un pudel negru zburda in zapada.
1559	1.4	doua fete prezentand un fluturas dintr-un film infricosator	Doua fete tinand saci stau intr-un camp.
1560	3.2	Trei baieti alearga pe plaja jucand un joc.	Doi baieti tineri si un barbat tanar alearga pe o plaja cu apa in spatele lor.
1561	1.6	O fata poarta o esarfa mov si o fusta asortata.	Un grup de fete sta purtand fuste de blugi si tricouri cu superman.
1562	0.6	un barbat purtand o jacheta cenusie stand pe marginea unei strazi.	Un baiat purtand o vesta de salvare albastra se tine de marginea unei barci verzi.
1563	5.0	Un caine negru cu maro sare sa prinda o minge rosie.	Un caine negru cu maro sare pentru o minge rosie.
1564	1.8	Cainele cafeniu alearga printre frunze.	Cainele alb alearga prin ocean.
1565	0.0	Un caine alb-negru sare intr-o piscina.	O femeie cu sort negru sta in fata unei oglinzi.
1566	3.0	Un caine alb-negru tine un bat in gura.	Cainele alb-negru are un bat in labele sale.
1567	5.0	O caprioara sare un gard.	O caprioara sarind peste un gard.
1568	2.2	O fetita tine un bat de lemn.	O fetita inotand intr-o piscina.
1569	2.4	Un caine negru sare prin apa.	Un caine se plimba prin zapada.
1570	4.2	Un grup de oameni in fata unui camion de pompieri rosu.	Un grup de oameni stau in jurul unui camion de pompieri rosu.
1571	3.4	un baiat sare in apa albastra a piscinei.	Baiatul tanar sare in piscina pe burta.
1572	0.0	Un caine alb prinde o minge in gura in zapada.	O fetita blonda sta pe un scaun verde.
1573	3.8	Trei copii razand si jucandu-se pe podea.	Trei copii jucandu-se pe podea.
1574	3.4	Un barbat sta cu undite langa un corp de apa.	Un barbat sta pe o piatra langa un sezlong pliant si o undita.
1575	0.0	O femeie si un caine stand in iarba.	Un barbat cara un indicator in timp ce sta in ploaie.
1576	1.0	Un barbat in tricou albastru alearga pe un teren de stadion.	Un barbat purtand o palarie albastra si camasa calareste un cal alb.
1577	4.8	Un caine negru alergand prin apa.	Un caine negru alearga prin niste apa.
1578	0.0	Copii sarind pe o trambulina.	Un barbat se da cu o sanie portocalie.
1579	3.0	Un caine maro mare se piteste intr-un camp ierbos.	Un caine maro alearga intr-un camp.
1580	2.2	Un caine alearga prin iarba.	Un caine alearga prin zapada.
1581	0.2	Un schior merge cu viteza prin zapada.	Un caine maro tinand un disc alearga prin zapada.
1582	5.0	Doi oameni joaca golf pe un teren de golf.	Doi oameni sunt pe un teren de golf jucand golf.
1583	0.8	Un baiat si o fata jucandu-se pe plaja.	Un caine jucandu-se in valuri cu o minge.
1584	0.8	Copilul in haina rosie intins pe covorul rosu.	Copilul mic este gata sa urce pe piesa rosie a echipamentului.
1585	5.0	Doi caini se joaca in iarba.	Doi caini se joaca in iarba.
1586	4.0	Un copil in uniforma de echipa alb-albastra urmarind o minge de fotbal.	Un baiat tanar in uniforma albastra de fotbal urmarind o minge.
1587	2.8	Un jucator de softball balansandu-se pe un teren.	Un jucator de baseball lovind mingea
1588	2.8	Un barbat face kitesurfing indepartandu-se de aparatul foto.	Un barbat face skysurfing pe apa.
1589	1.0	Un caine negru alearga in iarba.	Un baiat alergand prin iarba verde.
1590	2.0	Un baietel si o fetita jucandu-se impreuna afara.	Un baiat tanar si o fata tanara mergand unul catre celalalt
1591	4.2	Doua persoane stau la capatul unui ponton.	Doua persoane stand pe un ponton.
1592	2.0	Doi caini intr-o curte.	Doi caini intr-un parau.
1593	2.2	Un barbat urmareste un caine incercand sa treaca bariera pentru a intra intr-o zona de joaca.	Un barbat isi urmareste cainele alb-negru in timp ce parcurge o cursa cu obstacole.
1594	4.0	Cainele alb-maro alearga prin zapada.	Caine St. Bernard alergand in campul inzapezit.
1595	2.0	Un barbat insangerat si o femeie pozeaza pentru o fotografie.	Un barbat si o femeie imbracati gros pozeaza pentru o poza.
1596	0.4	Un caine galben se joaca intr-o zona cu iarba, langa flori.	O fata se joaca pe un leagan.
1597	4.6	un baiat se joaca cu o bagheta de spuma langa piscina.	Un baiat se joaca cu o jucarie tip bagheta de spuma langa o piscina.
1598	2.0	doi caini mari maro alergand prin zapada.	Un caine maro alergand prin iarba.
1599	1.2	Un baiat tanar sare intr-o piscina cu bratele intinse.	Un caine sare intr-o piscina in curtea din spate.
1600	4.0	O fata tine un balon galben cu un animal.	Un copil tine un balon galben.
1601	0.17	Doi caini impart o jucarie intr-un camp de vegetatie.	Doi snowboarderi sunt in aer peste zapada.
1602	0.0	O doamna cu parul blond imbracata in alb pozeaza pentru aparatul foto.	Un caine alb-negru alearga cu gura deschisa.
1603	0.2	Un caine alearga printr-un teren urmarind o minge.	Un copil alearga prin iarba.
1604	3.8	Doua fete stau in fata unei statui.	Doua fete blonde stau langa o statuie
1605	4.0	O fata in portocaliu aprinde o lumanare.	O fata intr-o camasa portocalie aprinde lumanari.
1606	1.6	Un caine alb alearga printr-un camp de flori galbene.	Un caine cu zgarda rosie alearga intr-o padure in mijlocul iernii.
1607	2.2	Un bebelus stand pe un patut intinzandu-se pentru a atinge fata unui baiat mai mare.	Un baiat care pare bolnav este atins pe fata de un copil mic.
1608	5.0	Un caine scuturandu-se de apa.	Un caine scuturandu-se de apa.
1609	0.5	Baieti tineri alergand de-a lungul trotuarului.	Un caine negru alergand de-a lungul marginii oceanului.
1610	3.67	Un copil mic aluneca pe un tobogan portocaliu.	Un baietel in salopeta din blugi aluneca pe un tobogan portocaliu.
1611	1.6	un caine alb-negru alergand printre niste stalpi alb-rosii	Caine alb-negru intr-o sufragerie stand pe picioarele din spate.
1612	4.4	Trei persoane pozeaza pe schiuri in spatele unui indicator „fara schiat”.	Trei persoane pe schiuri stau in spatele unui indicator fara schiat.
1613	4.6	Un barbat in costum alb merge pe strada tinand un ziar.	Un barbat imbracat intr-un costum alb iese afara tinand un ziar.
1614	5.0	Un caine negru cu zgarda albastra alearga in zapada.	Un caine negru purtand o zgarda albastra alearga prin zapada.
1615	0.8	Un caine alearga spre aparatul foto.	Un caine alb-maro alergand pe iarba.
1616	2.4	un baiat leganandu-se intr-un leagan.	Fata este intr-un leagan.
1617	4.4	Un grup de tineri inoata in apa lacului	Multi copii se joaca si inoata in apa.
1618	0.0	O echipa de fotbal alba si albastra jucand una impotriva celeilalte.	O femeie la bustul gol cu fata pictata este acoperita de noroi.
1619	3.8	Un caine maro pe cale sa prinda un disc verde.	Un caine maro asteapta ca discul sa coboare inainte de a-l prinde.
1620	2.2	Un caine alb-negru inoata intr-un lac mare verde.	Un caine negru alearga repede in apa putin adanca.
1621	2.2	Doi caini mari negri se joaca intr-un camp ierbos.	Doi caini albi alearga impreuna.
1622	2.8	Cainele negru cu maro alearga peste zapada.	Un caine negru alearga repede de-a lungul pamantului.
1623	3.8	Barbatul cu rucsac se uita in stanga lui.	Un barbat adult purtand un rucsac merge si se uita in stanga.
1624	0.0	Un barbat in varsta in camasa albastra tine un tablou pe panza.	Un negru se plimba langa o cladire dintr-un oras mare.
1625	0.4	Doi baieti slabi jucandu-se cu nisip in apa.	Doi caini scuturandu-se de apa.
1626	3.8	Un caine mic trece printr-o cursa de obstacole.	Un caine mic sarind peste un obstacol.
1627	3.2	Un caine maro alergand prin padure.	Un caine maro alearga prin iarba.
1628	3.4	Un grup de oameni asteapta langa o fereastra privind ceva.	Un grup de oameni stau si asteapta sa vada ceva.
1629	4.4	Un caine sare peste o bariera la o competitie de agilitate.	Un caine sarind peste un gard de obstacole.
1630	3.2	Trei oameni concurand pe patine.	Trei patinatori pe gheata trec dupa un colt.
1631	4.8	Doua femei concurente isi plimba cainii intr-un spectacol de caini.	Doua femei isi plimba cainii la un spectacol de caini.
1632	0.0	Doi barbati pe marginea unei barje	Un barbat cu parul lung si barba asezat pe iarba.
1633	4.8	Un caine maro alergand pe iarba.	Un caine maro alearga prin iarba.
1634	0.4	O persoana merge cu bicicleta pe o poteca langa padure.	Un copil mic intr-o camasa galbena isi tine bratele in lateral.
1635	3.6	O femeie in rochie neagra zambeste in fata unui camion argintiu.	O fata purtand o bluza neagra zambeste cu un camion argintiu in fundal.
1636	0.6	Un caine este pe plaja langa o minge.	Un tip sare pentru o intindere pe un teren de baschet.
1637	2.6	Un caine salta peste iarba maro.	Doi caini sar peste iarba.
1638	3.2	o femeie jucandu-se cu doi baieti tineri intr-un parc	O femeie si trei copii se joaca intr-un parc.
1639	2.4	Un caine iese din apa cu un bat in gura.	Un caine alearga spre aparatul foto cu un bat in gura.
1640	0.8	Trei caini jucandu-se in zapada.	Baiatul se joaca in nisip.
1641	4.2	Un caine cara o lesa in gura.	Un caine pufos cara o lesa neagra in gura.
1642	0.0	Un barbat in blugi se joaca cu o minge in timp ce o femeie in blugi sta in apropiere privind in alta parte.	Un barbat leaga o banderola rosie in jurul bratului altui barbat de pe strada.
1643	4.0	Un schior cade in zapada.	Un schior cade cu fata in zapada.
1644	2.2	Un caine cu o jucarie rosie in gura.	Un caine maro cara un bat in gura.
1645	4.8	Doi jucatori de hochei luptandu-se pe gheata.	Doi jucatori de hochei intr-o confruntare pe gheata.
1646	1.6	Doi terieri se joaca pe podeaua de lemn a casei lor.	Doi catelusi se joaca cu o jucarie de mestecat rosie intr-un camp.
1647	4.2	Doi caini alergand printr-un camp.	Doi caini se joaca intr-un camp.
1648	0.4	Un barbat intr-un costum gri inchizand lacatul de la o bicicleta	Un barbat si o femeie stand pe o strada dintr-un oras.
1649	4.6	Un barbat intr-o jacheta de piele neagra doarme intr-un vagon de metrou.	Un barbat intr-o jacheta de piele neagra adoarme in mijloacele de transport in comun.
1650	4.8	Un caine sarind peste un obstacol.	Un caine sare peste obstacol.
1651	0.0	Doi barbati pregatesc niste echipamente electronice	Doi caini se lupta pe pamant in zapada.
1652	0.0	Un caine negru merge pe iarba cu un bat in gura.	Un baiat tine o plasa cu un sarpe in ea aproape de pamant.
1653	2.2	O fata alearga cu caini intr-un camp uscat.	Un caine gri si un caine cafeniu jucandu-se intr-un camp ierbos.
1654	4.0	Doi caini jucandu-se in zapada.	Doi caini negri in zapada.
1655	4.0	Un caine sare de pe ponton in apa.	Cainele negru sare de pe ponton in apa.
1656	2.0	un grup de barbati batrani plimbandu-se pe strada	Un cuplu plimbandu-se pe strada.
1657	2.2	Trei caini stand in zapada langa un gard albastru.	Trei caini se joaca in adancurile de langa un tarm stancos.
1658	4.8	Un caine alb-negru alearga prin camp.	Un caine alb-negru alearga in iarba.
1659	0.4	Un baiat in negru isi flutura bratele in timp ce alti oameni sunt in spatele lui pe un camp.	un barbat intr-o camasa neagra trece cu rolele pe langa o banca din oras.
1660	2.0	O femeie in varsta merge cu bicicleta de-a lungul unei strazi din oras.	O femeie in varsta mergand la deal traversand strada.
1661	0.4	Un baiat tanar loveste cu pumnul o minge galbena.	Un caine mic sare peste o barna galbena.
1662	1.4	Un grup de balerine tinere sunt intr-un studio de dans.	Un grup de domnisoare in bikini.
1663	0.0	Un baiat tanar intr-o camasa alba de costum se joaca pe o campie ierboasa.	O femeie isi coafeaza parul la un salon.
1664	0.4	Un barbat si un caine se joaca de-a lupta cu odgonul.	Un barbat danseaza pe un perete colorat.
1665	4.6	Un copil ud tremura sub un prosop la piscina.	Un copil ud tremura intr-un prosop in fata unei piscine.
1666	5.0	Un caine alb alearga pe o plaja.	Cainele alb alearga de-a lungul plajei.
1667	3.4	Sase caini alergand pe plaja nisipoasa.	Sase caini plimbandu-se langa plaja.
1668	3.2	Un barbat se tine de un maner in apa.	Un barbat tine de manere in aer.
1669	3.0	Un caine alb plimbandu-se pe zapada.	Un caine negru-cafeniu plimbandu-se prin zapada.
1670	3.2	Cainele alb si maro alearga peste iarba.	Trei caini alearga pe iarba.
1671	3.8	Un baiat coboara pe un tobogan gonflabil.	Un baiat in rosu aluneca pe o instalatie gonflabila.
1672	3.8	Doi caini jucandu-se cu o minge intr-o balta.	Doi caini stau intr-o balta, si unul are o minge galbena de tenis.
1673	1.4	Trei caini se joaca in apa.	Trei caini alearga in zapada.
1674	1.2	Doi caini jucandu-se in zapada.	Doi copii jucandu-se cu un caine.
1675	4.8	O fata face podul pe plaja.	O fata facand podul pe plaja.
1676	2.2	Cei doi caini se joaca aport in zapada.	Doi caini se joaca impreuna in iarba.
1677	3.6	Doi surferi plutesc pe un val mic.	Doi surferi fac trucuri in valuri.
1678	5.0	Doi oameni plimbandu-se pe plaja la apus.	Doi oameni plimbandu-se de-a lungul tarmului la apus.
1679	4.0	doi catelusi jucandu-se in iarba	Doi caini se lupta in iarba.
1680	4.8	O fata tanara sta in poala lui Mos Craciun.	O fetita sta in poala lui Mos Craciun
1681	2.2	Un caine alb-negru alearga cu gura deschisa.	Un caine alb-negru inoata in apa albastra.
1682	4.8	Un baietel sarind in aer la plaja.	Un baiat sarind in aer pe plaja.
1683	5.0	Cinci barbati in smoching merg pe scari.	Cinci barbati in smoching coboara mai multe trepte
1684	0.0	Barbat in pantaloni scurti rosii si tricou alb lovind o minge de fotbal.	Un caine negru sta pe surf tinand o minge de cauciuc rosie.
1685	4.8	Un barbat si un caine pe un mal stancos.	Barbat si caine stand pe pietre langa apa
1686	2.4	Caine maro balacindu-se in apa.	Patru caini balacindu-se in apa
1687	1.0	Femeia zambitoare de pe plaja este ingropata in alge marine.	O fata in palarie de cowboy cu o oaie in lesa.
1688	3.8	Un caine cu urechi mari tine un bat mic in gura.	Un catelus cu urechi mari mestecand un bat.
1689	0.0	Cainele mare maro sare prin iarba inalta.	Fata purtand o camasa albastra alearga printr-un centru stiintific.
1690	2.6	Doi caini luptandu-se in zapada.	Doi caini jucandu-se in zapada.
1691	2.8	Un caine maro sta in mijlocul unui sir de caini urmarind o minge de tenis murdara pe pamant.	Sunt doi caini albi si un caine maro urmarind o minge.
1692	0.0	Un caine este energic intr-un camp ierbos.	O gramada de biciclete concurand pe o pista.
1693	0.0	Doi oameni concureaza cu o motocicleta cu atas in noroi.	Cainele tinand un bat lung in gura.
1694	2.4	Barbatul sta in varful unui munte stancos.	O persoana isi scoate capul dintr-un cort din varful unui munte.
1695	0.0	Un barbat stand pe o barca trage o alta barca aproape cu un bat de bambus.	un barbat cu o palarie neagra stand in fata unui zid de caramida si a unui semn
1696	3.2	un barbat canta la chitara sa alba.	un barbat cantand la o chitara alba si totodata cantand vocal
1697	0.0	O persoana practica skijoring cu un caine in munti.	Un caine maro se joaca cu o minge in apa.
1698	2.4	Doi tineri la bustul gol jucandu-se in apa.	O multime de oameni se joaca in apa la plaja.
1699	3.6	Primul-plan al unei colibri.	Un prim-plan al unei colibri zburand.
1700	0.8	Femeie intr-o rochie neagra plimbandu-se pe strada.	O femeie priveste un caine sarind pe scari.
1701	2.33	Un barbat si o femeie uitandu-se la aparatul foto.	Un barbat si o femeie razand.
1702	3.6	un caine maro alergand prin iarba murdara plina de noroi	Cainele mare maro alearga afara pe pamant.
1703	5.0	Trei caini tragand prin zapada un barbat pe o bicicleta.	Cainii trag un barbat pe un fel de bicicleta, prin zapada.
1704	0.0	Un bebelus intr-o palarie rosie stand intr-un carucior tine o papusa.	Un barbat intr-o camasa gri stand intr-un camp de flori.
1705	4.8	Trei copii jucandu-se cu fan in aer liber, aruncand o parte spre obiectivul aparatului foto.	Trei copii mici se joaca in fan, aruncand o parte din el spre apatul foto.
1706	0.0	Un alpinist sta pe fata stancii de langa coarda roz.	Copiii alearga in zapada cu garduri in fundal.
1707	1.8	Un caine negru purtand o zgarda portocalie este incurcat cu fir de pescuit.	Cainele negru purtand o zgarda rosie se scutura de apa.
1708	0.0	Doi caini se joaca in noroi.	O dansatoare pozand pentru aparatul foto intr-o rochie alb-rosie.
1709	3.4	Un caine auriu alearga pe iarba.	Cainele mare bej alearga prin iarba.
1710	4.8	Un caine alearga prin iarba.	un caine alearga peste iarba.
1711	3.4	un barbat in pantaloni scurti rosii merge pe stanci langa un rau tinand un bat.	Un barbat merge pe pietre cu apa curgand in jurul lor.
1712	0.0	Barbat vaslind o barca.	un barbat facand un truc pe skateboard
1713	4.8	Trei caini alergand pe o pista de curse.	Trei caini merg in jurul unei curbe la o pista de curse.
1714	0.8	Un caine negru cu maro se plimba prin zapada langa o cladire.	Un barbat mai in varsta sta in fata unei cladiri vechi baricadate.
1715	3.4	Un caine sare intr-o piscina dupa o rata.	Un caine sarind intr-o piscina.
1716	3.2	Un caine alergand printr-o padure in timpul iernii	Un caine alergand printr-o multime de crengute.
1717	0.4	Fata mimeaza imaginile de pe marele ecran.	Trei fete tinand umbrele cu spatele la aparatul foto.
1718	1.0	Multi oameni alearga intr-o cursa pe o strada.	Un catelus alergand de-a lungul unei strazi.
1719	1.0	Un barbat in sort de inot sta pe niste pietre.	Un barbat intr-un tricou gri escaladeaza un perete mare de stanca.
1720	2.0	Doi caini albi plimbandu-se in zapada.	Un caine cafeniu cu zgarda negra latrand in zapada.
1721	2.4	O femeie purtand o camasa roz sare in aer cu bratele si picioarele intinse pe laturi.	Un barbat purtand bretele si ochelari de soare sare in aer cu bratele si picioarele intinse in lateral.
1722	2.8	Un caine alearga prin iarba.	Doi caini alearga prin tufis.
1723	2.8	Un caine alergand peste nisip	Un caine alergand prin apa.
1724	0.0	O femeie incearca sa pluteasca pe un val mic.	Un barbat si o femeie stand spate in spate afara in soare.
1725	0.6	Cainele alb-negru inoata in rau.	Un barbat negru si cainele sau pe plaja.
1726	4.6	Barbat stand pe varful stancilor zimtate langa ocean.	A man is standing on top of rocks overlooking the ocean.
1727	4.4	O fata in costum de scafandru negru si albastru face surf.	O femeie purtand un costum cu dungi negre si albastre face surf pe un val.
1728	4.6	Femeia conduce un caine printr-o cursa de obstacole.	Femeie conducandu-si cainele mic printr-o cursa de obstacole.
1729	2.4	Doi caini pe plaja.	Un caine se plimba pe plaja.
1730	1.0	Un baiat tanar sta pe o zona cu gresie gri.	Un baiat tanar practica karate intr-o sala de sport.
1731	2.2	Cainele alearga cu mancare in gura.	Cainele alearga cu o minge galbena in gura.
1732	4.8	Doi caini alergand pe o plaja.	doi caini alergand pe plaja
1733	2.0	Un caine alb-negru inotand in piscina	Un caine alb-negru alergand cu ceva in gura.
1734	3.8	Un caine are capul intr-o punga de cadou rosie si verde.	Un animal de companie investigheaza jucaus continutul unei pungi de cadouri.
1735	5.0	Un barbat cu camasa galbena purtand o masca de soare aurie.	Un barbat intr-o camasa galbena poarta o masca aurie, in forma de soare.
1736	0.4	Un barbat escaladeaza fata unei stanci abrupte cu o franghie de suport.	Un barbat tanar face un salt de schi cu o placa mov.
1737	4.2	Un copil cu mainile pe cap.	Un baietel sta cu mainile deasupra capului
1738	1.8	Un barbat purtand o vesta portocalie face canotaj in apa albastra.	Un barbat intr-o jacheta portocalie ridicandu-si mainile spre cer in nisip.
1739	1.2	Un batran in trenci negru stand intr-o piata.	Bebelusul poarta o camasa rosie si merge intr-o piateta.
1740	4.8	Un barbat urcand pe fata unei stanci.	Un barbat urca pe fata unei stanci abrupte.
1741	0.6	Doua fete sunt in pantaloni de pijama si par sa danseze.	Doua fete cu sepci de baseball mananca o gustare afara.
1742	3.4	Un caine alb-maro jucandu-se cu o jucarie neagra.	Un caine alb-maro joaca de-a lupta cu odgonul.
1743	3.0	Un baiat joaca baseball.	Un barbat joaca baseball.
1744	0.0	Un baiat purtand o camasa rosie alearga peste iarba cu un caine blanos.	Un fan al sportului poarta vopsea de fata in tribune.
1745	0.0	Un caine negru se recupereaza in zapada.	Un skateboarder sarind in strada.
1746	3.2	Un barbat zambitor si o fetita pozand pentru o fotografie.	Un barbat zambitor tine un copil mic imbracat in roz si rosu.
1747	3.2	Un caine sarind dupa un disc in zapada.	Un caine sare in zapada.
1748	3.4	Un caine alb-maro cu zgarda roz latra la un caine maro cu zgarda albastra in zapada.	Cainele cu zgarda rosie isi arata coltii catre cainele cu zgarda albastra.
1749	4.2	Doi caini maro se musca reciproc.	Doi caini maro muscandu-se reciproc pe nisip.
1750	4.0	Un skateboarder incearca un truc pe marginea unui perete mic.	Un baiat face trucuri pe skateboard pe o balustrada.
1751	2.8	O fata tanara facand un salt pe spate in apa.	o fata tanara purtand mov alergand in apa
1752	0.8	Un snowboarder se da cu un snowboard pe o balustrada langa o scara.	Un baiat se da tare cu un skateboard pe un perete de beton.
1753	1.4	O femeie cu doi barbati in palarii socializand afara.	O tanara cu o boneta tricotata sta sprijinita de peretele unei pizzerii Domino.
1754	4.2	Un baietel in halat sta pe un scaun metalic.	Un baiat in halat sta pe un scaun.
1755	2.2	Un caine negru alearga prin zapada.	Un caine pitbull negru alearga prin noroi.
1756	3.4	un grup de adolescenti danseaza pe o podea de lemn.	Un grup de oameni imbracati in culori inchise danseaza pe o podea de lemn.
1757	0.4	Un baiat tanar merge cu bicicleta.	O fata tanara stand pe o jucarie gonflabila albastra
1758	1.8	Un caine negru alergand in zapada.	Un caine negru alergand pe o plaja.
1759	1.0	Trei caini in zapada langa un gard.	Doi caini beau apa dintr-un lac.
1760	0.2	O fata alearga de-a lungul malului unui rau cu doi caini negri.	Un baietel mangaie un tigru care este intins.
1761	1.8	O adolescenta alergand pe o plaja strigand, cu un barbat mai in varsta mergand in spatele ei.	un copil mic alergand de-a lungul tarmului unei plaje
1762	0.0	Un caine alb-maro merge langa un barbat pe un skateboard.	Un copil blond se aseaza pe o ramura a unui copac intr-un camp verde.
1763	4.0	Barbat plutind pe o placa de surf pe un val.	Un barbat in negru pe o placa de surf plutind pe un un val.
1764	4.2	Barbatul in camasa rosie escaladeaza marginea unui munte.	Un barbat escaladeaza marginea unui munte.
1765	1.4	Un barbat conducand o motocicleta in timp ce poarta o uniforma neagra.	O motocicleta alba este condusa pe pista de curse.
1766	1.2	un caine negru inotand printr-un rau.	un caine negru sapand prin zapada.
1767	3.2	Un barbat si o femeie zambesc.	Un barbat si o femeie razand.
1768	4.8	Un barbat sta pe varful unei stanci sau al unui munte privind cum apune soarele.	Un barbat stand in munti privind un apus de soare.
1769	1.4	Doua fetite se joaca pe o trambulina.	Doi baieti mici se joaca pe un loc de joaca.
1770	0.2	Doua fete sar sus in aer.	Doi caini cu botnita unul langa altul in iarba de langa un lac.
1771	4.8	Femeia tinand o poseta neagra fumeaza o tigara.	O femeie cu o geanta neagra fumeaza o tigara
1772	4.2	Un caine alearga de-a lungul ierbii.	Un caine maro alearga in iarba.
1773	1.0	Un barbat cu parul lung priveste printr-un aparat foto.	O femeie sta langa un perete langa o camera video.
1774	4.0	Caine maro alergand pe iarba.	Cainele alearga pe iarba.
1775	0.0	Doi oameni purtand palarii stau si se uita la aparatul foto.	Un barbat purtand o camasa albastra face o fata morocanoasa.
1776	3.2	Doua fete jucandu-se cu oameni si flori in spatele lor.	Doua tinere purtand fuste se joaca intr-o gradina.
1777	0.0	O fata intr-o camasa roz intinzandu-si membrele in aer.	Un barbat imbracat intr-un costum de Mos Craciun urca pe o cladire mare din beton.
1778	1.4	O fetita in camasa rosie intinde un zmeu.	O fata in camasa rosie face o poza pe un telefon.
1779	0.0	Copilul alunecand in zapada.	Barbat dormind pe strada.
1780	4.2	Trei caini se joaca in apa.	Trei caini inoata in apa.
1781	5.0	Un caine alb alergand pe nisip.	Un caine alb alearga pe nisip.
1782	0.2	O fetita cu mainile in aer sta pe spatele unui barbat in timp ce el e intins pe o patura.	Un copil alearga in directia opusa celorlalti care jucau un joc.
1783	1.4	o masina de curse alb-rosie concurand pe o pista de pamant.	O persoana merge pe o motocicleta de teren intr-o cursa pe o pista de pamant.
1784	2.2	Un caine alb-negru alearga printr-un camp de vaci.	Un caine mare alb-negru alearga in apa oceanului
1785	0.6	Un barbat cu o palarie de paie isi umbreste telefonul in timp ce altii merg pe un trotuar aglomerat.	Un barbat se intinde pe o strada cu capul si umerii sub o masina parcata care este ridicata cu cricul.
1786	0.8	Un barbat cu o geanta de postas in fata unui perete de gresie gri.	Barbat in jacheta rosie stand in fata farului.
1787	3.2	Un caine inoata in apa.	Trei caini inoata in apa.
1788	4.6	Un caine alb cu parul cret alearga peste trotuar cu un bat in gura.	Un caine alb cu parul cret alearga cu un bat in gura.
1789	2.8	Femeia blonda poarta o basca de scotian neagra cu steagul american.	O femeie roscata poarta o bereta neagra impodobita cu steagul american.
1790	0.6	O persoana tinand o plasa sta in apa.	O femeie neagra si doi copii negri stau intr-un cort din paie.
1791	0.4	O femeie intr-un trening rosu storcand lamai intr-o presa.	O tanara femeie intr-un hanorac cu gluga roz face o fotografie.
1792	4.2	un barbat plimba doi caini cu lese pe strada	Un barbat plimba doi caini in oras.
1793	2.2	Un caine alearga in zapada.	Doi caini alergand in noroi
1794	1.6	Un baietel jucandu-se in zapada.	Cainele alb-maro se joaca in zapada.
1795	3.2	O femeie in camasa albastra si pantaloni scurti cafenii sta la o masa.	O tanara zambitoare in camasa turcoaz si basma pozeaza la masa in aer liber.
1796	3.2	un caine alb aleargand in zapada	Cainii alearga in zapada.
1797	0.0	Cainele negru alearga prin zapada.	Un sofer de masina de curse isi conduce masina prin noroi.
1798	4.4	Un caine purtand un pulover verde si un rucsac plimbandu-se pe zapada.	Un caine mic purtand un pulover verde si un rucsac se plimba prin zapada.
1799	0.6	Un grup de oameni stand in jurul unui birou.	Un grup de fete pe o plaja.
1800	2.8	Trei caini alearga intr-un camp.	Doi caini alearga intr-un camp ierbos.
1801	0.4	Un barbat si o femeie cu mainile pe barbie stau langa un pom de Craciun.	Barbatul cu barba alba si sapca albastra sta in pragul unui atelier.
1802	1.2	Cainele alb-negru are un bat in labe.	Un caine negru si un caine alb stau pe zapada.
1803	1.4	Un caine alb alergand prin zapada	Cainele alb-negru alearga prin iarba.
1804	0.6	Un barbat pe schiuri pe un deal acoperit de zapada cu munti in fundal	Un caine se bucura de o zbenguiala in apa cu munti si nisip in fundal.
1805	1.2	Un barbat pe bicicleta langa un rau.	Un barbat pe bicicleta face un salt foarte inalt.
1806	0.4	Un schior coborand pe dealul inzapezit.	Un caine maro e intins in zapada.
1807	3.6	Doi caini alearga pe iarba.	Doi caini alergand in noroi
1808	0.6	Un barbat pulverizeaza un lichid dintr-un furtun lung la plaja.	Un baiat sta pe bicileta sa cu o roata in aer.
1809	2.2	O persoana intr-o vesta rosie atinge patinele albastre ale altei persoane	O doamna fixeaza patinele cuiva pe zapada.
1810	4.8	O fata sare de sus in jos in cap pe o trambulina.	O fata sare in cap pe o trambulina.
1811	2.0	O femeie stand in fata copacilor si zambind.	Un barbat se plimba langa copaci in fata orizontului orasului.
1812	2.4	Un baiat facand un salt pe spate intr-o piscina.	Un baiat imbracat in sort de baie ros-albastru sarind cu capul inainte intr-o piscina.
1813	4.2	trei baieti se acopera cu bule.	Trei copii stand langa o piscina sunt acoperiti de bule de spuma.
1814	0.2	Baiatul se uita la fata pe cand o alta fata ii ignora.	baiatul se scufunda in piscina in timp ce cuplul se uita.
1815	3.2	Un caine negru cu o zgarda albastra alearga in zapada.	Un caine negru cu zgarda rosie se joaca in zapada.
1816	3.8	O pasare sta intr-un copac.	O pasare sta intr-un copac fara frunze.
1817	4.0	Un caine maro mesteca o minge portocalie.	Un caine are o minge portocalie in gura.
1818	0.6	Un caine maro sarind in aer sa prinda o minge.	trei tinere sarind in aer pentru a prinde o minge.
1819	3.2	Un copil se plimba de la o masa de picnic la alta.	Baiatul sare de pe o masa de picnic pe cealalta in parc.
1820	3.0	Un caine in zapada.	Doi caini in zapada.
1821	4.8	Dalmatian alergand de-a lungul plajei.	Un dalmatian alearga de-a lungul unei plaje.
1822	5.0	Un caine alergand prin zapada.	Un caine alearga in zapada.
1823	2.0	Patru caini negri fug peste iarba.	Un caine alearga peste un camp ierbos.
1824	3.6	Un barbat in rosu cu negru loveste cu capul o minge de fotbal.	Un barbat intr-o bluza de fotbal cu dungi rosii da cu capul intr-o minge.
1825	1.2	Un caine maro se plimba pe iarba.	Un caine il urmareste pe altul langa un copac.
1826	4.6	O femeie asezand un bebelus pe un skateboard pe plaja.	o femeie tine un copil mic pe un skateboard la plaja
1827	4.0	Un caine negru musca urechea unui caine maro deschis intr-o maniera jucausa.	Un caine negru musca jucaus un alt caine intr-o sufragerie.
1828	4.4	Beagle-ul merge pe plaja la linia de plutire.	Un beagle merge de-a lungul plajei la marginea apei.
1829	5.0	Cainele alb-negru alearga prin iarba.	Un caine alb-negru alearga prin iarba.
1830	0.0	Doi caini alearga prin zapada, unul cu o minge de tenis.	Baiatul face o cascadorie, prin aer, pe bicicleta sa.
1831	3.2	Un caine negru merge pe iarba cu un bat in gura.	Cainele negru alearga pe iarba cu o jucarie in gura.
1832	3.0	Un barbat se indreapta spre un politist stand intr-o trecere de pietoni pe o strada a orasului.	Un politist sta intr-o trecere de pietoni dintr-un oras.
1833	4.6	Un caine negru si un caine alb jucandu-se in strada.	Un caine negru si un caine alb se joaca impreuna in strada.
1834	3.6	Un caine mare alb-negru inoata in apa.	Un caine alb-negru cu un bat este intr-o apa noroioasa.
1835	4.2	Un baietel se prosteste cu o strecuratoare pe cap.	Un baiat cu o strecuratoare de metal pe cap.
1836	0.0	Doi muncitori din constructii stau pe o grinda luand o pauza.	Barbatul isi pune camasa langa un lift.
1837	1.2	Un barbat si o femeie razand.	Un barbat si o femeie se saruta.
1838	2.83	Un caine negru cu maro si alb alergand printr-un camp.	Un caine alb-maro alearga intr-un camp.
1839	4.6	Copiii se joaca intr-o piscina in timp ce doi barbati adulti ii privesc.	Copiii se joaca intr-o piscina in timp ce adultii privesc.
1840	0.0	Doi copii balacindu-se in apa.	Doi caini se joaca impreuna pe pat.
1841	4.6	Cainele alb-maro merge in ape putin adanci.	Un caine alb-maro pare sa mearga pe apa.
1842	1.6	O femeie citeste in timp ce se afla in transportul public.	Un barbat care a adormit pe mijloacele de transport in comun.
1843	1.8	Un buldog alearga printr-un parc cu iarba in timp ce oamenii stau in fundal.	Un caine alearga intr-un corp mare de apa facand-o sa stropeasca.
1844	2.2	Un baiat tanar mergand pe o bicicleta pe un drum de caramida	O persoana face trucuri pe bicicleta pe o rampa inconjurata de copaci.
1845	3.8	Barbatul tanar se da cu skateboardul intr-un un parc pentru skate.	un baiat intr-un tricou albastru este in aer pe un skateboard intr-un parc de skate.
1846	4.4	O fata sarind coarda pe un trotuar langa un garaj de parcare.	O fata sarind coarda pe un trotuar cu un garaj de parcare in stanga.
1847	3.0	O persoana este in apa la plaja in timp ce apune soarele.	O persoana deasupra placii lor de surf pe apa.
1848	4.0	Un caine sare in aer sa prinda un disc.	Cainele maro sare pentru un disc roz.
1849	1.0	Cainele ii inapoiaza jucaria de joc stapanului sau.	Trei caini alearga in zapada impreuna.
1850	4.6	Doua femei sar din leagane.	Doua fete sar din leagane.
1851	0.6	O femeie cu o fata tanara pozeaza cu sculpturi de urs in fata unui magazin.	Un barbat imbracat in jerseu sta in fata unei multimi numeroase.
1852	4.4	Un barbat la bustul gol jucand fotbal pe un gazon.	Un barbat la bustul gol joaca fotbal
1853	0.8	O fata purtand verde rasuceste ceva in maini.	Un baiat tanar purtand doar pantaloni scurti verzi pozeaza stingher cu un fundal din caramida.
1854	0.4	Un barbat intr-o jacheta rosie isi tine bicicleta pentru poza.	O femeie intr-o jacheta rosie face o inregistrare video a unui peisaj natural.
1855	0.8	Un baiat sare intr-o piscina publica nu foarte aglomerata.	Un barbat sare in timp ce se afla pe un snowboard.
1856	0.6	Clovnii pozeaza pentru aparatul foto.	Un copil in portocaliu este pe o placa de surf gonflabila in valuri.
1857	0.0	Patru copii tinandu-se de mana sar intr-o piscina.	Patru caini jucandu-se in zapada.
1858	2.8	Un baiat impinge o remorca cu doi dovleci.	Un copil sta pe ciuci in spatele unei remorcute cu doi dovleci in ea.
1859	0.0	Doi jucatori de fotbal se lupta pentru minge in timpul unui meci intens.	Doi caini mici alb-portocalii sunt in zapada.
1860	3.8	Cainele negru se plimba prin iarba inalta.	Cainele negru alearga prin iarba.
1861	3.4	Doi caini negri jucandu-se in zapada.	Un caine negru sapa in zapada.
1862	5.0	Un caine sare peste un lant.	Un caine sarind peste un lant.
1863	4.6	O fata cu o poseta neagra stand pe o banca de lemn.	O femeie tanara cu o poseta neagra sta pe o banca de lemn.
1864	2.2	Un caine negru cu galben	Un caine negru si un caine alb-maro se joaca intr-un camp.
1865	3.4	Trei copii intr-o groapa de mingi.	Cativa copii jucandu-se intr-o groapa cu bile.
1866	3.6	Un caine mare alb-gri trece printr-un tunel galben intr-o cursa de obstacole.	Un caine alb-negru alearga dintr-un tub galben si portocaliu.
1867	4.8	Un inotator inoata pe spate in piscina.	o persoana inotand pe spate intr-o piscina
1868	0.0	Un barbat sta langa bicicleta pe o poteca stancoasa langa un lac.	O femeie poarta o bentita alba, maieu violet si manusi negre.
1869	2.4	Un caine maro alearga prin iarba verde.	Un caine maro alearga printr-un rau.
1870	3.4	Un caine mic alb si un caine mare maro se joaca pe iarba.	Un caine mic cafeniu deschis alearga pe langa un caine mare maro ce sta in iarba.
1871	3.4	O femeie tine un caine in timp ce un alt caine sta in apropiere intr-un camp.	O doamna tinand un caine in timp ce un alt caine se joaca in curte.
1872	2.4	Un caine negru plimbandu-se prin apa.	Doi caini negri plimbandu-se prin zapada.
1873	1.8	Un caine negru alearga in zapada.	Un caine negru inoata cu o minge in gura.
1874	1.6	O femeie imbracata in verde se joaca cu cainele ei cafeniu.	Un caine cafeniu linge mana unei fete in timp ce sta jos.
1875	4.6	Doi barbati vagabonzi stau afara cu un semn de carton.	Doi barbati tineri vagabonzi tinand un semn de carton.
1876	3.6	Un caine maro merge cu greu prin apa.	Un caine se balaceste in apa tulbure.
1877	2.8	Un barbat intr-o camasa portocalie purtand o casca alba merge cu bicicleta.	Barbatul purtand o casca albastra conduce un Polaris.
1878	1.8	Un baietel sta in fata unor nuntasi razand.	O persoana stand pe o scena in fata unei multimi asezate
1879	3.6	O persoana pe un snowmobil.	O persoana pe un snowmobil in mijlocul sariturii.
1880	0.8	Barbatul sta pe mal lovind o minge cu o paleta.	Doua adolescente stau langa plaja ascultand la iPod-uri.
1881	0.4	Aceasta fotografie de deasupra arata doi barbati care iau o pauza.	O persoana cu sapca de inot si ochelari de protectie luand o gura de aer.
1882	4.6	Doi caini maro alergand impreuna pe nisip	Doi caini maro alearga pe nisip.
1883	1.4	Un caine negru alearga dupa un disc rosu.	Un pudel negru alearga in zapada.
1884	3.0	Doua fete cu codite se dau intr-un carusel dintr-un parc de distractii.	O fata tanara se da pe un carusel intr-un parc de distractii.
1885	4.2	Un caine sapand in nisip.	Un caine maro sapa in nisip.
1886	0.0	Doi barbati stau pe trotuarul din fata magazinelor.	O femeie in costum de baie plimba un caine pe plaja.
1887	4.6	Un caine alb-negru sare peste un parau.	Un caine cu pete alb-negre sare peste paraul mic de apa.
1888	3.0	O persoana pe o bicicleta bmx.	Un barbat pe bicicleta in aer
1889	4.6	Doi caini alergand prin iarba inalta.	Doi caini alearga printr-o zona cu iarba.
1890	1.0	Caine mic alb purtand o lesa sarind dupa o minge rosie.	Un caine alb-negru ingroapa un bat in zapada.
1891	3.2	Un grup de oameni stand in afara unei cladiri.	Un grup mare de oameni au format un rand afara.
1892	1.6	Un grup de patru copii dansand intr-o curte.	Un grup de copii fac intinderi pe rogojini colorate.
1893	4.8	un grup de adolescenti sar in aer pe plaja.	Un grup de tineri sar in aer in timp ce sunt pe plaja.
1894	4.4	Un baiat flutura un artificiu de mana.	Un baietel rasuceste un artificiu de mana in aer.
1895	2.6	Cateva persoane stau in jurul unui foc noaptea.	Un grup de oameni stau in picioare si jos pe pamant noaptea.
1896	4.0	Doua rase diferite de caini maro si albi se joaca pe plaja.	Doi caini care se joaca in nisip la plaja.
1897	3.4	Un barbat si doua femei imbracati in costume de vampir	Un barbat si doua femei imbracati in costume.
1898	2.4	Doi baieti, unul purtand palarie, intr-un loc de joaca.	Baiatul cu palarie cafenie rade in timp ce sta langa echipamentul de joaca.
1899	5.0	Doi caini jucandu-se in zapada.	Doi caini se joaca in zapada.
1900	0.4	O femeie tine un copil pe cand un barbat se uita la el in timp ce un alt barbat tinand un copil priveste.	O femeie sta cu bratele intinse intr-un magazin in timp ce o alta femeie tine un aparat foto.
1901	4.6	Un caine alb pufos alearga in zapada alba curata.	Un caine alb, pufos alergand in zapada.
1902	0.0	O femeie tinand un ziar.	Un om dandu-se cu rolele pe o bara de metal.
1903	3.4	Un grup de barbati cantand la instrumente de alama.	Un grup de baieti canta la instrumente afara.
1904	0.0	Doua fete pe mal urmaresc oamenii intr-o barca de pescuit.	Doi barbati, unul in rosu si unul in alb jucand un joc de baschet.
1905	4.0	un snowboarder sare in aer.	Un snowboarder zboara prin aer.
1906	0.6	Un caine alb cu urechi rosii alearga in zapada.	un caine negru ud cu zgarda rosie este in rau
1907	0.4	O fetita si un baietel se tin de mana pe un tobogan stralucitor.	O fetita intr-o rochie cu model alearga peste un loc de joaca nisipos.
1908	4.2	Copiii joaca fotbal pe un camp.	Trei baieti jucand fotbal pe un teren
1909	2.8	Un barbat sare de pe un acoperis pe altul.	Un tanar sare de pe un balcon pe altul.
1910	3.4	Un copil il trage pe altul, stand intr-o remorca rosie, de-a lungul nisipului.	Un baiat tanar trage un alt baiat ce poarta o palarie prosteasca intr-un carucior de jucarie.
1911	2.4	O bufnita are aripile sus si deschise in timpul zilei.	Pasarea are aripile intinse in timp ce zboara.
1912	0.0	Un barbat cu o sapca albastra sta pe un scaun sub un copac.	Un caine stand pe o plaja cu o minge in apropiere.
1913	4.4	O femeie canta la microfon langa un baiat care canta la chitara.	O femeie canta la un microfon cu un chitarist in fundal.
1914	2.8	Trei oi pasc pe un camp ierbos cu un caine plimbandu-se in spatele lor.	un grup mic de capre in iarba cu un caine alb-negru in fundal.
1915	4.4	un biciclist sare cu bicicleta intre doua stanci.	Un barbat sare cu bicicleta in aer intre doua stanci.
1916	1.8	O fata tanara cu o palarie roz cu o cladire galbena in fundal.	O fata tanara in rochie roz cu ceva in mana.
1917	4.0	O fata intr-o rochie roz merge cu bicicleta de-a lungul unui gard de scanduri alb.	O fata in rochie rosie merge cu bicicleta in fata unui gard alb.
1918	1.4	Un animal blanos maro sta in spatele unor plante.	Un caine gafaie in timp ce sta in padure.
1919	1.0	Un copil intr-un tricou rosu foloseste o placa de surf neagra pentru a lovi un val la mal.	Un barbat intr-o barca cu vasle canoteaza peste apa albastra.
1920	3.4	Cainele alb-cafeniu alearga pe camp.	Cainii alb-maro alearga prin camp.
1921	0.8	Doua fete adolescente, una zambeste.	O fetita intr-un leagan de copil.
1922	0.2	Doua pasari ciripind in iarba	Doi caini se joaca unul cu celalalt in aer liber.
1923	3.4	Doi turisti stau in varful unui munte inzapezit.	Doi alpinisti stau in varful unui munte privind in jur.
1924	4.8	Doi copii intr-un camp de flori rosii.	Doi copii se joaca intr-un camp de flori rosii.
1925	4.0	Un tanar sare de pe stanci intr-un lac.	Un tanar in sort de baie rosii a sarit de pe o stanca mare in apa.
1926	3.6	Un caine mic negru este in iarba.	Un caine negru alearga in iarba.
1927	1.0	O doamna imbracata intr-un kimono priveste la aparatul foto.	Doua fete imbracate in negru stau intr-o camera pozand in ipostaze sugestive la camera.
1928	0.0	Un grup de oameni aprind un balon cu aer cald.	Un grup mare de oameni calarind pe cai maronii si albi.
1929	0.0	Copiii se joaca de-a lupta cu sabiile.	Un copil si un parinte mangaie un cal.
1930	1.4	Un barbat navigheaza cu vele in ocean.	Un caine alearga prin ocean.
1931	1.4	Trei caini concurand pe o pista de pamant	Masini concurand pe o pista de pamant
1932	1.2	Doi oameni tinandu-se de mana si plimbandu-se intr-un camp.	Doi barbati trecand pe langa o pictura murala a unei masini.
1933	1.6	Un caine maro urmareste un disc	Un caine maro stand pe vine pe iarba.
1934	5.0	Femeie in salopeta rosie stand pe trotuar.	O femeie in salopeta rosie sta pe trotuar.
1935	2.8	Un caine alearga printr-o curte plina de frunze.	Trei caini alearga printr-un camp.
1936	5.0	doi catelusi jucandu-se in iarba	Doi catelusi se joaca in iarba
1937	1.0	Doi caini alb-negri se joaca impreuna afara.	Doi copii si un caine negru se joaca in zapada.
1938	1.0	Trei caini alergand prin apa.	Un caine negru alergand prin apa.
1939	1.2	O femeie sta singura in fata unui zid de caramida	O femeie merge cu o geanta rosie.
1940	2.6	Un caine maro tinand un bat in gura.	Un caine inotand cu un bat in gura.
1941	0.8	O femeie tanara se intinde peste farfuria sa la o masa.	O femeie tanara, topless cu exceptia vopselei sau noroiului.
1942	3.8	O persoana urca pe un deal inzapezit in timp ce cainele ii urmeaza.	O persoana urca pe un deal inzapezit in timp ce un caine negru o urmareste.
1943	2.0	Un caine maro sta pe plaja.	Un caine alergand pe plaja
1944	5.0	Scafandru scufundat in apa.	Scafandrul este sub apa.
1945	1.8	Barbatul merge cu bicicleta pe un deal de pamant.	Un biciclist scamator se da pe o balustrada.
1946	2.6	Un caine mare gri se joaca in zapada adanca.	Patru caini jucandu-se in zapada.
1947	0.8	Un barbat mergand cu bicicleta pe plaja langa ocean.	Un barbat mergand cu vaca lui pe marginea drumului.
1948	1.0	Un caine intr-o masina.	Un caine musca un mop.
1949	1.2	Un caine cu urechi lungi indreptandu-se spre aparatul foto in padure.	Un copil in fata propriei reflexii se intoarce spre aparatul foto si zambeste.
1950	2.4	Un caine maro da cu apa peste tot prin faptul ca isi scutura apa de pe el.	Un caine alb sta langa un rau scuturandu-se pentru a se usca.
1951	1.8	Un caine alb-negru alearga pe plaja.	Cainele negru cu maro alearga prin zapada.
1952	3.4	Multi oameni din Orientul Mijlociu stau in spatele unui camion albastru.	Un grup de oameni merg in spatele unui camion.
1953	4.2	Persoana cu doua bete de schi schiand pe un deal inzapezit.	O persoana schiand pe un deal inzapezit.
1954	4.6	O femeie mananca peste la un restaurant.	O femeie manancand un peste mare intr-un restaurant.
1955	2.2	Un copil si doi caini se joaca in apa.	Un copil in aripioare de inot ros-albastre uitandu-se in jos la apa.
1956	2.2	Un skateboarder facand un truc pe un perete de piatra.	Un skateboarder mergand pana la o panta.
1957	4.6	Oamenii stau pe o scara rulanta ce merge in sus.	Oamenii urca pe o scara rulanta.
1958	4.2	O doamna isi alearga cainele printr-o cursa de agilitate.	Antrenoarea isi alearga cainele ei printr-o cursa de antrenament cu o pipa verde.
1959	1.4	Cainele alb-maro isi scutura urechile.	Cainele maro alearga peste nisip.
1960	0.2	Cativa copii isi ridica mainile si bat din palme.	Trei copii joaca fotbal in nisip.
1961	0.0	Un barbat umfland un balon mare.	Un barbat plimband un cal mare negru.
1962	3.8	Doi oameni stau pe un ponton langa apa.	Doi oameni stau la capatul unui ponton in mijlocul apei linistite.
1963	4.6	Portar de hochei stand pe gheata in fata plasei.	Un jucator de hochei sta pe gheata in fata portii.
1964	1.4	Un schior purtand pantaloni de schi albastri zboara prin aer aproape de punctul de salt.	Un schior sta in maini in zapada in fata unui aparat de filmat.
1965	3.4	Cainele maro alearga de-a lungul unei poteci ierboase.	Un caine maro alearga de-a lungul unei intinderi ierboase separate de corzi.
1966	0.0	Fata poarta o camasa cu dungi albastre si role.	un barbat purtand o camasa alb-neagra sarind pe spatele unui caine
1967	0.0	Un barbat tatuat in negru cantand la o chitara alba si din voce.	O femeie intr-o haina alb-negra si aparatori pentru urechi.
1968	1.4	Un caine aleargand de-a lungul plajei.	Baiat si fata alergand de-a lungul plajei.
1969	4.6	Un barbat tanar si o femeie se saruta stand pe o banca afara.	Barbatul si femeia se saruta stand pe o banca.
1970	3.2	Un caine maro sare in sus sa prinda o curea verde in gura.	Un caine gri sare sa muste o lesa verde.
1971	3.2	Un caine negru alearga in iarba.	Un caine negru si unul maro alergand in iarba.
1972	0.5	O femeie sta pe un trotuar cu un telefon mobil la ureche.	O femeie merge cu bicicleta ei.
1973	1.2	Trei caini se joaca intr-un camp ierbos.	Cativa copii se joaca intr-un camp.
1974	3.0	Un tanar se joaca intr-o groapa cu bile rosii.	Un baiat razand sta intins pe o groapa cu bile albastre.
1975	4.4	Un surfer pe un val.	Un surfer plutind pe un val.
1976	2.4	Skateboarderul ajunge in varful rampei.	Skateboarderul merge pe teava din perete intr-un parc de skateri.
1977	1.0	Doi barbati intr-un concurs de alergare.	Caini intr-o cursa.
1978	5.0	Doi copii se plimba pe o carare in padure.	Doi copii plimbandu-se pe o carare in padure.
1979	3.4	un caine alb-maro alearga pe iarba.	Cainele negru-cafeniu alearga peste iarba.
1980	4.4	Doi caini alearga unul langa altul pe iarba.	Doi caini alergand pe iarba.
1981	5.0	Doi caini fac pipi la un hidrant de incendiu rosu.	Doi caini urineaza pe hidrantul de incendiu rosu.
1982	0.4	Un jucator de rugby in echipament inchis tine o minge de rugby de culoare deschisa cu bratul intins.	Un caine maro se balaceste in apa in timp ce tine o minge in gura.
1983	1.2	Doi oameni merg prin niste apa.	Doua fete merg pe langa un copac in fata unei cladiri din caramida.
1984	4.0	Un caine balacindu-se in apa.	Un caine se balaceste in apa tulbure.
1985	1.0	Un grup de oameni merg pe trotuarul unui oras mare.	Un grup de oameni merg in spatele unui camion.
1986	1.0	Cainele este in aer deasupra ierbii.	Cainele este culcat pe un pat cu un cearsaf albastru.
1987	0.0	Un caine negru alearga prin niste apa.	Un barbat in uniforma de fotbal alearga cu o minge de fotbal in timpul unui joc.
1988	2.0	Fata sta in metrou asteptand ceva.	O fata sta intr-o zona slab luminata.
1989	0.6	Barbatul sta cu o fetita in parc.	Barbatul se joaca cu cainele mitos mic.
1990	4.4	Un caine mare cafeniu alearga cu un obiect verde in gura	Cainele cafeniu tine o jucarie scartaitoare verde in gura.
1991	0.0	Un grup de oameni in barci intrecandu-se spre tarm.	O clasa de studenti urmarind o prezentare.
1992	0.6	O persoana se da pe un skateboard in aer deasupra unei rampe.	Un motociclist merge de-a lungul unei cai ferate situata langa o zona impadurita.
1993	0.0	Un baiat se da cu skateboardul pe balustrada de metal noaptea.	Un caine maro alearga pe nisip, tinand un bat.
1994	0.0	O persoana se strecoara printr-o deschizatura in fata stancii.	Un caine maro de dimensiuni medii alearga printr-o zona deschisa cu arbori albi.
1995	2.0	Caine alergand spre camera cu o minge in gura.	Cainele alb-negru inoata cu un obiect maro in gura.
1996	4.2	O tanara alergand pe plaja.	O fetita alergand pe malul unei plaje.
1997	1.6	Un jucator de baseball arunca mingea.	Jucatorul de baschet tine mingea.
1998	3.0	Un barbat se leagana pe o franghie deasupra apei.	Un barbat intr-un costum de baie castaniu se leagana pe o franghie pe un lac.
1999	1.0	O fata tanara imbracata intr-o tinuta Minnie Mouse si o femeie mai in varsta mergand pe trotuar.	un barbat imbracat intr-un costum alb tinand un ziar plimbandu-se pe strazi.
2000	3.0	Ce zici de cateva marturii ale unor adevarati experti medicali?	Dealtfel, cine poate spune ca acestea nu sunt marturii ale unor „adevarati” experti medicali?
2001	0.8	Apoi capitanul a plecat.	Apoi capitanul s-a intors.
2002	3.8	Problema este mai simpla decat atat.	Problema e simpla.
2003	1.0	CERINTE NEGATIVE DE RECUNOASTERE	CERINTE PENTRU PACIFIC
2004	0.4	"Pentru moment nu am sa mai intreb: ""Unde este Marx?"""	"O sa continui cu intrebarea: ""Unde este carnea de vita?"""
2005	4.6	Ce chestie, imi ceri sa demonstrez ca ceva este fals?	Imi ceri sa demonstrez ca ceva este fals?
2006	5.0	Sunt de acord cu utilizarea in scop medical!	SUNT DE ACORD CU UTILIZAREA IN SCOP MEDICAL!
2007	2.0	Preturile tuturor produselor de care ai nevoie au crescut din cauza inflatiei.	Preturile a tot ceea ce detii adica bunuri financiare au scazut.
2008	5.0	Razboi in Orientul Mijlociu.	UN RAZBOI in Orientul Mijlociu.
2009	0.6	Postat initial de Vienna: In ce sens era autoritar?	Postat initial de zaf: Eu renunt.
2010	1.0	Imagineaza-ti un loc care e % alb si % negru.	Imagineaza-ti un loc unde % sunt barbati si % sunt femei
2011	5.0	Nu e nicio sansa de un proces echitabil.	Nu exista nicio sansa de un proces echitabil.
2012	3.6	Nirvana este foarte diferita de uitarea completa.	Nirvana NU inseamna a uita complet.
2013	4.0	Noi, in Marea Britanie, gandim diferit fata de americani.	Postat initial de zaf: Noi, in Marea Britanie, gandim diferit fata de americani.
2014	3.1	Daca raspunzi da la si nu la atunci probabil ca esti heterosexual.	Daca raspunzi da la ,dar nu la atunci probabil ca esti heterosexual.
2015	2.2	Intregul pamant produce suficienta hrana un miliard de persoane.	Cine produce acum destul doar pentru un miliard?
2016	3.2	Apropo, el a avut motive intemeiate pentru a amana la aceea vreme.	Motive intemeiate pentru a amana la aceea vreme, zici?
2017	4.4	Hei, Ochi-Albastri, cum merge in Londra?	** saruta pe Ran ** Hei, Ochi-Albastri, cum merge in Londra?
2018	2.2	dar la stiri am vazut ca au mentionat ca e alb.	dar se pare ca ar avea mai putin „impact” daca nu ar fi spus ca e alb.
2019	2.4	Potrivit iubitei si a lui Zimmerman, el a facut-o.	Potrivit lui Zimmerman, a facut-o.
2020	2.8	Parintii mei mi-au spus ca nu este sanatos.	Profesorii mei mi-au spus ca nu este sanatos.
2021	4.6	.Nazi este un termen argotic folosit pentru NSWP.	Postat initial de Odin's eye .Nazi este un alt termen folosit pentru NSWP.
2022	1.0	Ma opun pedepsei capitale.	De aceea sustin pedeapsa capitala.
2023	2.2	Ei bine, oricum esti constient acum.	Ei bine, oricum esti constient de asta acum.
2024	2.2	Ei nu produc nimic care sa pot manca, purta, sau in care sa pot locui.	Ganditi-va la toate lucrurile pe care nu le puteti „manca, purta sau in care nu puteti locui”.
2025	3.8	DICKSHOT apartine lui Matt Holliday.	Hey, Matt Holliday e cel mai bun.
2026	2.8	Oamenii au exploatat legile.	Oamenii au ocolit legile.
2027	2.2	Interesant, am crezut acelasi lucru despre matematica.	Si eu care credeam ca stiu ceva matematica.
2028	2.6	Am drepturi „Neener Neener” pentru multi ani. Folosesc si salata.	Am drepturi pentru „Neener Neener” pentru multi ani. Buna Wiggies!
2029	3.0	"Nu incep sau termin totul cu ""tu urasti evrei."""	"Ar trebui sa incetezi sa incepi sau sa termini totul cu ""tu urasti evrei""."
2030	4.8	As fi intrebat-o daca ar fi ok cu un menage-a-trois.	As fi intrebat-o macar daca un menage-a-trois ar fi inafara oricarei discuti.
2031	1.4	Tot nu are sens.	Tu esti cel care vorbeste aiurea.
2032	1.2	Case mai scumpe.	Masini mai scumpe.
2033	0.8	"Martin a spus: ""De ce ma urmaresti?"""	"Zimmerman a raspuns: ""Ce faci aici?"""
2034	2.0	DESI ESTIMARILE INTENSITATII SATELITULUI DE LA TAFB SI SAB SUNT DOAR T./	ESTIMARILE INTENSITATII SUBIECTIVE DVORAK DE LA TAFB SI SAB AU CRESCUT LA KT.
2035	1.2	„Zanele nu exista” - bine.	„Satirii nu exista” - bine.
2036	2.8	Vrei sa stii ce mi se pare ciudat?	Asta mi se pare ciudat.
2037	2.6	Cand am comparat eu homosexuaitatea cu tulburari de dezvoltare?	Am comparat homofobia cu o tulburare de dezvoltare.
2038	2.6	Daca ati intrebat conservatorii, rezultatele vor fi inclinate spre dreapta.	Daca ati intrebat progresisti, rezultatele vor fi inclinate spre stanga.
2039	0.8	Nu ati mentionat PFA inainte de acel post.	Nu am mentionat nici ordinul de restrictie.
2040	2.4	Ramblin' Rose de Nat King Cole: Suntem cu totii plini de multe minuni.	Eye of the Tiger: Suntem cu totii plini de multe minuni.
2041	3.0	din anul precedent.	S-a incalzit .C comparat cu anul precedent.
2042	1.0	Inca iubesc aceasta emisiune.	La naiba, emisiunea asta.
2043	3.2	vastele lor proprietati sunt protejate de guvern.	averea lor colosala este protejata de guvern.
2044	4.6	Diferenta fundamentala, va rog?	Diferenta fundamentala?
2045	1.4	"Cum anume este Germania ""pedepsita"" pentru stupizenia de Primul Razboi Mondial?"	Cum anume sunt ei pedepsiti?
2046	3.0	Z l-a urmarit si apoi l-a impuscat.	Ai pretins ca Zimmerman „l-a urmarit si apoi l-a impuscat”.
2047	5.0	Nu sunt revoltat, sunt dezampagit.	Doamne ajuta! Nu sunt revoltat, sunt dezamagit.
2048	0.8	Oricum n-am scapat niciodata de acolo!	Si in primul rand, de unde provin banii?
2049	2.11111111111111	Libertatea de exprimare are consecinte!	Daca libertatea de exprimare are consecinte, atunci nu este o libertate.
2050	2.8	Parintii mei mi-au spus ca nu este sanatos.	Profesorii mei mi-au spus ca nu este sanatos.
2051	2.0	daca ai putea ucide o persoana pentru a salva patru, ai face-o?	In ceea ce priveste uciderea unei persoane pentru a salva , habar n-am.
2052	1.1	Nu impune morala.	Impune o lege.
2053	5.0	Depinde de cum definesti extrem.	Depinde de cum definesti „extrem”.
2054	1.2	Cel putin Mexic avea forte de ordine in California.	Mexic nu are nici un drept asupra Californiei.
2055	3.0	Deci DA, noi citim Biblia pentru a afla despre crestinism.	personal as citi Biblia pentru a afla despre crestinism.
2056	4.5	Ah ha, ha, ha, ha, ha!	Ha, ha, ha, ha, ha, ha!
2057	3.4	Si de aceea tipi la mine si refuzi sa-mi raspunzi la intrebari?	Inca refuzi sa-mi raspunzi la intrebari?
2058	3.8	Aveti prea multe regulamente, nu prea putine.	Aveti prea multe interventii in mediu privat, nu prea putine.
2059	4.0	Elementul uman. Cred ca ai putea sa-l angajezi pe Lance Berkman la sfarsitul anului ?	Cred ca ai putea sa-l angajezi pe Lance Berkman la sfarsitul anului ?
2060	2.6	De ce a fost lasata Cartea lui Toma in afara canonului?	De ce nu au fost adaugate mai multe cuvinte ale lui Iisus in canon?
2061	1.8	Vrei sa spui ca tu crezi presa?	Vrei sa spui ca tu crezi ce zice SpringHallConvert?
2062	2.4	Suntem meniti sa exploram.	Suntem meniti sa ne miscam.
2063	3.4	Israelului nu-i pasa, accepta asta.	Israel nu da doi bani pe ce cred restul.
2064	3.4	Suntem cu totii plini de multe minuni.	I Want to Rock and Roll de Kiss. Suntem cu totii plini de multe minuni.
2065	3.6	Timbru de parasuta! Un prieten drag din Ohio mi-a trimis asta.	Un prieten drag din Ohio mi-a trimis asta.
2066	1.6	Si totusi, povestea Titanicului este cea care ramane adevarata si dupa examinarea atenta a dovezilor.	Dupa examinarea atenta realizata de OMI, noul studiu arata ca povestea Titanicului nu e adavarata.
2067	3.2	Poate el cu adevarat castiga bani din Google Adsense.	Cine castiga bani din Google Ads?
2068	4.6	Ei stiu ca videoclipul nu arata o camera de gazare.	Ce conteaza e ca videoclipul nu arata o camera de gazare.
2069	4.4	E cald, probabil e un record.	E si mai cald, aproape sigur un record.
2070	2.2	„Stralucit, dar zapacit” devine „trateaza-l cu medicamente”.	„Pedant si incapatanat” devine „trateaza-l cu medicamente”.
2071	1.2	Care este definitia ta pentru „viata”?	Care este definitia ta pentru natura?
2072	2.2	Ar putea fi o multime de lucruri.	Ar putea fi o simpla greseala.
2073	3.8	Fara santaj, fara mita, fara bani. El cere bani pentru votul sau.	Fara santaj, fara mita, fara bani. Doar infractiuni din clasa E.
2074	4.0	Versiunea revizuita a Dr. Neander.	Versiunea revizuita a lui Neander ?
2075	2.2	Ar trebui sa-i spun ce simt?	Ar trebui sa astept si sa vad cum decurg lucrurile?
2076	0.8	I. CERINTE PENTRU ATLANTIC	CERINTE PENTRU PACIFIC
2077	2.6	nu mai ai nici o ramasita de racheta la pentagon.	nu ai nici un martor pentru existenta unei rachete la pentagon.
2078	2.2	„Jane” vrea ca eu sa il rog pe oaspetele amabil sa plateasca pentru asta.	Nu-mi vine sa cred ca ea iti cere TIE sa ii ceri bani oaspetelui amabil!
2079	1.6	orice femeie care isi doreste medicamente contraceptive, le poate obtine.	Orice femeie care doreste sa faca avort o poate face.
2080	2.6	Este legal sa cresti?	Da, este legal sa cresti.
2081	1.8	Daca apesi unu, nu trece in engleza.	Daca apesi unu trimite un ton.
2082	2.8	Care este parerea mea cu privire la serial?	Intre timp, care a fost parerea mea despre Firefly?
2083	3.6	Suntem cu totii plini de multe minuni.	Chuck Close: Suntem cu totii plini de multe minuni.
2084	2.0	Are sustinatori?	Cu siguranta are sustinatori.
2085	2.2	bine, dar suveranitate suprema?	Prin urmare, suveranitatea suprema.
2086	4.8	acesta nu este un raspuns.	nu, nu este un raspuns.
2087	2.2	Nazistii au crescut termenul de valabilitate a permisului de arma de la X ani la X ani.	Nazistii au scazut varsta minima pentru a cumpara arme de la X la X.
2088	3.6	Dar nu o putem face fara ajutor.	"Nu o putem face fara tine ""."
2089	1.4	Nicio persoana sanatoasa nu are nevoie de jocuri de noroc.	Nicio persoana sanatoasa nu are nevoie de sex.
2090	2.0	Am spus ca in sensul juridic nu este o persoana.	Daca nu este o persoana, atunci ce naiba este?
2091	1.8	Crezi ca Obama va cere reformarea regulamentelor?	Crezi ca Obama va cere sa reduca, sa limiteze sau sa echilibreze lucrurile?
2092	3.0	„Spiridusii nu exista” - bine.	„Elfii nu exista” - bine.
2093	2.0	Am niste Heinz si Coors light, am inceput-o aseara si xanis.	Am inceput-o aseara xanis.
2094	4.2	Iranul a semnat ,de asemenea, si TNN si AIEA.	Trebuie sa iti placa faptul ca Iranul a semnat TNN si IAEA.
2095	2.0	„Gorgonele nu exista” - bine.	„Satirii nu exista” - bine.
2096	3.0	Cel mai bun mod de a scoate bani este sa scapi de lobby.	Cel mai bun mod de a schimba complet situatia este sa scoti bani.
2097	3.4	Am drepturi pentru „Neener Neener” pentru multi ani. De obicei primesc ingrijiri destul de decente.	Am drepturi pentru „Neener Neener” pentru multi ani. Sunt nebuni.
2098	3.6	Dutchy: Are cineva vesti de la Dutchy?	@NickFun: are cineva vesti de la Dutchy?
2099	3.6	Formular extins pentru valoare a marfurilor,.	Formular elementar pentru valoarea de capital pe marfuri.
2100	1.4	Tu esti crestin.	Prin urmare, nu esti crestin.
2101	4.0	Si simplul fapt de astazi?	Repet: Si simplul fapt de azi?
2102	2.0	Valorile morale nu au absolut nimic de-a face cu asta!	si valorile morale si onestitatea au de-a face cu asta!
2103	1.8	„O, esti o persoana atat de buna!	"Esti o persoana atat de rea! """
2104	3.6	Fern, cred ca povestile de acest gen sunt stupide.	- lupule, cred ca povestile de acest gen sunt stupide.
2105	3.4	NU SE ASTEAPTA FORMAREA UNUI CICLON IN ORELE URMATOARE.	NU SE ASTEAPTA FORMAREA UNUI CICLON TROPICAL
2106	1.2	Tu nu intelegi ce inseamna acel sir de cuvinte?	Tu nu intelegi ce presupune cuvantul „condus”?
2107	1.2	Nu avem libertate religioasa.	Nu avem libertate de exprimare.
2108	2.4	Postat initial de SolInvictus Mesajul tuturor scripturilor este unitatea.	Postat initial de SolInvictus Ah.
2109	3.0	La cat timp dupa exterminare, copilul ar trebui sa se intoarca la scoala?	La cat timp dupa exterminare nu ar mai trebui sa il mai deranjeze pe copil?
2110	3.4	Da, un barbat si o femeie sunt diferiti.	Da? Barbatii si femeile sunt diferiti?
2111	2.2	Dubla incriminare impune de fapt un verdict contradictoriu.	In ceea ce priveste legalitatea procesului, pot recurge la verdictul contradictoriu.
2112	1.0	Facilitator: Arata-mi copilul inteligent.	Facilitator: Si de ce este ea copilul prost?
2113	3.2	fictiunea religioasa. Nu este aceasta redundanta si repetitiva?	Nu este asta redundant si repetitiv?
2114	0.0	Postat initial de anabelle Ce este in neregula cu asta?	Postat initial de Viena Pentru „a spune” ce?
2115	1.6	Cracklin' Rosie de Neil Diamond Suntem cu totii plini de multe minuni.	Jingle Bell Rock de Bobby Helm Suntem cu totii plini de multe minuni.
2116	1.6	Unii oameni au incredere deplina in cei care conduc aceste institutii.	Alti oameni nu au deloc incredere in cei care conduc aceste institutii.
2117	2.2	maruntis a inceput ca o fictiune.	S-a sfarsit ca o fictiune.
2118	3.0	Daca nu era viu, nu s-ar fi putut naste.	Daca nu era viu, ar fi suferit un avort spontan pe cont propriu.
2119	2.4	GL, Terral. Este absolut uimitor.	Salut Ollie: Este absolut uimitor.
2120	3.77777777777778	sa presupunem ca % este alb si % este negru.	Imaginati-va un loc care este % alb si % este negru.
2121	2.11111111111111	Libertatea de exprimare are consecinte!	Daca libertatea de exprimare are consecinte, atunci nu este o libertate.
2122	1.0	„Zanele nu exista” - bine.	„Spiridusii nu exista” - bine.
2123	3.2	Daca da, spuneti ca acesta este motivul pentru care nu sunt adevarate.	Va rog, ce anume despre ele nu e adevarat.
2124	2.8	Sa nu vorbesti despre asta „si” sa nu faci nimic.	e si mai rau decat sa vorbesti despre asta si sa nu faci nimic.
2125	1.4	„A fi impotriva armelor nucleare” nu inseamna „ca doresti sa folosesti armele nucleare”.	„A fi impotriva utilizarii armelor nucleare” inseamna „ca nu doresti sa folosesti armele nucleare”.
2126	1.4	Nepoata mea este casatorita cu un barbat de culoare.	Stranepoata mea are un parinte de culoare.
2127	1.0	Populatia Regatului Unit este cu putin peste un milion.	Populatia Joponiei este de aproape un milion.
2128	3.4	Am impuscat seriful Suntem cu totii plini de multe minuni.	Suntem cu totii plini de multe minuni.
2129	2.0	Sper ca nu e nimic important.	Sper ca totul este in regula!
2130	4.2	Banii pe care i-am cheltuit adoptandu-l pe Velociraptor.	Acela poate fi recordul meu. Banii pe care i-am cheltuit adoptandu-l pe Velociraptor.
2131	4.2	Deci tu chiar crezi fiecare cuvant din ceea ce a scris Terral?	GL, Terral Buna Corn: Deci tu chiar crezi fiecare cuvant din ceea ce a scris Terral?
2132	1.6	Ce nu este cum s-a vandut?	Nu este cum a fost vandut, gb.
2133	4.4	Stiu ca nu mi-ar placea sa fiu el.	Nici mie nu mi-ar placea sa fiu el.
2134	4.6	nu era nici o arma.	Bineinteles ca nu era nici o arma.
2135	3.0	Este atat de stupid incat sigur trebuie sa fie adevarat.	Este amuzant sa crezi ca ar putea fi adevarat.
2136	4.4	Nu crezi ca ar trebui sa fie responsabilitate personala?	Din nou, responsabilitate personala.
2137	4.57142857142857	Observati lucrurile fara sens pe care le spuneti?	Si, sa fiu sincer, observati lucrurile fara sens pe care le spuneti?
2138	2.6	Cred ca l-am scos din partea dorsala a recensamantului ca dintr-un joben.	Recensamantul are o finalitate scoasa din joben?
2139	4.4	Si cum se inclina asta impotriva lui Bush??	Unde este orientarea impotriva lui Bush?
2140	4.8	Daca nu ar fi o tampenie, nu ar fi homeopatie.	Asta e o logica simpla. Daca nu ar fi o tampenie, nu ar fi homeopatie.
2141	0.4	Nu l-am acuzat niciodata de dopaj, nimic.	Nu l-am acuzat niciodata de fraudarea unui meci de baseball prin dopaj.
2142	3.8	Planul de salvare a fost mai mare decat TARP (Troubled Asset Relief Program, programul de degrevare a activelor neperformante), conform Bloomberg News.	Planul de salvare a fost mai mare decat TARP (Troubled Asset Relief Program, programul de degrevare a activelor neperformante). Acest titlu este inselator.
2143	2.0	Parintii mei mi-au spus ca este rau pentru tine.	ofiterii mi-au spus ca este rau pentru tine.
2144	1.0	Pozitia lui este ca este vorba despre asumarea riscului individual.	Pozitia lui este asa cum este in prezent.
2145	0.8	I. CERINTE ATLANTICE.	CERINTE PACIFICE.
2146	4.8	Citeste mai mult: Nu ai intalnit niciodata pe cineva care sa fie pro-avort?	Nu ai intalnit niciodata pe cineva care sa fie pro-avort?
2147	0.2	Nu am nicio problema cu cei care au bani!	Am multe probleme cu acesti barbati, mult prea multe pentru a le insira aici!
2148	2.0	Nixon, Ford si Carter au inchis campurile petroliere?	Nimeni nu a inchis campurile petroliere.
2149	1.0	Nu vreau un presedinte caruia „ii pasa”.	Nu vreau un presedinte care sa fie carismatic.
2150	0.0	Nu trebuie sa fie moarte cerebrala.	Nu am un model propus.
2151	3.2	Nicio dovada a proiectilului.	Niciun martor al proiectilului
2152	2.2	Profesorii mei mi-au spus ca este rau pentru tine.	ofiterii mi-au spus ca este rau pentru tine.
2153	4.2	Doamne, eu sunt cea la care sarcina bate la usa.	Am o sarcina care bate la usa.
2154	1.4	Atunci el nu este atotputernic.	Atunci el este rauvoitor.
2155	3.0	palarie din folie de aluminiu pentru fata de caine, ce marime porti?	palarie din folie de aluminiu pentru sergent, ce marime porti?
2156	4.2	La fel ca aceasta persoana, in varsta de ... ani, care a fost impuscata mortal intr-o tranzactie legata de marijuana.	Sau baiatul de ... ani, impuscat mortal, cu arme automate, de dealerii de marijuana.
2157	2.6	Daca sari pentru lovitura, primesti o penalizare.	Daca batul tau loveste un tip in fata, primesti o penalizare.
2158	2.4	TOATA energia electrica vine de la baterie.	TOATA energia electrica vine, in final, de la alternator.
2159	2.4	Stiti cati pasageri au depus marturie sau ce au declarat?	Cati pasageri au declarat ca au vazut un ghetar?
2160	1.6	Imagineaza-ti un loc cu % barbati si % femei.	Imagineaza-ti un loc cu % alb si % negru.
2161	1.75	Scenariul A presupune ca rata de crestere a CO este accelerata cu .% /an.	Presupune ca rata de crestere a metanului accelereaza cu . % / an.
2162	4.6	Ele au aratat de fapt o tendinta de racire din ... din cauza recentului declin.	primeste un trend de racire din partea ... din cauza recentului declin.
2163	3.0	Cu totii suntem vase care purtam minuni.	Landon, Memorie din Cats: Cu totii suntem vase care purtam minuni.
2164	4.5	de repetat: Ei NU sunt la fel de suverani precum erau inainte.	Ei NU sunt la fel de suverani precum erau inainte.
2165	4.25	Iesit din mana si complet nedemn de incredere, cu toate acestea, nu ar face.	Iesit din mana si nedemn de incredere?
2166	3.6	In mare parte sunt doar olandezii.	De fapt, sunt doar olandezii.
2167	4.8	Vorbim din nou despre ingeri si oameni de rand, nu e asa?	@Lustig Andrei, vorbim din nou despre ingeri si oameni de rand, nu e asa?
2168	2.6	Afirmatii despre caracterul lui Trayvon. Si cand am facut asta?	Blogurile Slanted: Si cand am facut eu asta?
2169	2.6	% Cati bani ia PP pentru serviciile de avort?	Cat se cheltuieste pentru serviciile de avort?
2170	2.4	De ce a avut loc acea tranzactie.	A avut loc tranzactia?
2171	2.4	Nu mai exista ovocite dupa fecundare.	Nu mai exista spermatozoizi.
2172	4.0	Lacey - bine ai revenit!	Oricum, bine ai revenit!
2173	4.4	Mai multe verificari ale faptelor: nu stiu de ce face cineva atata caz pentru pariul de $.	Nu stiu de ce face cineva atata caz pentru pariul de $.
2174	2.4	Daca nu ai facut nicio cerere, atunci doar spune asta.	Nu am facut nicio cerere.
2175	2.4	Niciun adept al lui Thatcher nu se poate declara vreodata libertarian.	Deci ma jigneste cand adeptii lui Thatcher se declara libertarieni.
2176	2.46666666666667	problema nu este cine are bani.	problema este cine nu are bani.
2177	2.8	Dar tu chiar crezi ca a fost un ghetar in acele ape?	Nu cred ca a fost vreun ghetar nicaieri pe langa Titanic.
2178	3.0	Fara echipele Astros sau Orioles, zi proasta pentru Orioles: jocul este inghetat pentru mine.	Ziua de joc pentru meciul Orioles e fixata pentru mine.
2179	2.4	Daca e asa, multi politisti ar trebui sa ia medicamente eliberate pe baza de reteta.	Daca e asa, multi inventatori, scriitori ar trebui sa ia medicamente eliberate pe baza de reteta.
2180	4.0	Spune-ne care au fost acuzatiile.	Da, care sunt acuzatiile lui.
2181	1.8	Aceia sunt partial psihopati.	A fost Ted Bundy partial psihopat?
2182	4.2	cei care ignora istoria sunt sortiti sa o repete.	ooo lovitura a DOUA cei care ignora istoria sunt sortiti sa o repete.
2183	2.4	Aceasta NU este o desfasurare de forte militare in razboi.	nu este o trimitere oficiala in misiune.
2184	3.6	Nutrax. Pluralul de la „anecdota” nu este „date”. Au nevoie domnii de insotitori?	Nutrax. Pluralul de la „anecdota” nu este „date”.
2185	4.0	Bine, tocmai am primit-o.	nu bine. Bine, tocmai am primit-o.
2186	3.0	Eu si H am citit amandoi cartile si am crezut ca filmul avanseaza foarte repede.	Nu am citit cartile, dar am vazut filmul astazi.
2187	2.4	Totusi, aceasta nu este scena Moloch.	Aceasta este scena Moloch.
2188	4.4	@Lustig Andrei, Deci Lyndon Johnson si John Kennedy au fost compatibili?	@edgarblythe, Deci Lyndon Johnson si John Kennedy au fost compatibili?
2189	0.6	Trebuie sa te hotarasti.	Trebuie sa iti revizuiesti aptitudinile logice.
2190	1.4	Cel care merge apoi pe jos catre casa si se culca.	Cel care merge de trei ori pe jos catre casa si isi bate sotia.
2191	3.8	@Admin DrPizza si uitasem ce plangacios mic esti.	si uitasem ce plangacios mic esti.
2192	4.2	Argumentul a fost „Albert Einstein nu a mers la facultate”.	OMG, „Einstein nu a mers la facultate”.
2193	2.4	Castiguri de capital, la rata maxima:... procente.	Impozitul pe venit, la rata maxima: ... procente.
2194	1.0	Excesul este inacceptabil.	A fi beat este inacceptabil.
2195	3.4	El nu a mai fost amuzant de ani buni.	El nu a mai fost amuzant de cand Larry Bud Melman a fost in spectacol.
2196	2.4	Daca universul are o explicatie pentru existenta sa, acea explicatie este Dumnezeu.	Prin urmare, universul are o explicatie pentru existenta sa.
2197	5.0	Ce primim in schimbul luptei pe care o ducem pentru ei?	------ ---------- Ce primim in schimbul luptei pe care o ducem pentru ei?
2198	1.2	Nu ar opri casatoriile facute in gluma.	Si eu nu lupt pentru casatorie.
2199	2.2	Daca ei ar fi evrei, i-as numi evrei.	Daca ei ar fi catolici, i-as numi catolici.
2200	4.0	Era o doamna grozava.	Era o doamna draguta.
2201	0.8	Nu este bogat pentru ca are succes.	De ce sa urasti oamenii pentru ca au succes?
2202	1.75	Nu la fel de iritat ca tine.	Pari la fel de iritat ca Henry.
2203	2.5	Este o chestiune de bun simt/de rationament deductiv.	A evidentiat bunul tau simt/ rationamentul deductiv.
2204	0.8	Ai facut deja asta - avem un musulman in functie acum.	-CryptoLutheran: Nu. Avem un crestin in functie acum.
2205	3.4	Am spus ca ea nu a trebuit niciodata sa fie parte a fortei de munca.	Ann Romney nu a trebuit niciodat sa iasa din casa si sa fie parte a fortei de munca.
2206	3.0	Din cate stiu, pe DreamTech nu s-a ejaculat niciodata.	Din cate stiu, nu s-a ejaculat niciodata pe aceasta.
2207	1.2	Nu am spus ca ne-am inmuiat de la / Rand.	Am spus ca TU ai devenit moale.
2208	3.8	Cu totii credem ca obtinem ceea ce asteptam.	De cele mai multe ori, % din timp, primim ceea ce ne asteptam.
2209	4.4	Despicable Ben, inceteaza sa mai cauti scuze pentru om.	Ben, inceteaza sa mai cauti scuze pentru om.
2210	3.6	Doar daca nu e diferit in tari diferite?	Deci, pe scurt, da, probabil e diferit in tari diferite.
2211	2.2	Noul studiu nu sustine afirmatia ta.	Dovezile fizice nu sustin afirmatia ta.
2212	4.6	El a spus la FIECARE nivel.	Dar el a spus FIECARE nivel.
2213	2.2	moralitatea nu exista, deci, tehnic, nimic nu poate fi gresit din punct de vedere moral.	Intreb din nou: daca Dumnezeu nu exista, poate fi ceva gresit din punct de vedere moral?
2214	4.0	Am crezut ca, in mare parte, sunt doar olandezii.	Sunt in mare parte doar olandezii.
2215	3.2	Toyland, de Johnny Mathis: Cu totii suntem vase care purtam minuni.	Eye of the Tiger (Ochiul Tigrului): Cu totii suntem vase care purtam minuni.
2216	3.8	Hai sa lasam asta sa se joace in instanta.	Nimic nu impiedica acest lucru sa se joace in instanta.
2217	1.8	A face parte dintr-o banda nu este o crima.	A comite o crima in cadrul unei bande este o infractiune.
2218	4.2	As oferi Iranului o intelegere.	Chuck, as oferi Iranului o afacere.
2219	1.2	Da, amandoi sunt diferiti.	Opiniile sunt diferite.
2220	1.1	Nu presupune sa impui o morala.	Impune o lege.
2221	3.8	Si-a folosit vreodata Annie sexualitatea in felul acesta?	Un cuvant: zombi. Si-a folosit Annie vreodata sexualitatea in acest mod?
2222	2.4	COMUNISM PUR: Ai doua vaci.	LIBERTARIAN/ANARHO-CAPITALISM: Ai doua vaci.
2223	3.4	Ar trebui sa pui oamenii de stiinta pe un piedestal.	De ce oamenii ca tine pun oamenii de stiinta pe un piedestal?
2224	3.6	Ce incearca ei sa ascunda?	Apoi am intrebat: Ce incearca ei sa ascunda?
2225	3.0	Asta te-ar face partial responsabil pentru moartea lor.	Asta te-ar face un fel de accesoriu, cred.
2226	0.0	„Ati vrea sa platiti pentru asistenta medicala a altora?”	„Ati vrea sa va puneti centura de siguranta?”
2227	4.4	Ei NU sunt la fel de suverani precum erau inainte.	de repetat: Ei NU sunt la fel de suverani precum erau inainte.
2228	2.0	Nu il vad pe Obama ca fiind cel mai mic dintre cele doua rele.	Nu il vad deloc ca fiind rau.
2229	3.2	Or this one (Ori acesta), de Jim Croce: Cu totii suntem vase care purtam minuni.	Cu totii suntem vase care purtam minuni.
2230	3.4	Ideea este ca un copil neinarmat a fost ucis.	Ideea este ca a fost ucis un copil neinarmat care era negru.
2231	0.9	"Zimmerman a raspuns: ""Ce faci aici?"""	"Martin a spus: ""De ce ma urmaresti?"""
2232	1.6	Am o problema cu nereligiosul care face asta.	Nu am o problema cu religia care nu face asta.
2233	3.2	Daca sunt suparat, va aparea intr-una din aceste scanari..	Daca sunt hiperactiv, va aparea intr-una din aceste scanari.
2234	1.4	Cui ii pasa daca vrei sa cumperi $ miliarde in actiuni ale companiei XYZ Inc.?	Daca vrei sa cumperi o casa sau un SUV, din nou, cui ii pasa?
2235	1.53333333333333	Miliard. Toata lumea de pe glob se afla la nivelul actual de prosperitate al Mexicului.	Toata lumea de pe glob se afla momentan la nivelul de „prosperitate” al Africii de nord-vest.
2236	3.1	Daca raspunzi cu „da” la si cu „nu” la probabil esti hetero.	Daca raspunzi cu „nu” la , dar cu „da” la , atunci probabil esti hetero.
2237	4.2	Uneori imi imaginez ca am putere.	Uneori si eu imi imaginez ca se inclina oamenii in fata puterii mele demente.
2238	2.8	Parintii mei mi-au spus ca este rau pentru tine.	Seriful meu mi-a spus ca este rau pentru tine.
2239	3.6	Revolta lui Atlas. Este de asemenea o performanta notabila in ceea ce priveste prostia.	Este, de asemenea, un interpret minunat in ceea ce priveste prostia absoluta.
2240	2.4	De unde sa stie Martin ca nu a fost asa?	De unde sa stie Martin sau oricine altcineva intentiile sale pe baza actiunilor sale?
2241	2.4	Regulamentul face ca guvernul sa se implice in toate.	„Ca guvernul sa se implice in toate?”
2242	2.5	Este un lucru ce tine de bun simt / rationament deductiv.	Ti-a impiedicat simtul comun / rationamentul deductiv.
2243	2.8	Da, am presupus ca toate ambalajele vor fi reciclabile in argumentul meu.	Si eu am presupus la fel in argumentul meu.
2244	3.6	Verdictul contradictoriu nu inseamna ca o lege este neconstitutionala.	Verdictul contradictoriu inseamna ca o lege este neconstitutionala?
2245	2.2	Sunt doar niste de celule.	Eu sunt doar „niste celule”.
2246	1.6	Munca lui Mann era despre matematica.	Munca lui Mann si HS a fost despre inele de copac.
2247	4.0	Imi pare foarte rau sa aud asta, Kelly.	Imi pare foarte rau, Kelly.
2248	3.0	Nu-mi plac berile cu aroma.	Nu-mi plac multe bauturi aromate.
2249	1.6	Sper ca totul este in regula!	Sper ca cel drag tie e bine.
2250	1.6	orice femeie care isi doreste medicamente contraceptive le poate obtine.	Orice femeie poate sa faca avort daca doreste.
2251	4.6	S Dupa cum doriti: il vedeti pe Hitler ucigand evrei?	Il vedeti pe Hitler ucigand evrei?
2252	4.0	Si eu sunt prietenul tau Mitt.	bunul prietenul tau Mitt.
2253	1.6	Inseamna ca e o optiune.	Nu inseamna ca e o optiune rea.
2254	5.0	Cred ca trebuie sa recitesti ceea ce am scris.	Trebuie sa recitesti ceea ce am scris.
2255	3.77777777777778	Sa presupunem ca avem % alb si % negru.	Imaginati-va un loc care e % alb si % negru.
2256	1.8	"Mama a dat buzna inauntru si a spus: ""Ce-i acest zgomot?"""	Copiii mei au dat buzna inauntru si au spus „ce-i asta tata?”
2257	3.6	Cel mai bun prieten al meu, Kutte, fostul meu logodnic, nu ar apela la VA sau la medicul Marinei.	Jay, fostul meu logodnic, nu ar apela la VA sau la medicul Marinei.
2258	2.8	Titularul a completat o scrisoare de trei pagini.	Judecatorii dispun ca o scrisoare de trei pagini sa fie completata.
2259	2.2	@Lustig Andrei, Lustig, de acord.	@Lustig Andrei, Multumesc, Lustig.
2260	4.8	Aceasta eclipseaza vechiul record al instalarii.	Acest lucru bate recordul zilnic al instalarii.
2261	0.9	Zimmerman a raspuns: „Ce faci aici?”	Martin a spus: „De ce ma urmaresti?”
2262	1.6	Nu stiu cat de legitim este acest lucru, dar am auzit ca are oarece tendinte sinucigase.	Deci, nu stiu cat de legitim este acest lucru, dar da.
2263	4.8	impozitul municipal Nu a fost inghetat impozitul municipal pentru majoritatea oamenilor?	Nu a fost inghetat impozitul municipal pentru majoritatea oamenilor?
2264	0.4	Umorul tau devine invechit.	Misoginismul tau devine deranjant.
2265	1.6	Asa functioneaza?	Nu, nu asa functioneaza.
2266	4.4	Inspirati, expirati, continuati!	buwhahahaha Inspirati, expirati, continuati!
2267	3.8	asteptati pana cand devin mai consistente si dese.	asteptati ca contractiile sa devina mai puternice si dese.
2268	4.8	Obama este extremist de stanga.	Obama face parte din extrema stanga.
2269	2.5	@Frank Apisa, felul in care vrei sa o numesti depinde de tine.	@Cyracuz, felul in care vrei sa o numesti depinde de tine.
2270	2.6	Verdictul contradictoriu nu are nicio legatura cu constitutionalitatea legilor.	Verdictul contradictoriu inseamna ca o lege nu este constitutionala?
2271	4.4	Despre ce condamnare vorbeai mai inainte?	Ce condamnare ar fi asta?
2272	4.6	Asa ca am citit de fapt OP-ul si ghici ce am aflat.	Mai mult, am gasit asta: deci am citit OP-ul si ghici ce am aflat.
2273	3.6	Guvernul nu stabileste daca sunteti casatorit sau nu.	Guvernul nu trebuie sa te declare casatorit inainte de a putea fi casatorit.
2274	1.8	Democratia este o amenintare la adresa libertatii.	Democratia nu are nicio legatura cu libertatea.
2275	4.0	Buna Pro si Corn: Cate fire intentionezi sa faci?	Cate fire intentionezi sa faci?
2276	4.0	Spune-mi exact ce sistem nu functioneaza acum?	Deci, ce sistem nu functioneaza?
2277	4.0	O, si afirma din nou ca casatoria este un drept fundamental al omului.	Mai ales dupa ce a declarat ca casatoria este un drept fundamental al omului.
2278	4.2	De ce sunt rusii in Damasc?	Rusi in Damasc!
2279	1.8	Da, este vorba de diluare.	Er, nu asa functioneaza diluarea.
2280	3.8	Da, nici eu nu cred ca este atat de controversat.	Nu cred ca ceea ce spune ea este atat de controversat.
2281	4.0	Operatiunea Haos este doar votul oamenilor.	Haosul este doar votul oamenilor.
2282	1.2	Postat initial de JonD Doubtful.	Postat initial de eleanor.ellis
2283	3.0	Gaz clasic Suntem cu totii fiinte pline de multe minuni.	Genericul din Cheers: Suntem cu totii fiinte pline de multe minuni.
2284	4.5	a repeta: nu sunt atat de suverani precum erau inainte.	Nu sunt atat de suverani precum erau inainte.
2285	2.0	Morala nu are absolut nimic de-a face cu asta!	iar morala si onestitatea au totul de-a face cu asta.
2286	3.0	Port conversatii cu Cornell West Dragul meu frate.	Port conversatii cu Cornell West Dragul meu frate Ce naiba este asta?
2287	4.6	Nu exista razboi in Orientul Mijlociu.	Nu exista „RAZBOI” in Orientul Mijlociu.
2288	2.4	Nu intentiona sa-l prinda.	Nu am spus ca el intentiona sa-l prinda.
2289	3.6	Suntem cu totii fiinte pline de multe minuni.	Puneti putina iubire in inima voastra. Suntem cu totii fiinte pline de multe minuni.
2290	2.4	Esti „o gramada de celule”.	Sunt „o gramada de celule”.
2291	1.4	Ce este un dus pentru fete?	Tu esti un dus pentru fete.
2292	2.0	Verdictul contradictoriu inseamna ca o lege nu este constitutionala?	Nu. Verdictul contradictoriu nu inseamna ca o lege este neconstitutionala.
2293	4.0	Cu siguranta NU este ceea ce era.	votat Cu siguranta NU este ceea ce era.
2294	3.4	Sarcina de a convinge consumatorii ca un produs este sigur ii revine producatorului.	Producatorul trebuie sa convinga guvernul ca este sigur.
2295	0.8	Cred ca nu ai inteles ideea in ceea ce priveste antreprenorii.	Din nou, cred ca nu ai inteles ideea in ceea ce priveste citatul din Twain.
2296	1.6	„Ciclopii nu exista” - bine.	„Goblinii nu exista” - bine.
2297	1.6	"„In ea era o boala mintala, acum ce te invata ei?""”"	El a afirmat ca a fost o boala mintala, cum este acest lucru bigotism?
2298	1.8	Landon si deci acesta este Craciunul. Suntem cu totii fiinte pline de multe minuni.	Joaca cu focul Suntem cu totii fiinte pline de multe minuni.
2299	1.8	Lui Bush nu i se recunosc meritele pentru bugetul din timpul mandatului sau.	Si, lui Obama nu i se recunosc meritele pentru bugetul din timpul mandatului sau.
2300	1.8	Oamenii pacatosi nu ajung in Rai.	Sau pacatul este indepartat la intrarea in Rai.
2301	3.0	La cat timp dupa exterminare, copilul ar trebui sa se intoarca la scoala?	La cat timp dupa exterminare nu ar trebui sa mai deranjeze copilul?
2302	3.8	Sfant sfant Suntem cu totii fiinte pline de multe minuni.	Spune ce vrei Suntem cu totii fiinte pline de multe minuni.
2303	1.2	Care a fost „raspunsul” la Chicago?	Care va fi reactia in California?
2304	4.2	Intreaga chestiune nu are nici un sens.	Vezi, chestia asta nu are nici un sens.
2305	4.8	Cine se presupune ca ar fi operat camerele cu gaz otravitor?	Reimprospatati-va memoria: Cine se presupune ca ar fi operat camerele cu gaz otravitor?
2306	3.6	Prin urmare, explicatia existentei universului este Dumnezeu.	Daca exista o explicatie pentru existenta universului, acea explicatie este Dumnezeu.
2307	1.4	Predispozitia genetica pentru rezistenta la cancer se datoreaza unei structuri genetice superioare.	Predispozitia genetica pentru Alzheimer se datoreaza unei structuri genetice inferioare.
2308	4.57142857142857	Realizezi lucrurile fara sens pe care le spui?	Si, ca sa fiu sincer, realizezi lucrurile fara sens pe care le spui?
2309	1.2	Folosirea fortei in apararea persoanei.-A	Folosirea fortei de catre agresor.
2310	3.6	Asta arata datele disponibile.	Asta arata consemnarile istorice.
2311	3.0	Bucuria lumii Suntem cu totii fiinte pline de multe minuni.	Genericul din Cheers: Suntem cu totii fiinte pline de minuni.
2312	2.6	Am crezut ca in mare parte sunt doar olandezii.	De fapt, sunt doar olandezii.
2313	2.2	Am urmarit copiii jucandu-se.	Imi place sa vad cum se joaca copiii.
2314	4.8	David @OmSigDAVID, cred ca Santorum este mai predispus decat Gingrich.	@sozobe, cred ca Santorum este mai predispus decat Gingrich.
2315	2.8	Se privesc unul pe altul!	De ce se uita unul la altul asa?!?!
2316	2.6	Conduci unul?	Conduci un nenorocit de Volt?
2317	1.4	Am o problema cu religia care face asta.	Cu ateismul care nu face asta nu am o problema.
2318	1.6	Cred ca el ar fi mai bun pentru dobanzile americane in general.	Ar fi el mai bun pentru societatea americana?
2319	4.4	nu e o problema constitutionala.	din nou, aceasta nu este o problema constitutionala.
2320	4.2	nebunilor... ati crezut musamalizarea... carlig	Buna Eots: nebunilor... ati crezut musamalizarea... carlig
2321	1.6	„Ce face apasarea numarului unu?”	„Apasand numarul unu se seleacteaza engleza.”
2322	4.4	Ce condamnare ar fi asta?	Despre ce condamnare vorbeai mai inainte?
2323	3.8	Postat initial de spikdboy Nu sunt dorinte desarte, ci mai degraba realiste.	Postat initial de objectivism Nu sunt dorinte desarte, ci mai degraba realiste.
2324	3.4	Pentru a nu stiu cata oara, nu am spus niciodata ca reabilitarea nu functioneaza.	Ideea pe care o citati ar trebui sa spuna „Nu am spus niciodata ca reabilitarea nu ar putea functiona niciodata”.
2325	3.0	Charlie Rangel Cenzurat A vazut cineva filmarea?	A vazut cineva filmarea acestuia?
2326	2.0	Octombrie Rosu in repaus.	Vulpea Rosie in repaus.
2327	3.2	Dar nu asa sunt scrise briefurile legale.	Nu asa functioneaza rationamentul legal.
2328	3.0	Nu, niciunul dintre acesti factori nu explica incalzirea recenta.	Nu stiti daca acesti factori explica incalzirea sau nu.
2329	3.4	Stone l-a anuntat pe capitanul Lord.	Si el l-a anuntat pe capitanul Lord.
2330	2.2	Obiectivul principal al Dialecticii Sistemice este sincronic, nu diacronic.	Astfel, Dialectica Meta-Sistematica este o dialectica Diachronico-Sincronica.
2331	2.6	Conduci unul?	Conduci un nenorocit de Volt?
2332	0.8	Si asta se intampla in statele controlate de GOP.	Michigan este un stat controlat de GOP.
2333	4.2	in bazinul Foxe era inghetat.	Foxe era in mare parte inghetat.
2334	4.2	@Frank Apisa, Frank, observ si percep.	@cicerone impostor, Frank, observ si percep.
2335	1.2	Guvernul hotarand ce sarcini trebuie duse pana la termen, asta este in regula.	Guvernul spionandu-si proprii cetateni, asta e in regula.
2336	2.8	Puneti putina iubire in inima voastra Suntem cu totii fiinte pline de multe minuni.	Landon Si Deci acesta este Craciunul Suntem cu totii fiinte pline de multe minuni.
2337	1.0	Mai mare decat la suta, dar nu foarte mare.	Mai mic decat la suta, dar nu foarte scazut.
2338	1.6	Ce nu este cum s-a vandut?	Nu este cum a fost vandut, gb.
2339	2.6	Cu siguranta Dumnezeu nu exista.	Probabil ca Dumnezeu nu exista.
2340	4.4	Inspirati, expirati, continuati!	buwhahahaha Inspirati, expirati, continuati!
2341	2.0	Este un indicator excelent al schimbarilor climatice.	Cred ca suntem cu totii de acord asupra naturii schimbarii.
2342	1.8	Partea buna a locuitului aici este ca exista spatiu.	Partea proasta este ca exista spatiu.
2343	4.5	Ah ha, ha, ha, ha, ha!	Ha, ha, ha, ha, ha, ha!
2344	3.8	Nu inteleg cum va fi interzisa libertatea de exprimare.	Libertatea ta de exprimare nu va fi cu mult mai ingradita decat este astazi.
2345	3.2	Intrebarea trebuie pusa.	Este o intrebare la care trebuie sa se raspunda.
2346	2.8	Tu pretinzi ca pretuiesti foarte mult viata.	Pretind ca pretuiesc foarte mult viata.
2347	1.8	Postarile Infestarii.	Postarile tantarilor.
2348	4.6	Nu vreau un presedinte caruia „sa ii pase”.	nu vreau un presedinte care sa fie plin de compasiune.
2349	2.4	ai ceva care sa o faca mai putin convingatoare sau nu?	Ai ceva care sa o faca mai convingatoare?
2350	3.4	Pentru a nu stiu cata oara, nu am spus niciodata ca reabilitarea nu functioneaza.	Ideea pe care o citati ar trebui sa spuna „Nu am spus niciodata ca reabilitarea nu ar putea functiona niciodata”.
2351	2.4	Gaz clasic Suntem cu totii fiinte pline de multe minuni.	Time of the Season al celor de la Zombies Suntem cu totii fiinte pline de multe minuni.
2352	4.0	Peeve Deci suntem de acord ca, in principiu, a intrat in cadere libera?	Suntem de acord ca, in principiu, a intrat in cadere libera?
2353	1.0	Oamenii pro-viata nu vor ca o femeie sa poata alege sa faca avort.	Oamenii care sunt pentru posibilitatea alegerii nu incearca sa forteze pe cineva sa avorteze.
2354	3.4	Deci, raspunde la intrebare.	Nu mai evita intrebarea.
2355	4.2	Haiti este o cloaca.	Haiti a fost o cloaca.
2356	1.2	Cred cu tarie ca a existat un aisberg in acele ape.	Nu cred ca a existat vreun aisberg prin apropierea Titanicului.
2357	4.4	Fata francizei: partea cea mai proasta este ca nici macar nu este fan Leafs!	Partea cea mai proasta este ca nici macar nu este fan Leafs!
2358	4.0	Sunt complet de acord Sper ca va intra intr-un al doilea mandat.	Sper ca va intra intr-un al doilea mandat.
2359	0.4	Jake cu pasa de gol.	Voracek cu golul.
2360	3.2	Este posibil ca casa lui sa fie afectata si scoala nu?	Sigur, este posibil ca casa lui sa fi fost afectata, insa scoala nu.
2361	4.2	Oamenii se trezisera.	Pentru ca oamenii se trezisera.
2362	4.0	Umm California a fost un vas cargo Nu-mi pasa ce spune articolul.	California a fost un vas cargo
2363	2.6	Umm, aceasta afirma destul de clar, „statutul este presupus constitutional”.	Si pana cand vor decide asta, „statutul se presupune constitutional”.
2364	3.4	Florida Ignoranta este a ta!	Ignoranta este a ta!
2365	1.6	Voi striga pentru a se face dreptate pentru Trayvon.	Oamenii care striga in favoarea dreptatii pentru Trayvon sunt cu totii ipocriti.
2366	2.2	De unde stii ce este bine si ce este rau?	De unde stii care poveste este cea corecta?
2367	5.0	Ha, ha, ha, ha, ha, ha!	Ah ha, ha, ha, ha, ha!
2368	0.6	Iar Nugent a fost un prost desavarsit pentru ca a spus ce a spus.	Natalie a fost o proasta desavarsita pentru ca si-a insultat fani.
2369	1.2	Este numai vina lui Bush.	Obama este vina lui Bush.
2370	2.4	"Ar trebui sa incetezi sa incepi sau sa termini totul cu ""urasti evreii""."	Nu incep sau termin totul cu „urasti evreii”.
2371	2.4	N-am inteles partea in care spunea ca oamenii de culoare urmau sa se revolte.	Niciodata nu am spus ca oamenii de culoare urmau sa se revolte.
2372	2.0	Cu toate acestea, nu ar fi trebuit sa o declarati.	Si nu trebuia.
2373	4.6	Proverbe Ioan Botezatorul s-a nascut nazarinean.	Ioan Botezatorul s-a nascut nazarinean.
2374	2.2	Iacov: spune ca credinta fara fapte este moarta.	Pavel nu a predicat credinta fara fapte.
2375	1.53333333333333	miliard. Toata lumea la nivelul actual de prosperitate al Mexicului.	Toata lumea la nivelul actual de „prosperitate” din nord-vestul Africii.
2376	4.6	si videoclipurile datelor seismice nu echivaleaza cu durata colapsului.	Datele seismice nu echivaleaza cu durata colapsului.
2377	2.2	Postat initial de Lone Fox Ati spus asta de mai multe ori.	Postat initial de Lone Fox Si nici nu este vorba despre iranieni.
2378	2.6	S-ar putea sa nu iti placa opiniile lui Obama, dar sunt ale lui.	S-ar putea sa nu-ti placa pozitiile pe care le ocupa, dar cel putin le are.
2379	3.0	Dar chiar crezi ca a existat un aisberg in acele ape?	Cred cu tarie ca a existat un aisberg in acele ape.
2380	1.4	Pur si simplu nu exista sanse de castig pentru Obama in randul conservatorilor.	Aceasta este o acuzatie serioasa venita din partea unui conservator.
2381	1.6	Satana reprezinta ingaduinta in loc de abstinenta!	. Satana reprezinta razbunare in loc de intoarcerea celuilalt obraz!
2382	3.8	Atata timp cat se plateste impozitul pe acea vanzare.	Atata timp cat se plateste impozitul.
2383	1.2	fix?: Islamul in sine nu este politic.	Islamul a fost intotdeauna politic.
2384	4.0	Martie este, de asemenea, data rascoalei din CHINA.	Postat initial de Vitchilo martie este, de asemenea, data rascoalei din CHINA.
2385	5.0	Sper ca totul este in regula!	Sper ca totul este in regula.
2386	3.2	Intelegi de ce este absurd sa limitezi intrebarea la rezidentii Statelor Unite ale Americii?	Intelegi de ce cei care nu sunt rezidentii ai Statelor Unite ale Americii sunt de asemenea relevanti pentru statistici?
2387	4.0	Am vazut OZN-uri peste Varsovia in trecut.	Submis cu respect, Steve Am vazut OZN-uri peste Varsovia in trecut.
2388	4.6	depinde ce actiune le continua agenda lor neserioasa din acest moment.	in funtie de ce actiune le continua agenda lor neserioasa / depinde ce actiune le continua planurile neserioase
2389	3.8	Sunteti de acord ca nu am facut nicio revendicare?	Astfel incat sa admiteti si sa verificati ca nu am facut nici o revendicare.
2390	2.4	Zimmerman spune ca a fost un lovit prin surprindere de masina sa.	„Prietenii” sai spun ca s-a confruntat cu masina sa.
2391	4.6	Nu exista „RAZBOI” in Orientul Mijlociu.	Nu exista razboi in Orientul Mijlociu.
2392	3.8	"O parte din ""pro-viata"" este opozitia fata de legalizarea avortului."	Pro-viata se refera, de asemenea, la „opozitia fata de avort”.
2393	2.8	Castiguri de capital, rata maxima: procent.	Venit, rata maxima: procent.
2394	2.8	Time of the Season al celor de la Zombies Suntem cu totii fiinte pline de multe minuni.	Genericul din Cheers: Suntem cu totii fiinte pline de multe minuni.
2395	4.0	Nu, iti arat ca esti ignorant in mod deliberat.	LOL, esti atat de ignorant.
2396	3.0	Suntem cu totii fiinte pline de multe minuni.	Jingle Bell Rock de Bobby Helm Suntem cu totii fiinte pline de multe minuni.
2397	2.46666666666667	problema nu este cine are bani.	problema este cine nu are bani.
2398	2.8	Din pacate, Ford a acceptat banii contribuabililor.	Ford nu a acceptat banii contribuabililor pentru a salva compania.
2399	1.0	Musulmanii ar spune acelasi lucru despre Coran.	Hindusii ar spune acelasi lucru despre Bhagavad Ghita.
2400	3.8	Confuzia ta nu ma face mincinos	Atunci nici confuzia ta nu ma face mincinos.
2401	1.6	Cand crestinii sunt extremisti, este pur si simplu religie.	Cand musulmanii sunt extremisti, este terorism.
2402	1.2	Unii cred ca „dreptul” este cel mai important.	Unii cred ca sa nu ucizi fetusul este cel mai mai important lucru.
2403	1.6	Evolutia nu este o opinie, nu este o credinta.	Teoria atomica nu este o opinie, nu este o credinta.
2404	2.8	Nu eu sunt cel care pretinde dreptul de a decide asupra corpului altei femei.	Vrei ca altii sa ia decizii in privinta corpului unei femei.
2405	0.8	Unde naiba este Ron Paul?	Unde naiba este MEDIA
2406	2.4	nu exista ramasite de racheta la pentagon.	nu exista ramasite de A- la pentagon.
2407	3.4	Ideea pe care o citati ar trebui sa spuna „Nu am spus niciodata ca reabilitarea nu ar putea functiona niciodata”.	Pentru a nu stiu cata oara, nu am spus niciodata ca reabilitarea nu functioneaza.
2408	1.53333333333333	miliard . Toata lumea la nivelul actual de prosperitate al Mexicului.	Toata lumea la nivelul actual de „prosperitate” din nord-vestul Africii.
2409	3.8	parul meu este frumos totusi :/ Citat: Idem.	parul meu este frumos totusi :/ ups
2410	1.2	Nu ar opri casatoriile in gluma.	Si nu lupt pentru casatorie.
2411	1.6	Pari sa crezi ca oamenii saraci nu sunt responsabili pentru actiunile lor.	Oamenii sunt responsabili pentru actiunile lor.
2412	2.4	De ce a avut loc acea tranzactie.	A avut loc tranzactia?
2413	0.0	Este vorba despre bagajul atasat.	Nu este acelasi lucru.
2414	3.6	Suntem cu totii fiinte pline de multe minuni.	Pune putina iubire in inima ta Suntem cu totii fiinte pline de multe minuni
2415	2.46666666666667	problema nu este cine are bani.	problema este cine nu are bani.
2416	1.6	Ce te face sa crezi ca bufnita nu a participat?	Nu spune ca nu a participat.
2417	1.8	lol Astept cu nerabdare sa-ti vad mobila incorporata!	Astept cu nerabdare sa o vad!
2418	1.2	Postat initial de jacko!	Postat initial de IZZY!
2419	4.8	Multumesc Candy pentru ca ai inceput firul.	Candy - iti multumim pentru ca ne-ai dat startul azi.
2420	1.0	Cu exceptia faptului ca nu a fost.	Cu exceptia faptului ca nu au putut.
2421	2.2	Daca iti datorez, dolari, am o problema.	Daca iti datorez un trilion de dolari, ai o problema.
2422	4.8	Daca nu sunt furnizate dovezi pentru a sustine o pozitie; atunci ar trebui respinsa.	Daca o pozitie nu este verificabila; atunci ar trebui respinsa.
2423	1.4	Toti ceilalti la nivelul actual de prosperitate din Mexic.	Toata lumea la nivelul actual de „prosperitate” din nord-vestul Africii.
2424	1.8	Lui Bush nu i se recunosc meritele pentru bugetul din timpul mandatului sau.	Si lui Obama nu i se recunosc meritele pentru bugetul din timpul mandatului sau.
2425	0.8	LOL Nu trebuie sa dai un test pentru a conduce un vehicul in SUA?	Exista vreun test pentru a detine o arma de foc in SUA?
2426	3.2	Amandoi am considerat ca filmul este bun si ca nu cauzeaza deloc confuzie.	Mi s-a parut bun, si nu l-am gasit derutant.
2427	5.0	Daca Dumnezeu nu exista, poate fi ceva gresit din punct de vedere moral?	Intreb din nou daca Dumnezeu nu exista, poate fi ceva gresit din punct de vedere moral?
2428	3.6	O lege este constitutionala daca nu intra in conflict cu Constitutia.	A fi neconstitutional inseamna a incalca constitutia.
2429	1.2	Postat initial de o fata musulmana ups, imi pare rau!	Postat initial de o fata musulmana nu este o imposibilitate totala.
2430	1.4	Aceasta nu este tara ta.	Aceasta este tara noastra.
2431	1.0	Postat initial de zaf Presupun ca apa din mijloc face diferenta.	Postat initial de zaf pe termen lung, da.
2432	4.2	Cone a aruncat un joc.	Addie Joss Cone a aruncat un joc.
2433	4.8	Editat de LashL: Editat pentru a masca corespunzator blasfemia.	Editat de LashL: Editat pentru a masca corespunzator blasfemia in postarea citata.
2434	1.6	Juriului nu i se spune despre anularea juratului.	Citatul pe care il furnizati nu are nicio legatura cu verdictul contradictoriu.
2435	1.0	victima lovita de masina/ loveste victima cu masina Ai vreo dovada?	paranoic Ai vreo dovada?
2436	4.2	nu folosesti prea des butonul de cautare, nu-i asa?	nu folosesti deloc butonul de cautare, nu-i asa?
2437	3.6	Nu cred ca Paul are vreo sansa.	Paul nu are nicio sansa.
2438	3.2	Time of the Season al celor de la Zombies Suntem cu totii fiinte pline de multe minuni.	Fericire lumii Suntem cu totii fiinte pline de multe minuni.
2439	4.57142857142857	Realizezi lucrurile fara sens pe care le spui?	Si, ca sa fiu sincer, realizezi lucrurile fara sens pe care le spui?
2440	1.0	Ce se intampla daca au gresit un studiu?	Si daca au o prejudecata personala?
2441	1.2	Mai exact un baptist.	Mai exact gnostic.
2442	0.8	Si o mare parte a coastei de est.	Si parti ale coastei de vest.
2443	1.4	De ce vorbesti despre femeile din cadrul triburilor evreiesti?	Vorbeam despre femei ca o recompensa de razboi, nu-i asa?
2444	2.6	Aseara fortele de ordine japoneze au atacat Hong Kongul.	Aseara fortele de ordine japoneze au atacat Insulele Filipine.
2445	3.6	. Care este definitia ta pentru „forta vitala”?	Care este definitia ta pentru „suflet”?
2446	2.6	Aceasta nu este o responsabilitate directa fata de electori.	Da, dar sunt responsabili fata de electorii lor.
2447	4.0	Ideologia a fost construita in jurul expansiunii violente, deci da - expansiunea VIOLENTA.	Ideologia a fost construita in jurul expansiunii violente si a superioritatii rasei.
2448	4.6	Ar fi putut fi vorba de o clisma?	@ossobuco, Ar fi putut fi o clisma?
2449	0.4	ultimul meu cuvant: ignorarea are ca efect normalizarea.	a profita are ca efect consolidarea.
2450	4.4	Problema va insemna probabil masuri corective inainte ca flota de navete sa inceapa sa zboare din nou.	El a spus ca problema trebuie remediata inainte ca flota de navete spatiale sa fie autorizata pentru a zbura din nou.
2451	3.4	Presedintele SEC, William Donaldson, a declarat ca exista o „consolidare a increderii ca politistul este la datorie”.	Cred ca exista o consolidare a increderii ca politistul este la datorie.
2452	4.6	Liderul pro-democratie din Myanmar, Aung San Suu Kyi, se va intoarce acasa vineri seara, dar va ramane in arest dupa ce isi va reveni dupa operatia de la un spital din Yangon, a spus medicul ei personal.	Liderul pro-democratie din Myanmar, Aung San Suu Kyi, va fi tinuta sub arest la domiciliu dupa ce a fost externata dintr-un spital unde a fost operata, a declarat vineri medicul ei personal.
2453	1.4	Darren Dopp, un purtator de cuvant al Spitzer, a refuzat sa comenteze joi seara.	John Heine, purtator de cuvant al comisiei de la Washington, a refuzat sa comenteze criticile dlui Spitzer.
2454	2.0	In tranzactiile de dupa-amiaza din Europa, CAC-40 din Franta a avansat si FTSE 100 din Marea Britanie au castigat fiecare 0,7 la suta, in timp ce indicele DAX al Germaniei a crescut cu 0,6 la suta.	In Europa, CAC-40 din Franta a crescut cu 1,3%, FTSE 100 din Marea Britanie a scazut cu 0,2%, iar indicele DAX al Germaniei a dobandit 0,6%.
2455	3.6	Senatorii John Kerry si Bob Graham au refuzat invitatiile de a vorbi.	Cei care nu s-au prezentat au fost senatorii John Kerry din Massachusetts si Bob Graham din Florida.
2456	4.4	Page a spus ca este posibil, de asemenea, ca genele cromozomului Y sa influenteze diferentele specifice genului in susceptibilitatea bolilor.	El a adaugat ca genele de pe Y ar putea juca un rol in influentarea diferentelor specifice genului in susceptibilitatea bolilor.
2457	4.8	Una dintre cele mai bine studiate aspecte ale temperamentului este modul in care oamenii raspund la noutate.	Una dintre caracteristicile definitorii si bine studiate ale temperamentului este modul in care oamenii reactioneaza la noutate.
2458	4.6	Dar fluturii expusi unui ciclu de lumina anterior, de la 1am la 1pm, s-au orientat spre sud-est.	Dar fluturii adapostiti intr-un ciclu de lumina anterior, intre orele 01:00 si 13:00, au zburat spre sud-est.
2459	2.8	Dunlap a castigat atat concursul de costume de baie, cat si sectiunea de talente a competitiei, cantand „Daca as putea”.	Ea a castigat la sectiunea de talente cantand „Daca as putea” si a castigat si la sectiunea imbracamintea de seara.
2460	4.0	Urmeaza Asia de Sud, cu 1,1 milioane de tineri infectati - 62% dintre acestia fiind femei.	Din 1,1 milioane de persoane infectate in Asia de Sud, 62% sunt femei.
2461	4.25	O ora mai tarziu, un elicopter israelian a tras cu rachete asupra unei masini din orasul Gaza, ucigand doi oficiali din Hamas si cel putin alte cinci persoane.	O ora mai tarziu, elicopterele israeliene de atac au tras cu rachete asupra unei masini din orasul Gaza, ucigand sapte persoane, au spus surse palestiniene.
2462	5.0	Purtatorul de cuvant al AAA, Jerry Cheske, a declarat ca este posibil ca preturile sa fi afectat unele planuri, dar ofertele ieftine de la hoteluri au atenuat efectul.	Purtatorul de cuvant al AAA, Jerry Cheske, a declarat ca preturile ar fi putut afecta unele planuri, dar ofertele ieftine de la hoteluri au compensat acest lucru.
2463	3.5	Ea a dat in judecata din nou pentru 125 de milioane de dolari, spunand ca Gruner & Jahr si-a incalcat contractul cu ea eliminand-o din principalele deciziile editoriale .	Ea a a dat in judecata din nou pentru 125 de milioane de dolari, spunand ca G + J si-a incalcat contractul cu ea, eliminand-o din principalele decizii editoriale si manipuland datele financiare ale revistei.
2464	2.5	Editia standard este de 15.000 USD per procesor sau de 300 USD per utilizator desemnat.	Standard Edition One este o versiune cu un singur procesor a bazei de date Oracle Standard Edition.
2465	4.4	Microsoft a achizitionat Virtual PC cand a cumparat activele Connectix la inceputul acestui an.	Microsoft a achizitionat Virtual PC de la dezvoltatorul sau, Connectix, la inceputul acestui an.
2466	3.4	Corpul lui Leon Williams a fost gasit in interiorul apartamentului sau de la etajul al treilea de pe strada 196 Bay, din Tompkinsville.	Decedatul, Leon Williams, a fost gasit in apartamentul sau de la etajul trei.
2467	4.0	Este primul astfel de exercitiu de la atacurile teroriste din 11 septembrie asupra New York-ului si Washington-ului.	Este primul exercitiu de combatere a terorismului la nivel national de la atacurile teroriste din 11 septembrie.
2468	4.8	Ursel Reisen a confirmat ca a condus autocarul, dar nu a oferit alte detalii in afara de faptul ca pasagerii au fost de varste diferite.	Ursel Reisen a confirmat ca a condus autocarul, dar a refuzat sa ofere detalii despre pasageri in afara de faptul ca erau de varste diferite.
2469	3.6	Un total de 17 cazuri au fost confirmate in sudul orasului Basra, a declarat organizatia.	Un total de 17 cazuri confirmate de holera au fost raportate ieri de Organizatia Mondiala a Sanatatii in orasul Basra din sudul Irakului.
2470	3.4	De asemenea, era de asteptat ca el sa viziteze Yemen si Bahrain in timpul turneului sau in regiune.	Khatami, care a sosit luni la Beirut, urma sa viziteze Siria, Yemenul si Bahrainul.
2471	3.6	Generalul Myers le-a spus reporterilor ca „la prima vedere, pare ca regulile nu au fost incalcate”.	La prima vedere, nu pare ca regulile au fost incalcate, a spus generalul Richard Myers, presedintele sefilor de stat major.
2472	3.4	Dovedind ca sacrificiul fiului lui Millville nu va ramane necunoscut, primarul James Quinn a ordonat arborarea tuturor steagurilor orasului in berna pentru urmatoarele 30 de zile.	Ieri, la Millville, primarul James Quinn a ordonat arborarea tuturor steagurilor orasului in berna pentru urmatoarele 30 de zile.
2473	4.25	Tom Kraynak, manager de operatiuni si resurse pentru Consiliul de fiabilitate a zonei centrale din Est, cu sediul in Canton, Ohio, a declarat ca scenariul este unul dintre multele pe care anchetatorii le iau in considerare.	Tom Kraynak, manager de operatiuni si resurse pentru Consiliul de fiabilitate a zonei centrale din Est, cu sediul in Canton, Ohio, a declarat ca anchetatorii iau in calcul scenariul.
2474	4.25	Ei au descoperit molecule care pot fi produse doar cand ozonul descompune colesterolul.	Si toate probele contineau molecule care pot fi produse doar cand colesterolul interactioneaza cu ozonul.
2475	3.846	Poate stoca mai mult de un gigabyte de informatii echivalent cu aproximativ 12 ore de muzica intr-un centimetru cub.	Si poate stoca mai mult de un gigabyte de informatii - echivalent cu 1.000 de imagini de inalta calitate sau aproximativ 12 ore de muzica - intr-un singur centimetru cub.
2476	1.2	La inceputul acestei luni, RIM spusese ca se astepta sa raporteze castigurile din al doilea trimestru intre 7 si 11 centi pe actiune.	Excluzand taxele legale si alte taxe, se astepta la o pierdere intre 1 si 4 centi pe actiune.
2477	3.2	„Pentru mine, incurcatura Lewinsky parea doar un alt scandal vicios produs de oponentii politici”, potrivit extraselor publicate ieri.	„Pentru mine, incurcatura Lewinsky mi s-a parut doar un alt scandal vicios produs de adversarii politici”, scrie doamna Clinton.
2478	3.8	In 2001 si 2002, transferurile bancare din 4 din cele 40 de conturi ale companiei au totalizat mai mult de 3,2 miliarde de dolari, au spus procurorii.	Transferurile bancare din patru dintre cele 40 de conturi deschise la Beacon Hill au totalizat peste 3,2 miliarde de dolari in perioada 2001-2002, a spus Morgenthau.
2479	3.2	Universitatea Stony Brook a lansat studiul in 1996, dupa ce studii anterioare au indicat o posibila legatura intre campurile electromagnetice si cancer.	Universitatea de Stat din Stony Brook a lansat studiul in 1996, dupa ce studii anterioare au indicat o posibila legatura.
2480	4.0	Anterior, ei sfidasera un ordin al politiei si strigasera „Allahu Akbar” (Dumnezeu este cel mai mare) in timp ce Bashir se indrepta spre locul sau in sala de judecata bine pazita.	Anterior, sustinatorii lui Bashir sfidasera un ordin al politiei si strigasera „Allahu Akbar (Dumnezeu este cel mai mare)” in timp ce el se indrepta spre locul sau.
2481	3.333	Purtatorul de cuvant al Metropolitan Ambulance, James Howe, a declarat ca cinci persoane au fost duse la spital si trei au fost tratate la fata locului dupa incidentul de ieri.	Purtatorul de cuvant James Howe a spus ca cinci copii cu varste cuprinse intre 4 si 17 ani au fost dusi la spital cu rani la gat si piept, in timp ce alti trei au fost tratati la fata locului.
2482	2.0	Dar este clar ca Comitetul Comun de Informatii nu a fost implicat.	Acest raport a fost aprobat de Comitetul Comun de Informatii.
2483	2.6	Aproximativ 22% dintre cei de douazeci si ceva de ani sunt obezi, ceea ce este cu aproximativ 30 de kilograme peste o greutate sanatoasa.	Aproximativ 31% dintre americani sunt acum obezi - cu aproximativ 30 sau mai multe kilograme peste o greutate sanatoasa.
2484	3.0	Coupling, o versiune americana a unei comedii britanice de succes, va primi valorosul interval de timp joi, 9:30 p.m.	Coupling, o versiune americana a unei comedii britanice de succes, va fi cuplat cu Friends joia.
2485	2.6	Cadavrul ei a fost gasit cateva saptamani mai tarziu in raul Green.	15 august 1982: Ramasitele lui Chapman, Hinds si Mills sunt gasite in raul Green.
2486	2.8	„Luptele au continuat pana la miezul noptii”, a declarat duminica comandantul rebel occidental Ousmane Coulibaly pentru Reuters.	„Au jefuit si au ars complet cele doua sate”, a declarat comandantul rebel Ousmane Coulibaly pentru Reuters la telefon prin satelit.
2487	3.0	Lectura pentru august si iulie este cea mai bine vazuta de cand a inceput sondajul in august 1997.	Este cea mai mare lectura de cand a fost creat indexul in august 1997.
2488	3.2	Trupele Fortelor Speciale SUA pregatesc soldatii columbieni de la bazele militare din regiune pentru a proteja conducta, care transporta titei din cel de-al doilea cel mai mare camp petrolier din Columbia.	Trupele Fortelor Speciale SUA pregatesc soldatii columbieni de la bazele militare din regiune pentru a proteja conducta.
2489	2.6	Avem nevoie de o plata certificata, pe masura ce te orientezi pe buget, pana la jumatatea lunii iulie sau scolile nu se vor deschide in septembrie, a spus Strayhorn.	Parlamentarii din Texas trebuie sa reduca un deficit bugetar de 185,9 milioane de dolari pana la mijlocul lunii iulie sau scolile nu se vor deschide in septembrie, a declarat joi controlorul Carole Keeton Strayhorn.
2490	2.5	Actiunile Hartford au crescut cu 2,88 dolari la 46,50 dolari la tranzactionarea compusa a Bursei de Valori din New York.	Actiunile Hartford au crescut cu 2,28 dolari, sau cu 5,2 la suta, pana la 45,90 dolari in tranzactionarea de la mijlocul zilei.
2491	4.5	DVD-CCA a facut apoi apel la Curtea Suprema de stat.	DVD CCA a facut apel la aceasta decizie la Curtea Suprema a SUA.
2492	3.25	Postul de muzica country KKCS a suspendat doi disc jockeys pentru ca au difuzat piese ale formatiei Dixie Chicks, incalcand interdictia impusa de post privind difuzarea timp de doua luni a muzicii grupului dupa ce un membru al trupei l-a criticat pe presedintele George Bush.	Un post de radio a suspendat doi disc jockeys pentru ca s-au inchis in studio si au difuzat continuu piese ale formatiei Dixie Chicks, incalcand interdictia impusa de post privind difuzarea timp de doua luni a muzicii grupului.
2493	4.0	Actiunile Sovereign au pierdut 74 de centi, sau 4,5%, pana la 15,68 dolari.	Actiunile Sovereign au inchis la bursa din New York la 15,68 dolari, in scadere cu 74 de centi sau 4,5 la suta.
2494	2.2	Actiunile Aspen Technology au scazut cu 74 de centi, sau 23 la suta, pentru a inchide la 2,48 dolari pe Nasdaq.	In tranzactionarea de dupa-amiaza, actiunile Aspen au scazut cu 89 de centi sau mai mult de 27%, la 2,33 USD pe actiune.
2495	2.8	Noua lege impune bibliotecilor si scolilor sa foloseasca filtre sau vor pierde finantarea federala.	Hotararea 6-3 restabileste o lege care spune bibliotecilor sa instaleze filtre sau vor restitui banii federali.
2496	3.6	In plus, a oferit Statelor Unite si Israelului o modalitate de a colabora cu domnul Arafat.	Cand pozitia primului ministru a fost stabilita in primavara, aceasta a oferit Statelor Unite si Israelului o modalitate de a colabora cu Arafat.
2497	2.6	"Si da, Marilyn Monroe face cu siguranta parte din povestea intitulata ""Arthur Miller, Elia Kazan and the Blacklist: None Without Sin."""	Retineti titlul acestei teribile parabole din seria „American Masters”, „Arthur Miller, Elia Kazan and the Blacklist: None Without Sin”.
2498	3.8	Politistii din Gilroy si agentii FBI l-au descris pe Gehring drept cooperant, dar au declarat sambata ca nu a dezvaluit nimic despre ce li s-a intamplat copiilor.	Sambata, oficialii din California l-au descris pe Gehring drept cooperant - dar au spus ca nu a dezvaluit nimic despre ce li s-a intamplat copiilor.
2499	3.2	Cadavrul lui Scribner a fost gasit plutind in Portage Bay, unde locuia impreuna cu sotia sa intr-o barca.	Un kayaker a gasit cadavrul doctorului Scribner plutind in apropierea barcii in care locuia din Portage Bay, unde manca pranzul, cand sotia sa, Ethel, a plecat la o intalnire.
2500	5.0	Dupa ce protestatarii s-au repezit pe scena si au taiat de doua ori alimentarea de la microfon, Hedges a incheiat mai devreme discursul.	Dupa ce protestatarii s-au repezit si au taiat de doua ori curentul de la microfon, Hedges si-a scurtat discursul.
2501	4.0	Un trecator l-a gasit pe Ben ascunzandu-se de-a lungul unui drum de pamant in Spanish Fork Canvon, in jurul orei 7 p.m., cu mainile inca legate, dar picioarele libere.	Un trecator a gasit baiatul de-a lungul unui drum de pamant in Spanish Fork Canvon, in jurul orei 7 p.m., joi, cu picioarele libere, dar mainile inca lipite.
2502	5.0	Doctorii spun ca unul sau ambii baieti au sanse sa moara si sunt posibile cateva leziuni pe creier, daca supravietuiesc.	Doctorii au spus ca unul sau ambii baieti au sanse sa moara, iar daca supravietuiesc sunt posibile cateva leziuni pe creier.
2503	2.2	De asemenea, lipseste Al Larsen, 31 de ani, din Fort Worth, Texas, care se afla intr-un alt vehicul, luat de pe autostrada.	Cealalta victima recuperata marti dimineata a fost Al Larsen, 31 de ani, din Fort Worth, Texas.
2504	4.2	GlaxoSmithKline Plc, cu sediul in Marea Britanie, a declarat la inceputul acestui an ca va intrerupe aprovizionarea farmaciilor canadiene care livreaza catre Statele Unite.	GlaxoSmithKline, producatorul de medicamente din Marea Britanie, a declarat ca va intrerupe aprovizionarea magazinelor canadiene care transporta medicamente catre SUA.
2505	2.818	Festivalul a inceput ieri, la o zi dupa ce Comisia Competitiei a emis verdictul final Guvernului cu privire la fuziunea propusa de 4,1 miliarde de lire sterline.	Comisia Competitiei si-a dat verdictul ieri cu privire la fuziunea propusa a celor doi mari jucatori ITV, Carlton si Granada.
2506	3.875	Ea a spus ca el a persistat si, in cele din urma, i-a permis sa-i repare bicicleta in timp ce ea statea pe scaunul din fata al masinii lui.	Ea a spus ca in cele din urma i-a permis sa-i repare bicicleta in timp ce statea in masina lui si au vorbit.
2507	4.4	Daniels a spus ca nu stie ce va avea de spus Bush despre el la strangerea de fonduri prezidentiale de 2.000 de dolari pe persoana.	Daniels a spus ca nu stie ce va spune Bush la receptia de 2.000 de dolari pe persoana din aceasta seara pentru a strange fonduri pentru candidatura sa la alegerile prezidentiale.
2508	2.8	Un grup de trei judecatori al Curtii de Apel a 11-a Circuit SUA a decis vineri tarziu ca dimensiunea redusa, utilizarea limitata si scopul secular fac imaginea legitima.	Un comitet format din trei judecatori ai celei de-a 8-a Curte de Apel a Circuitului SUA din St. Louis a anulat o hotarare emisa anul trecut care sustinea ordonanta.
2509	3.8	Doar 29 de familii de broaste sunt cunoscute si majoritatea au fost identificate si descrise la mijlocul anilor 1800 si ultima in 1926.	Sunt cunoscute doar 29 de familii de broaste, dintre care majoritatea au fost numite pana la mijlocul anilor 1800.
2510	4.4	Oficialii de la Brandeis au spus ca acesta a fost un moment „extrem de tragic” pentru campus.	„Acesta este un moment extrem de tragic pentru intreaga comunitate a Universitatii Brandeis.
2511	5.0	Valoarea va fi in total de aproximativ 124 de milioane de dolari, inclusiv titluri convertibile, potrivit Corel.	Inclusiv titluri convertibile, valoarea totala estimata a tranzactiei este de 124 milioane USD, potrivit Corel.
2512	3.0	A inceput in Super Bowl din 1983, pe care Miami l-a pierdut cu 27-17 in fata Washingtonului.	A jucat patru sezoane la Miami, inclusiv pierderea lui Dolphins cu 27-17 in fata Washingtonului in Super Bowl.
2513	2.667	Serviciile Enterprise Linux sunt asteptate sa fie disponibile inainte de sfarsitul acestui an.	Se asteapta ca versiuni beta ale serviciilor Linux Nterprise sa fie disponibile pe anumite servere HP ProLiant in luna iulie.
2514	2.333	Cu exceptia articolelor unice, compania s-a bucurat de un profit de 6 centi pe actiune.	Cu exceptia articolelor unice, se asteapta la un profit de 11 centi la 15 centi pe actiune.
2515	3.0	„Dar pun la indoiala motivele unui presedinte birocrat care isi asuma rolul unui razboinic in scopul unui discurs”.	Byrd, vorbind de la Senat, a afirmat ca a pus sub semnul intrebarii „motivele unui presedinte birocrat care isi asuma rolul unui razboinic in scopul unui discurs”.
2516	1.333	Indicele mai mare Standard & Poor's 500. SPX a scazut cu 3 puncte, sau 0,30 la suta, la 995.	Indicele compozit Nasdaq <.IXIC>, legat de tehnologie, a adaugat 1,92 puncte, sau 0,12 la suta, ajungand la 1.647,94.
2517	3.8	In schimb, biletele pentru meciul de baschetbal din Jersey au fost vandute aseara prin Ticketmaster.	Biletele, disponibile prin Ticketmaster, au fost puse in vanzare ieri.
2518	3.4	Mai devreme in ziua de luni, Grant Thornton SpA a repetat declaratiile anterioare ca a fost „victima unei actiuni frauduloase”.	Grant Thornton sustine ca si ea a fost „victima” unei fraude.
2519	2.0	Peter Lyman si Hal Varian de la Berkeley School of Information Management and Systems spun ca productia de informatii a crescut cu 30% in fiecare an intre 1999 si 2002.	Aceasta sarcina a parut interesanta pentru cei doi maestrii ai megabyte-ului, Peter Lyman si Hal Varian, profesori la Universitatea din California - Scoala de management si sisteme a informatiilor din Berkeley.
2520	3.4	„Opinia mea este ca 95% din aceste informatii ar trebui sa fie declasificate, sa devina necenzurate, astfel incat poporul american sa stie”.	"Opinia mea este ca 95 la suta din aceste informatii ar putea fi desclasificate, sa devina necenzurate, astfel incat poporul american sa stie "", a spus domnul Shelby in cadrul emisiunii"" Meet the Press ""de la NBC."
2521	4.0	Cercetatorii au gasit doar cavitati goale si tesut cicatricial acolo unde fusesera tumorile.	Nu s-au detectat tumori; mai degraba, au fost gasite in locul lor cavitati goale si tesut cicatricial.
2522	2.8	Cu toate acestea, Washington a declarat ca sunt necesare mai multe pentru a preveni depunerea plangerilor.	Dar SUA au insistat ca vor sa se faca mai multe pentru a preveni depunerea plangerilor, de preferinta prin abrogarea intregii legi.
2523	3.2	Dupa 26 de ore de operatie si un an de anticipare, baietii au fost separati duminica la Centrul Medical pentru Copii din Dallas.	Baietii gemeni egipteni de doi ani, nascuti cu capul alipit, au fost separati dupa 26 de ore de operatie la Centrul Medical pentru Copii din Dallas.
2524	3.6	Pines a spus ca va convoca organele de partid relevante in termen de 10 zile pentru a discuta daca vor avea loc noi alegeri sau daca va fi numit un lider temporar.	Mitzna si secretarul de partid Ophir Pines au cazut de acord sa convoace intalniri de partid in termen de 10 zile pentru a discuta daca vor fi organizate noi alegeri primare sau daca va fi numit un lider temporar.
2525	3.6	Euro a crescut la 1,1914 USD in tranzactionarea din Asia, inainte de a scadea usor inapoi la 1,1895 USD, cand tranzactionarea s-a deschis in Europa.	Euro a crescut la 1, 1914 dolari in comertul din Asia, inainte de a se intoarce la 1, 1884 dolari in comertul tarziu european, de la 1 1857, tarziu in ziua de luni.
2526	4.2	Abbas a declarat summitului ca va incheia „intefadeh armata”, va condamna „terorismul impotriva israelienilor de oriunde se afla” si a facut aluzie la dezarmarea militantilor.	La summitul de miercuri, Abbas a promis ca va incheia „intefadeh armata”, a condamnat „terorismul impotriva israelienilor de oriunde se afla” si a facut aluzie la dezarmarea militantilor.
2527	3.25	Comandantul Rod Gibbons, un purtator de cuvant al academiei, a spus: „Academia este socata si intristata.”	Purtatorul de cuvant al Academiei Navale, comandantul Rod Gibbons a spus: „Anuntul de astazi a fost o surpriza.”
2528	2.75	Actiunile LendingTrees au crescut cu 6,21 dolari, sau 42 la suta, la 20,09 dolari dupa ce au atins 21,36 dolari mai inainte.	Actiunile LendingTrees au crescut cu 43 la suta, sau 6,31 de dolari, la 21 de dolari, mai mult decat dublandu-se in ultimile doua luni.
2529	2.5	Saptamana trecuta, avocatii lui i-au cerut lui Warner sa ofere clementa in conditii care ar fi dus la o noua audiere pentru sentinta.	Saptamana trecuta, avocatii lui i-au cerut guvernatorului Mark R. Warner sa ofere clementa, dar guvernatorul a refuzar sa intervina.
2530	1.75	„Cred ca ar fi trebuit sa fie eliberat cu ani in urma,” a spus Brian Rohrbough, al carui fiu, Daniel, a fost omorat la Columbine.	Brian Rohrbough, al carui fiu, Daniel, a fost omorat la Columbine, a spus ca inregistrarea ridica probleme ingrijoratoare.
2531	4.25	Directorul CIA George Tenet a zis ca cei doi barbati erau „caracterizati de dedicare si curaj.”	„Erau caracterizati de dedicare si curaj,” a spus directorul CIA George Tenet.
2532	5.0	Dar veniturile din licentele de software, o masura pe care analistii financiari o urmaresc cu atentie, au scazut cu 21 la suta la 107, 6 milioane de dolari.	Vanzarile de licente, o masura cheie a cererii, a scazut cu 21 la suta la 107,6 milioane.
2533	4.25	Dotson, in varsta de 21 de ani, a fost arestat si acuzat pe 21 iulie dupa ce ar fi declarat autoritatilor ca l-a impuscat pe Dennehy dupa ce Dennehy a incecat sa il impuste pe el.	Dotson a fost arestat pe 21 iulie dupa ce le-a spus agentilor FBI ca l-a impuscat pe Dennehy cand Dennehy a incercat sa il impuste p el, conform declaratiei scrise din mandatul de arest.
2534	4.75	Procurorii au afirmat ca Dl. Durst planuise crima pentru a-si insusi identitatea Dlui Black.	Procurorii au continuat sa sustina ca Durst il ucisese pe Black pentru a incerca sa isi asume identitatea lui Black.
2535	2.75	Obiectia aceea a fost citata de catre conducerea PeopleSoft cand a fost refuzata oferta celor de Oracle.	PeopleSoft a recomandat ca detinatorii de actiuni sa respinga oferta.
2536	3.25	Mai multi lideri democrati de culoare incercau sa aranjeze o intalnire cu directorul DNC Terry McAuliffe pentru a discuta concedierile.	Lideri democrati de culoare incercau sa aranjeze o intalnire cu directorul Comitetului National Democrat Terry McAuliffe pentru a discuta concedierile a 10 lucratori minoritari la sediul partidului.
2537	3.5	„Acestea sunt zile intunecate pentru industria noastra,” a spus Giovanni Bisignani, directorul general al organizatiei cu sediul in Generva, intr-o declaratie.	„Acestea sunt zile intunecate pentru industria noastra,” a spus directorul general al Asociatiei Internationale a Transportului Aerian cu sediul la Geneva, Giovanni Bisignani.
2538	3.6	Celelalte sapte natiuni din initiativa sunt Marea Britanie, Germania, Italia, Olanda, Polonia, Portugalia si Spania.	Alte natiuni implicate in PSI includ Germania, Italia, Olanda, Polonia, Portugalia, Spania si Marea Britanie.
2539	3.333	Americanul obisnuit face patru drumuri pe zi, 45 la suta pentru cumparaturi sau comisioane.	Aproape jumatate - 45 la suta - sunt pentru cumparaturi sau comisioane.
2540	4.0	De asemenea este o victorie strategica pentru Overture, dat fiind ca Knight Ridder a avut optiunea de a semna pentru serviciile de la Google.	De asemenea este o victorie strategica pentru Overture, dat fiind ca Knight Ridder folosea serviciile de reclama ale Google.
2541	3.5	In saptamanile predecesoare executiei, mai multe autoritati din Florida au primit scrisori amenintatoare.	Mai multe autoritati din Florida avand conexiuni cu cazul au primit scrisori amenintatoare, acompaniate de gloante de pusca.
2542	3.4	Hoy a confirmat varsta femeii marti si a spus ca a plecat in vacanta cu familia ei.	Hoy a confirmat varsta femeii marti si a spus ca era in vacanta cu familia ei, dar se asteapta sa se intoarca saptamana aceasta.
2543	3.6	BOSTON Arhidioceza catolica din Boston a oferit 55 de milioane de dolari pentru a inchide mai mult de 500 de procese legate de abuzuri sexuale ale clerului in care sunt implicati preoti.	Arhidioceza romano-catolica americana din Boston a oferit 55 de milioane de dolari pentru a inchide mai mult de 500 de procese legate de abuzuri sexuale ale clerului in care sunt implicati preoti.
2544	3.6	Cele 3 ore de inregistrari includ conversatii intre politie, pompieri si alti lucratori de urgenta, precum si intrebari din partea mediei.	Printre ele se numara conversatii intre politie, pompieri si alti lucratori de urgenta, precum si intrebari din partea mediei.
2545	2.0	Obligatia de 30 de ani US30YT=RR s-a ridicat cu 20/32, extinzandu-si gradul de valorificare de la 4,14 la suta la 4,18 la suta.	Obligatia de 30 de ani US30Yt=RR a scazut cu 14/32 pentru un grad de valorificare de 4,26 la suta de la 4,23 la suta.
2546	3.6	Dar el este singurul candidat care a castigat sprijinul muncitoresc national pana acum, adaugand al 11-lea sindicat marti cand Otelarii Uniti ai Americii l-au sustinut.	Dar el este singurul candidat care a castigat sprijinul muncitoresc national pana acum, adaugand al 11-lea marti.
2547	1.6	Actiunile Oracle au scazut cu 27 de centi, sau 2 la suta, la 13,09 dolari.	Actiunile Oracle au crescut si la stiri de asemenea, cu 15 centi la 13,51 de dolari pe Nasdaq.
2548	4.6	Future-urile nord-americane au indicat un inceput sub medie al comertului de marti, investitorii fiind gata sa incaseze primele profituri pe sfert de an.	Bursele nord-americane au avut parte de un inceput incet marti, investitorii finnd gata sa incaseze primele profituri pe sfert de an.
2549	3.6	Etalonurile mai mari de pe piata au inregistrat castiguri mari, urcand pentru patru saptamani consecutive.	Piata larga de asemenea s-a retrat, dupa ce a urcat pentru patru saptamani consecutive.
2550	3.0	Jim Furyk a sarbatorit prima Zi a tatalui fiind la randul sau tata obtinand victoria in primul sau campionat major de golf.	Prima Zi a tatalui drept tata, prima majora drept campion.
2551	2.4	Au transmis Parteneriatul Limitat al Fundatiei Medicale, Educationale si de Cercetare Lemelson catre Syndia in 2001.	A spus ca „se pretinde” ca patentii au fost atribuiti catre Syndia in 2001 prin Parteneriatul Limitat al Fundatiei Medicale, Educationale si de Cercetare Lemelson.
2552	1.2	SIA spune ca se asteapta ca piata DRAM sa creascp cu 2,9 la suta la 15,7 miliarde de dolari in 2003 si cu 43 la suta la 22,5 miliarde in 2004.	Piata din Americi va decadea cu 2,1 la suta la 30,6 miliarde in 2003, dupa care va creste cu 15,7 la suta la 35,4 miliarde de dolari in 2004.
2553	3.4	Sotia lui Morrill, Ellie, a plans cu hohote si a imbratisat-o pe cumnata lui Bondeson in timpul slujbei.	La slujba vaduva lui Morrill, Ellie, a plans cu hohote si a imbratisat-o pe cumnata lui Bondeson in timp ce oamenii o consolau.
2554	3.0	Dl. Grassley si Dl. Baucus au respins orice inegalitate in beneficiile pentru medicamente.	Grassley si Baucus au spus ca au respins acea perspectiva in planul lor.
2555	3.4	In sfertul de acum un an, producatorul de otel a inregistrat un profit de 16,2 milioane de dolari, sau 15 centi pe actiune, pe vanzari de 1,14 miliarde de dolari.	In al doilea sfert de anul trecut, AK Steel a raportat un profit de 16,2 milioane, sau 15 centi pe actiune.
2556	1.8	Nasdaq a avut un spor saptamanal de 17,27, sau 1,2 la suta, incheind vineri la 1,520.15.	Compozitul tehnologizat Nasdaq .IXIC a adunat 30,46 puncte, sau 2,04 la suta, la 1 520,15.
2557	3.5	„A fost o intimidare fatisa pentru a tine oamenii pe rezervatie.”, a spus un republican care participa dar a ales sa nu fie numit.	„A fost o incercare fatisa de intimidare”, a spus un legislator republican care a participat la intalnire.
2558	2.75	Nu a fost anuntata nicio acuzare, dar in declaratie se afirma ca se asteapta sa fie parcurse procedee legale luni.	O declaratie din partea FBI a spus ca procedeele legale erau asteptate luni in curtea federala din Baltimore.
2559	2.6	Femeia moarta purta de asemenea un inel si un ceas Cartier.	„Este o femeie cu par blond care poarta un ceas Cartier la incheietura mainii,” a spus sursa.
2560	2.2	Indexul de compozite extrem de tehnologizat Nasdaq a adaugat 14,17 puncte sau 0,94 la suta la 1 517,05.	Idexul de compozite Nasdaq, dominat de actiuni in tehnologie, a stat in ultima vreme la 18 puncte.
2561	4.75	Dar FBI-ul nu l-a monitorizat niciodata pe al-Bayoumi - chiar daca primise informatii conform carora era un agent saudit, spune documentul.	Dar biroul nu l-a monitorizat niciodata pe al-Bayoumi - in ciuda faptului ca primise informatii anterioare conform carora era un agent secret saudit, spune raportul.
2562	1.5	„Va avea loc”, a zis Jim Santangelo, presedintele Teamsters Joint Council 42 in El Monte.	„Asta afecteaza companiile, foarte tare”, a zis Jim Santangelo, presedintele Teamsters Joint Council in El Monte.
2563	3.75	A fost eliberat pe o cautiune de 3 milioane de dolari dupa care s-a intors imediat in Las Vegas, unde filma un videoclip.	Dupa achitarea cautiunii de 3 milioane de dolari, Jackson a calatorit cu avionul pana in Las Vegas unde lucra la un videoclip.
2564	3.5	Analistii Gartner au spus ca afacerile nu sunt destul de increzatoare inca pentru a actualiza PC-urile firmei.	Mai mult de atat, companiile nu se simt destul de increzatoare pentru a inlocui PC-urile vechi, a spus firma de analisti.
2565	1.5	De marti, aproape 250 de lucratori medicali sunt in carantina.	In plus, 6 800 de oameni erau in carantina si mii de lucratori medicali muncind in carantina.
2566	3.2	Brian Brabazon a spus ca fiul sau se supara dar dupa aceea se razgandea si se imprietenea cu agresorii sai.	Fiul sau se supara, a spus mama sa, dar dupa aceea se razgandea si se imprietenea cu agresorii sai.
2567	2.2	Indexul de compozite extrem de tehnologizat Nasdaq a adaugat 1,16 ouncte la 1 504,04.	Idexul de compozite Nasdaq, dominat de actiuni in tehnologie, a stat in ultima vreme la 18 puncte.
2568	2.4	Indexul de compozite tehnologizat Nasdaq a scazut cu a 0,08-a parte dintr-un punct la 1 646.	Indexul de compozite tehnologizat Nasdaq <.IXIC> a adaugat 1,92 puncte, sau 0,12 la suta, la 1 647,94.
2569	3.0	A spus juriului ca Stubbs este „un ucigat rece si precis”.	Procurorul Dave Lupas a amintit juratilor ca Stubbs este „un ucigas rece si precis”.
2570	1.8	De asemenea, obligatia de 30 de ani <US30YT=RR> a alunecat 1-11/32 pentru un grad de valorificare de 4,38 la suta, de la 4,30 la suta.	Obligatia de 30 de ani US30YT=RR a saltat cu 20/32, modificandu-si gradul de valorificare la 4,14 de la 4,18 la suta.
2571	2.4	O a saptea victima, o femeie, a murit marti noaptea in unitatea pentru arsuri a spitalului pentru copii Centrul Medical din Akron.	O a saptea persoana, o femeie de 21 de ani, era in stare grava in unitatea pentru arsuri la Spitalul pentru copii din Akron.
2572	3.533	Oamenii au fost transportati pe calea aerului imediat in Botswana din vecinatate intr-un zbor neprogramat cu Air Malawi, au spus autoritatile din Malawi cu conditia anonimitatii.	Oamenii au fost transportati pe calea aerului in Botswana care este in vecinatate in zborul Air Malawi, au spus autoritatile.
2573	4.75	In schimb, Coreei de Nord i se cere sa puna capat programului sau nuclear.	„In schimb ne asteptam renuntarea la armele nucleare din partea Coreei de Nord.”
2574	3.333	„Condamnam si denuntam Consiliul Guvernator, care este condus de Statele Unite,” a spus Moqtada al-Sadr.	„Condamnam Consiliul Guvernator, care este condus de Statele Unite”, a spus Sadr intr-o predica inflacarata in moscheea Koufa de langa Najaf.
2575	5.0	Sendmail a spus ca sistemul poate fi setat chiar pentru a permite folosirea numai in scopul afacerilor.	Produsul poate fi instruit sa permita numai folosirea in scopul afacerilor, conform lui Sendmail.
2576	3.0	Aceast exploit merge pe dispozitivele Windows fara patch-uri cu Pachetul de Servicii 3 si 4.	Atat Counterpane cat si iDefense afirma ca exploitul merge eficient impotriva sistemelor Windows 2000 care merg cu Pachetele de Servicii 3 si 4.
2577	3.0	Mai in departe in grafic, bancnota de referinta de 10 ani US10YT=RR a pierdut 25/32 in pret, ajungand la gradul de valorificare de 3,26 la suta de la 3,17 la suta.	La inceputul zilei de miercuri, bancnota de refinta de 10 ani US10YT=RR pierduse 16/32 din pret, ducandu-si gradul de valorificare de la 3,33 la suta la 3,26 la suta spre finalul zilei de marti.
2578	3.0	Actiunile din sectorul tehnologic au suferit stricaciuni de la o prognoza nefavorabila de la Sun Microsystems, care a fost vazuta ca un semn de rau augur pentru urmatorul sfert de sezon de incasari.	O prognoza nefavorabila de la Sun Micrisystems Inc. SUNW.O a exercitat mai multa presiune pe Wall Street inainte de sfertul de sezon de incasari.
2579	1.846	Actiuni ale Coke crescut cu 6 de centi la aproape 44,42 dolari pe Bursa din New York.	Actiuni ale Coke au scazut cu 26 de centi la aproape 44,10 dolari pe Bursa din New York.
2580	3.0	Ernst si Young a negat orice greseala si are de gand sa lupte acuzatiile.	Ernst si Young a negat reclamatiile SEC si a numit recomandarile din partea sa „neresponsabile.”
2581	3.0	Nici actiunea militara, nici mita la scara larga nu poate rezolva problema Coreei de Nord, a spus Wolfowitz.	Intr-adevar, Wolfowitz a recunoscut sambata ca nici actiunea militara nici „mita la scara larga” n-ar rezolva situatia.
2582	3.2	Soferul, Eugene Rogers, a ajutat la scoaterea copiilor din autobuz, a spus Wood.	La locul accidentului, soferul era „acoperit de sange” dar a ajutat la scoaterea copiilor, a zis Wood.
2583	1.0	Indexul 500 Sandard & Poor mai cuprinzator <.SPX> a urcat cu 9,69 de puncte, sau 0,98 la suta, l a 994,53.	Indexul de compozite tehnologizat Nasdaq <.IXIC> a castigat 18,35 de puncte, sau 1.13 la suta, la 1 646,02.
2584	2.647	Actiuni ale Guidant au scazut dramatic in comert atat la cat si in afara Bursei din New York inainte sa fie impusa o oprire a stirilor in mijlocul zilei.	Actiuni ale Guidant au scazut cu 5,3 la suta la 40,92 dolari in comertul de dupa amiaza de la Bursa din New York,
2585	3.25	„Trei saptamani in octombrie” intra pe piata luni, la aproape un an dupa ce atacurile armate ale lunetistului din zona Washington D.C. au inceput.	Cartea lui Moose intra pe piata luni, la aproape un an dupa ce atacurile lunetistului au inceput in zona Washington.
2586	3.75	Conform unui chestionar separat al gospodariilor, rata somajului a scazut in august la 6,1 la suta de la 6,2 la suta.	Analistii de la Departamentul muncii au discernat o oarecare imbunatatire a ratei nationale a somajului, care a scazut in august la 6,1 la suta de la 6,2 la suta.
2587	4.75	Rata cancerului la piele s-a triplat din anii 1950 in Norvegia si Suedia, conform studiului.	Studiul a descoperit de asemenea ca s-a triplat cancerul la piele in Norvegia si Suedia din anii 1950.
2588	3.929	Judecatorul a refuzat de asemenea sa anuleze data procesului din 29 septembrie.	Obus a refuzat de asemenea o motiune a apararii de a anula data de 29 septembrie a procesului.
2589	3.4	In timp ce partidele de opozitie au primit bine decizia guvernului in legatura cu tratementul ani-retroviral, unii au afirmat ca Ministrul Sanatatii Manto Tshabalala-Msimang nu a fost in stare sa supervizeze planul de desfasurare.	Ministrul Sanatatii Manto Tshabalala-Msimang nu este in stare sa supervizeze un plan de desfasurare a tratamentului anti-retroviral, conform partidelor de opozitie.
2590	3.2	Ofiterii sefi ai comercializarii supravegheaza cumpararea si dezvoltarea bunurilor, deciderea directiei de comercializare a companiei sau practic ce ar trebui sa reprezinte.	El sau ea decide directia de comercilizare a companiei, sau practic ce ar trebui sa reprezinte.
2591	3.8	Reverendul Christopher J. Coyne, purtatorul de cuvant al arhidiocezei, nu a comentat vineri.	Reverendul Christopher Coyne, purtatorul de cuvant al arhidiocezei, nu a raspuns imediat apelurilor care cereu comentariile sale.
2592	4.6	Cateva rude ale victimelor australiene ale atacului au fost la curte pentru a fi martore la proces, dar putini balinezi au participat la proces.	Cateva rude ale victimelor australiene ale atacului au stat in primul rand la curte, dar putini balinezi au participat la proces.
2593	3.2	Pe 10 iulie, o echipa de 32 de ofiteri de politie din Singapore au fost trimisi la Bagdad.	In iulie 32 de ofiteri de politie din Singapore au fost trimisi la Bagdad pentru a ajuta sa antreneze fortele de politie din Irac si s-au intors acasa luna trecuta.
2594	2.2	Euro <EUR=> a crescut cu 0,67 la suta fata de dolar la 1,1741 de dolari, dupa ce a atins varful dupa patru luni de 1,1860 de dolari.	In comertul de dimineata din SUA, euro <EUR=> a cazut cu 0,6 la suta, la 1,1741 dolari, dupa ce a s-a ridicat la un varf dupa patru luni de 1.1860 dolari.
2595	4.4	Inainte, declarase un profit de 12 milioane de dolari, 0 centi pe actiune, pentru acea perioada.	Inainte, declarase un profit mic de 12 milioane, sau la prag de rentabilitate pe fiecare actiune, pentru acea perioada.
2596	3.333	O coalitie de grupuri activiste, inclusiv totalul national de studenti militanti, sprijina protestele, pe care NLC le-a convocat in ciuda unei ordnante din justitie care le interzice.	O coalitie de grupuri activiste, inclusiv totalul national de studenti militanti, sprijina actiunea si face mobilizare pentru proteste.
2597	4.0	Compania subliniaza aditia asistentei pentru .NET si J2EE la Mediul pentru Antreprenoriat in Aplicatii (MAA) in noul mainframe.	Compania adauga de asemenea asistenta pentru .Net si J2EE la setul de unelte de dezvoltare din Mediul pentru Antreprenoriat in Aplicatii, a spus Sapp.
2598	1.333	De cand a fost introdus in serviciu in 1971, a acumulat un record de 45 de accidente, cu 393 de morti.	Are un istoric de siguranta schimbator, care include 47 de accidente si 668 de morti.
2599	4.2	Ryan Harvey, un outfielder de la Liceul Dunedin din Florida, a fost selectat cu a sasea alegere de catre Chicago Cubs.	Ryan Harvey, un outfielder licean din Florida, a fost al saselea ales de catre Cubs.
2600	3.2	Glover a vorbit la o conferinta de striri care a inclus aproape 20 de rude ale victimelor.	Aproximativ 20 de membri ai familiilor victimelor au fost invitati la conferinta de stiri.
2601	3.2	Alti patru barbati, care au fost de asemenea acuzati in iunie, au pledat vinovati.	Patru dintre inculpati au pledat vinovati la acuzatiile de posesie de arme si alte instante.
2602	3.25	Guvernele federale si locale au ramas in cea mai mare parte inchise drept consecinta a Uraganului Isabel, la fel si scolile, si o mare parte din reteaua de transport a fost incetinita.	Ca urmare a Uraganului Iaabel, guvernele federal si locale au ramas inchise, la fel si scolile si multe firme.
2603	2.25	A sustinut un discurs suprinzator de pasionat la Otelarii Uniti din America, care au anuntat sustinerea lor ieri.	Marti, a primit sustinerea Otelarilor Uniti din America.
2604	3.5	Aproximativ 50 de milioane de numere de telefon sunt notate pe lista, care ar fi trebuit sa intre in vigoare pe 1 octombrie.	FTC a inscris 50 de milioane de numere de telefon pe lista, care trebuia sa intre in vigoare pe 1 octombrie.
2605	2.2	„Si dupa 8 sau 10 secunde jos, am lovit.”	„Am fost in apa aproape 8 secunde.”
2606	3.4	Dar Adora Obi Nweze, presedintele de stat NAACP, a zis ca statul a incercat numai sa dovedeasca concluzia sinuciderii, mai degraba decat sa ia in considerare posibilitatea omorului.	Adora Obi Nweze, presedintele de stat NAACP, a spus ca statul a refuzat sa ia in considerare posibilitatea omorului.
2607	3.0	Activistii spus ca se tem ca aceasta conferinta este o incercare a fermelor industriale de a impune culturi bio-proiectate in tari afectate de foamete.	In schimb, le este teama ca aceasta conferinta este o incercare a fermelor industriale si a intereselor biotehnice sa patruda in piete noi.
2608	2.5	Contractul lor va expira la 12:01 miercuri in loc de 12:01 duminica, a spus Rian Wathen, directorul organizator pentru Lucratorii Culinari si Comerciali Uniti 700 Local.	„A revoltat membrii” a spus Rian Wathen, directorul organizator Lucratorii Culinari si Comerciali Uniti 700 Local.
2609	1.75	Indexul de compozite tehnologizat Nasdaq .IXIC a crescut cu 39,39 de puncte sau 2,2 la suta, la 1 826,33, dupa ce a pierdut mai mult de 2 la suta marti.	Media industriala pentru actiuni de incredere Dow Jones .DJI a saltat cu 194,14 puncte, sau 2,09 la suta, la 9469,20 dupa ce a scazut cu mai mult de 1 la suta ziua precedenta.
2610	2.75	Vreo 14 000 de clienti au fost fara curent in zona, au spus Oklahoma Gas si Electric.	Aproximativ 38 000 de clienti ai OGE Energy Corp. sunt fara curent, a spus compania pe site-ul sau web.
2611	4.25	Acum, sotul american al Blancai, Roger Lawrence Strunk, in varsta de 63 de ani, este pus sub acuzare de crima din februarie de catre guvernul filipinez, care spune ca el este suspectul principal.	Acum, sotul Blancai, Roger Lawrence Strunk din Tracy, in varsta de 63 de ani, este pus sub acuzare de crima de catre guvernul filipinez din februarie.
2612	3.0	"Prince il inlocuieste pe Sanford ""Sandy"" Weill, care va ramane directorul Citigroup."	Prince, care conduce banca globala corporatista si de investitii Citigroup, il inlocuieste pe Stanford Weill drept CEO.
2613	5.0	Veniturile functionale au fost de 1,45 de miliarde de dolari, o crestere fata de rezultatul anului precedent de 1,38 de miliarde de dolari.	Veniturile fuctionale au crescut la 1,45 miliarde de dolari, de la 1,38 de miliarde de dolari anul precedent.
2614	3.25	Pretul aurului pe moment a fost estimat la 367,90/368,60 dolari per uncie la 1000 GMT, dupa ce a inaintat la 369,50 -- un nivel nemaiintalnit din 10 februarie.	Pretul aurului pe moment a fost estimat la 358,65/359,15 dolari per uncie la 0500 GMT, dupa a ajuns la punctul inalt de 359,25 de dolari -- un nivel nemaiintalnit din 25 februarie.
2615	4.0	In Canada, dolarul in continua ascensiune va fi in mijlocul atentiei din nou fiindca incearca sa ramana deasupra marginii de 75 de centi (SUA).	In Canada, dolarul pe cale de crestere a fost in centrul atentiei din nou incercand si tocmai a esuand sa ramana deasupra marginii de 75 de centi (SUA).
2616	3.75	Dar justitia a hotarat ca supervizorul de la politie care l-a interogat incontinuu pe Martinez nu a incalcat drepturile acordate de al Cincilea Amendament facand aceasta.	Dar justitia a hotarat ca supervizorul de la politie care l-a interogat incontinuu pe Dl Martinez in timp ce acesta urla de durere nu a incalcat drepturile acordate de al Cincilea Amendament.
2617	2.0	Media industriala pentru actiuni de incredere Dow Jones a pierdut 44 de puncte, sau 0,47 de puncte, la 9543, dupa ce a punctat patru sesiuni consecutive.	Media industriala Dow Jones .DJI a crescut cu 18,25 de puncte, sau 0,19 la suta, la 9586,71.
2618	3.333	Presedintele centrului, Joseph Torsella, a fost lovit in cap dar a fost in stare sa mearga pana la ambulanta.	Presedintele Centrului National Constitutional, Joseph Torsella, a fost lovit in cap si trantit pe genunchi.
2619	3.0	Raportul a clasificat 45 de companii mari pe criterii de angajare, marketing, achizitionari, reinvestire in comunitate si donatii pentru caritate.	Dintre cele trei, doar Dillard a raspuns la sondajul care a clasificat 45 de mari companii pe criterii de angajare, marketing, achizitii, reinvestire in comunitate si donatii pentru caritate.
2620	3.4	„Nu stiu daca persoana cu care vorbesc acum ar putea ajunge sa fie altcineva in alt moment care nu urmeaza regulile,” a spus Parrish.	„Nu stiu daca persoana cu care vorbesc acum ar putea sa ajunga sa fie altcineva,” a spus Parrish.
2621	5.0	Ruffner, 45 de ani, inca nu are un avocat in acuzatia de crima, au spus autoritatile.	Ruffner, 45 de ani, nu are inca un avocat in acuzatia de crima, au spus autoritatile.
2622	3.4	Aprobata in 1999 dar niciodata implementata, legea ar fi facut ilegal ca clientii de baruri si restaurante sa aprinda tigari.	Aprobata in 1999 dar niciodata implementata, legea fumatului ar fi prevenit ca clientii de baruri si restaurante sa sprinda tigari, dar ar fi scutit cluburile private de la regula.
2623	3.75	Primul proces al suspectului din bombardamentul de anul trecut de la un club de noapte din Bali care a omorat mai mult de 200 oameni s-a deschis astazi in Indonezia, a comunicat Sky News.	Unul dintre suspectii cheie din bombardamentele din octombrie de la cluburile de noapte care au omorat mai mult de 200 de oameni in Bali a fost pus in fata judecatorului luni intr-un context al securitatii maxime.
2624	4.0	Pensionarii francezi se vor inmulti de la o cincime la o treime a populatiei pana in 2040.	Pana in 2040, pensionarii vor reprezenta o treime din populatie, de la o cincime in prezent.
2625	3.25	Politia din Irak a deschis focul in centrul Bagdadului astazi dupa ce demonstrantii au luat cu asalt o sectie de politie cerand sa le fie date locurile de munca pentru care pretind ca au platit mita.	Politia din Irak a deschis focul in centrul Bagdadului miercuri dupa ce demonstrantii care cereu slujbe au luat cu asalt o sectie de politie si au aruncat pietre catre ofiteri, a spus politia.
2626	2.25	Media industriala Dow Jones <.DJI> a adaugat 28 de puncte, sau 0,27 la suta, la 10557, atingand cel mai inalt nivel din 21 de luni.	Media industriala Dow Jones <.DJI> a crescut cu 49 de puncte, sau 0,47 la suta, la 10578.
2627	1.5	In acelasi trimestru anul trecut, EDS a declarat un profit de 354 de milioane de dolari, sau 72 centi pe actiune.	EDS a raportat o pierdere in primul trimestru de 126 de milioane de dolari, sau 26 de centi pe actiune.
2628	3.0	Microsoft a scazut cu 5 la suta inainte sa inceapa cu 27,45 de dolari de la inchiderea de joi de 28,91 de dolari.	Actiunile de la Microsoft au scazut cu 4,7 la suta in comertul de dupa ora inchiderii la 27,54 de dolari de la inchiderea Nasdaq de 28,91 de dolari.
2629	2.25	„Este extraordinar de rapid”, a spus Matt Geller, un analist de la Pietele Mondiale CIBC.	„Ei chiar vor inregistra vanzarile pentru Velcade anul acesta,” a spus Matt Geller, un analist de la Pietele Mondiale CIBC.
2630	4.0	Atat rebelii cat si fortele guvernului au fost acuzate de pradarea satelor din zona rurala din Liberia in ciuda acordului de pace.	Atat rebelii cat si fortele guvernului, inclusiv cele loiale lui Taylor, au fost acuzate de pradarea satelor din zona rurala a Liberiei in ciuda acordului de pace.
2631	4.75	Microsoft a fost recompensat cu un patent pentru o setare in mesajele instante care alerteaza utilizatorul cand persoana cu care comunica alcatuieste un mesaj.	Microsoft a fost recompensat cu un patent pentru un aspect popular in mesajele instante care arata utilizatorilor cand persoana din celalalt capat al conversatiei tasteaza un mesaj.
2632	1.5	Arestarile au dezvaluit detalii noi despre investigatia de patru luni de la casa lui Selenski din Mount Olivet Road.	Cadavrele lui Kerkowski si Fassett au fost dezgropate la casa lui Selenski din Mount Olivet Road pe 5 iunie.
2633	3.067	Intentionam sa petitionam viguros si tot ne asteptam sa fim justificati pana la urma.	Credem ca aceasta a fost o lege proasta si inca asteptam sa fim justificati pana la urma.
2634	2.75	Conform legii din Kansas, este ilegal ca tinerii cu varsta sub 16 ani sa aiba relatii sexuale.	In parerea sa, Kline a mentionat ca este ilegal pentru copii atat de mici sa aiba relatii sexuale.
2635	3.5	Tranzactia va extinde incasarile din vanzari ale Callebaut din afacerea cu produsele de consum la 45 la suta de la 23 la suta.	Tranzactia va extinde incasarile din vanzari ale Callebaut din afacerea cu produsele de consum cu aproximativ 45 la suta la o treime din vanzarile totale.
2636	3.25	Armata Indoneziei a fost adesea acuzata de abuzuri ale drepturilor umane din perioada luptei GAM pentru independenta, acuzatii pe care in general le-a negat in timp ce invinovateste separatistii de incalcari ale drepturilor.	Armata Indoneziei a fost acuzata de abuzuri ale drepturilor umane in timpul primelor batalii cu GAM, acuzatii pe care le-a negat in general.
2637	3.75	Economia Iracului a fost devastata in timpul anilor de sactiuni de la Natiunilor Unite datorita ocupari din 1990 a Kuwaitului a fostului presedinte Saddam Hussein si a razboiului condus de SUA pentru a-l indeparta, care s-a incheiat in aprilie.	Economia Iracului a fost destramata sub conducerea fostului presedinte Saddam Hussein si de razboiul condus de SUA pentru a-l indeparta, care s-a incheiat in aprilie.
2638	3.8	Unul a aratat de asemenea catre cuvantul refugiat in dictionarul englez-turcesc.	Un barbat a etalat un dictionar englez- turcesc si a aratat catre cuvantul „refugiat”.
2639	4.0	Cea mai mare parte a fondurilor, aproximativ 65 de miliarde de dolari, va merge catre operatiuni militare in Irak si Afganistan.	Cea mai mare parte a proiectului de lege - 64,7 miliarde de dolari - merge catre operatiuni militare in principal in Irak si Afganistan.
2640	4.8	Dolores Mahoy, in varsta de 68 de ani, din Colorado Springs, Colo., este o persoana care poate fi ajutata de legislatia in asteptare din Congres.	Dolores E. Mahoy, in varsta de 68 de ani, din Colorado Springs este exact genul de persoana care ar putea fi ajutata de legislatia in asteptare din Congres.
2641	2.2	Emiterile care avanseaza au intrecut la numar actiunile in declin 8 la 5 pe Bursa din New York.	Emiterile care declina au intrecut la numar pe cele care avanseaza cu mai mult de 3 la 1 pe Bursa din New York.
2642	3.25	Un concurs de frumusete care urmeaza sa aiba loc in Italia s-ar putea sa fie primul pentru fete de poster perfecte in lumea pixelilor.	Un nou concurs de frumusete care va incepe in Italia saptamana viitoare va oferi fetelor de poster perfecte in lumea pixelilor sansa de a fura statusul de sex simbol al arzatoarei Sophia.
2643	2.5	Parerea generala a analistilor estimeaza de la Thomson First Call ca a fost o pierdere de 2,08 dolari pe actiune, excluzand articolelor unice.	Estimarea analistilor examinata de Thomson First Call a fost o pierdere de 2,75 dolari pe actiune.
2644	2.25	De asemenea, se asteapta ca administratia Boeing sa decida la intalnirea din decembrie daca sa ofere avionul inspre vanzare companiilor aeriene.	Se asteapta in general ca Bair sa primeasca aprobarea oficiala de a oferi avionul spre vanzare companiilor aeriene.
2645	2.75	Bush a spus ca foretele de rezistensa ostile prezentei SUA „fac sa se simta ca si cand ... conditille sunt astfel incat ne pot ataca acolo.”	Sunt unii care simt ca conditiile sunt astfel incat ne pot ataca acolo.
2646	4.75	Avocatii apararii au spus ca o schimbare de sala era necesara deoarece publicitatea masiva dinaintea procesului corupsese juratii impotriva clientului lor.	Avocatii apararii cerusera o schimbare de sala pentru doua motive: ei au argumentat ca publicitatea masiva dinaintea procesului corupsese juratii impotriva clientului lor.
2647	3.5	Intemeiat in 1996, schimbul LendingTree este alcatuit din mai mult de 200 de banci, creditori si brokeri.	LendingTree potriveste pe cei care imprumuta prin Internet cu mai mult de 200 de brokeri de ipoteci, banci si alti creditori.
2648	3.25	Majoritatea celor care platesc impozite vor primi reduceri surpriza la impozit intre 4 dolari si 11 dolari din 1 iulie.	Cei 9 milioane de contribuabili ai Australiei au primit reduceri surpriza la impozit intre 3 dolari si 11 dolari de la trezorierul Peter Costello azinoapte.
2649	3.0	Gyorgy Heizler, liderul unitatii locale pentru dezastre, a spus ca autocarul transporta 38 de pasageri.	Liderul unitatii locale pentru dezastre, Gyorgy Heizler, a spus ca soferul autocarului nu a reusit sa bage de seama semaforul rosu.
2650	1.5	Taxa de scolarizare pe patru ani la facultatile private are o medie de 19 710 dolari anul acesta, cu 6 la suta mai mult decat in 2002.	Pentru anul universitar curent, taxa de scolarizare la universitatile de stat a ajuns in jur de 4,694 de dolari, in crestere cu aproape 600 de dolari fata de anul precedent.
2651	2.0	Rata somajului la nivel national a scazut la 6,4%, mai putin decat cea din August, care era 6,7%.	Rata somajului in judetul San Joaquin a scazut luna trecuta la 8,5%, cu aproape un procent fata de luna August.
2652	3.0	Lumini de securitate au fost deasemenea instalate, iar politistii au curatat terenul de capcane.	Corpuri de iluminat au fost de asemenea instalate pe un hambar situat aproape de poarta din fata.
2653	4.75	Insa trupele americane nu se vor da in laturi de la organizarea de raiduri si de la a-si ataca inamicii, cand locatiile acestora pot fi identificate.	Dar trupele americane nu se vor da in laturi de la a organiza raiduri atunci cand pot identifica locatiile inamicilor.
2654	4.778	Moore nu a acut niciun comentariu de dat marti.	Moore nu a avut o reactie imediata marti.
2655	3.2	Un judecator a hotarat pe 8 august preluarea copilului in custodia statului.	Pe 8 august, judecatorul Robert Yeates de la Tribunalul pentru Minori a decis plasarea lui Parker in custodie protectiva.
2656	3.2	Dar purtatorul de cuvant al Casei Albe Ari Fleischer a declarat ieri: „Masurile pe care statul iranian pretinde ca le-a luat in capturarea grupului al-Qaida sunt insuficiente”.	„Masurile pe care statul iranian pretinde ca le-a luat in capturarea grupului al-Qaida sunt insuficiente”.
2657	4.364	Rezultatele au fost scoase la iveala la intalnirea de marti din Seattle a Societatatii Americane de Boli Respiratorii si vor fi publicate in editia de joi a Revistei Medicale din New England.	Rezultatele studiului au fost scoase la iveala la intalnirea de marti din Seattle a Societatatii Americane de Boli Respiratorii si vor fi publicate de asemenea in editia de joi a Revistei Medicale din New England.
2658	3.8	Pozitiei lui opuse i s-au alaturat judecatorul-sef William H. Rehnquist si judecatorul Clarence Thomas.	Judecatorul-sef William H. Rehnquist impreuna cu judecatorii Antonin Scalia si Clarence Thomas au adoptat o pozitie opusa.
2659	4.4	United deja a achitat orasului penalitati in valoare de 34 milioane de dolari deoarece nu a reusit sa indeplineasca primul tur de obiective in ceea ce priveste angajarile.	United a achitat penalitati in valoare de 34 milioane de dolari deoarece nu a reusit sa indeplineasca obiectivele in ceea ce priveste angajarile.
2660	4.5	Biroul lui Shelley a transmis vineri ca i-au fost stranse 575,926 de semnaturi.	Biroul lui Shelley a dat exit-pollul semnaturilor vinerea trecuta si a a spus ca judetele au numarat 575,926 de semnaturi pana acum.
2661	4.0	Bush vrea „sa vada un avion aterizand in acelasi fel in care si pilotii vad un avion aterizand”, a declarat ieri Ari Fleicher, secretarul de stat responsabil cu presa de la Casa Alba.	Marti, inaintea discursului lui Byrd, Fleicher a declarat ca Bush doreste „sa vada un avion aterizand in acelasi fel in care si pilotii vad un avion aterizand”.
2662	1.5	Cel care a statea cu reporterii si fotografii cam la 150 de metri de portile inchisorii a fost Brent Newbury, presedintele Asociatiei de Voluntari Patrula Judetului Rockland.	„Totul este o distorsionare”, a spus cu o pasiva agresivitate Brent Newbury, presedintele Asociatiei de Voluntari Patrula Judetului Rockland.
2663	3.0	„Au fost batuti in mod brutal si ce e cu adevarat de de mirare este faptul ca Porchia este singura decedata din acest caz”.	„Este o minune ca doar Porchia a fost singura care a decedat de pe urma acestui caz”, a adaugat Sax.
2664	5.0	„Manusa a fost aruncata”, a declarat reprezentantul UNIFI, Rob O'Neill.	Reprezentantul UNIFI Rob O'Neill a declarat: „Manusa a fost aruncata”.
2665	3.6	Cei de la Pratt & Whitney au spus ca 75% din echipamentele motorului vor fi externalizate in Europa, cu asamblarea finala in Germania.	Cei de la Pratt &Whitney au spus ca daca castiga contractul, ar externaliza 75% din echipamentul de motor catre furnizori europeni, cu o asamblare finala in Germania.
2666	2.8	Membrii scriitori Selwyn Crawford, Colleen McCain si Brian Anderson de la DallasNews.com au contribuit la acest articol.	Membrii scriitori Brandon Formby si Colleen McCain au contribuit la acest articol.
2667	1.8	Comisia de Comert ar fi fost un obstacol semnificativ pentru o astfel de afacere.	Comisia de Comert a Noii Zeelande nu a oferit firmei Westpac nicio indicatie cu privire la aprobarea negocierii.
2668	3.4	Procurorii au depus o motiune prin care l-au informat pe Lee ca intentioneaza sa ceara pedeapsa cu moartea.	El a adaugat ca procurorii intentioneaza sa ceara pedeapsa cu moartea.
2669	3.0	Maestrii americani: Arthur Miller, Elia Kazan si Lista cea neagra: Niciunul fara de pacat (Miercuri)	"Retineti subtitlul acestei teribile parabole in seria ,,Maestrii americani: Arthur Miller, Elia Kazan si Lista neagra: Niciunul Fara De Pacat"""
2670	2.0	Acel pachet a inclus cresteri atat in cheltuielile orasului cat si in impozitele pe venit.	De asemenea, se opune cresterii impozitului pe vanzari si a veniturilor personale din pachet.
2671	3.333	Melodiile sunt de vanzare la oferta de 99 de centi fiecare, sau 9,99 de dolari un album.	Compania va vinde melodii pentru 99 de centi si albume pentru 9,95 de dolari.
2672	4.25	„Cu siguranta ceea ce stim sugereaza ca ar trebui sa luam foarte in serios ceea ce spun ei”, a adaugat el.	„Nu stim totul [dar] ceea ce stim sugereaza ca ar trebui sa luam in serios ceea ce spun ei”, a spus el.
2673	2.0	Actiunile Gillette au crescut cu 1,45 de dolari sau cu 4,5 procente, la 33,95 de dolari la tranzactionarea de dupa-amiaza a Bursei de Valori din New York.	Actiunile Gillette s-au inchis cu o scadere de 45 de centi la 33,70 de dolari la tranzactionarea de miercuri a Bursei de Valori din New York.
2674	1.6	Actiunile firmei cu sediul in San Diego, Jack In The Box, s-au oprit la 21,49 de dolari, cu o crestere de 78 de centi sau 3,8 la suta, la Bursa de Valori din New York.	Actiunile firmei Outback Steakhouse Inc. cu sediul la Tampa s-au inchis la 44,50 dolari, cu o crestere de 1,78 de dolari sau 4,2 procente, la Bursa de Valori din New York.
2675	3.6	Actiunile industriale de la firma The Dow Jones au urcat cu mai mult de 140 de puncte deasupra liniei 9,000, prima oara din decembrie.	Actiunile industriale ale firmei The Dow Jones au trecut pentru scurt timp de limita de 9,000, pentru prima data din decembrie.
2676	4.75	Guvernul a ales trei companii care sa dezvolte planuri pentru a proteja avioanele comerciale de focuri de arma trase de pe umar, au anuntat reprezentantii Departamentului pentru Securitate Interna.	Departamentul pentru Securitate Interna a anuntat marti ca a numit trei companii care sa continue cercetarea modalitatilor de a stopa atacurile armate trase de pe umar.
2677	1.75	Gruparile Tamil acuza Tigrii Eliberarii din Tamil Eelam (LTTE) de aceste omoruri.	Guvernul a dorit sa reinvie discutiile cu Tigrii de Eliberare din Tamil Eelam (LTTE) pentru a discuta structura interimara.
2678	3.25	Doi dintre britanici, Sandy Mitchell din Glasgow si William Sampson, nascut in Glasgow, se confrunta cu pedeapsa cu moartea.	Sandy Mitchell, in varsta de 44 de ani, din Kirkintilloch, Glasgow, si William Sampson, un cetatean britanic nascut in Glasgow, se confrunta cu decapitarea in public.
2679	3.0	El a cerut rabdarea americanilor dornici de acest serviciu, care este destinat sa blocheze aproximativ 80% din apelurile de telemarketing.	Serviciul gratuit a fost initial destinat blocarii a aproximativ 80% din apelurile de telemarketing.
2680	3.6	Jordan Green, avocatul personal al prelatului, a spus ca nu are nimic de adaugat.	Avocatul lui O'Brien, Jordan Green, a refuzat sa comenteze.
2681	3.4	"Domnul Hadley, care e intr-o noua relatie si are un nou copil, a spus: ,,Sunt absolut incantat"""	Intr-o declaratie emisa de avocatii sai, domnul Hadley a spus: „Sunt absolut incantat de rezultatul procedurilor.
2682	3.25	Pierderile s-au produs peste noapte in Canionul Willow, una dintre cele 3 zone din Muntii Santa Catalina amenintata de un incendiu care are loc de de doua saptamani care deja a innegrit 70 de mii de acri.	Pierderile au avut loc peste noapte in Canionul Willow, una dintre cele 3 zone din Muntii Santa Catalina amenintate de reaprinderea incendiului Aspen.
2683	3.5	„Nu dorim sa asteptam si sa lasam sa aiba loc un linsaj de card bancar'”, a declarat maiorul republican Owens (din Brooklyn).	„Nu vrem sa asteptam si sa vedem cum are loc linsarea unui card bancar”, a zis el.
2684	3.786	Totusi, folosirea comerciala a nucleului versiunii 2.6.0 este inca indisponibil pentru luni intregi pentru majoritatea clientilor.	Lansarile comerciale ale versiunii 2.6.0 al nucleului Linux de catre distribuitorii principali raman ina la o distanta de luni intregi.
2685	0.8	Varianta mai lunga al Indexului 500 al Standard & Poor a avansat cu doua puncte, sau cu 0,24 la suta, la 977.	Indicele Nasdaq Composite .IXIC a scazut cu 6,52 puncte, sau 0,39 la suta, la 1.645,66.
2686	2.4	Doi reprezentanti au spus initial ca 300 de muncitori fusesera arestati in 61 de magazine in 21 de state.	Dar reprezentantii au rezizuit mai apoi numerele si au spus ca 250 fusesera arestati in aproxiamtiv 60 de magazine.
2687	3.2	„Aceasta afacere are sens pentru ambele firme”, a spus Halla intr-o declaratie pregatita.	Brian Halla, CEO al NatSemi, a afirmat ca acordul are sens pentru ambele companii.
2688	4.923	Cincizeci si sapte de senatori, printre care 24 de republicani, au semnat scrisoarea.	Dintre cei care au semnat scrisoarea, 57 sunt senatori, inclusiv 24 de republicani.
2689	2.6	Au fost confirmate miercuri inca cinci cazuri umane afectate de virusul West Nile, de catre Directia de Sanatate Publica a judetului Mesa.	In aceasta saptamana, 103 de cazuri umane de infectare cu virusul West Nile, din 45 de judete, au fost declarate departamentului de sanatate.
2690	4.0	Domnul Manuel si grupul sau au patruns in Statele Unite trecand podul ce leaga Matamoros si Brownsville.	Manuel si grupul lui au intrat in Statele Unite in acelasi fel prin care mii de oameni fac, trecand podul ce leaga Matamoros si Brownsville.
2691	3.0	Conform reglementarilor NASD, domnul Young poate depune un raspuns si sa solicite o audiere in fata unui unei instante a NASD.	Analistul, deja eliberat de catre Merrill, poate solicita o audiere in fata unei instante a NASD.
2692	3.2	Presedintele si-a inceput discursul amintind de atacurile teroriste din Arabia Saudita care au produs moartea a 29 de oameni, printre care si sapte americani.	Totusi, Bush a criticat aspru bombardamentele teroriste din Arabia Saudita care au provocat moartea a 29 de persoane, care include si un numar de americani.
2693	3.2	„Sunt foarte mandru de cetatenii acestui stat”, a declarat guvernatorul John Baldacci in urma numararii voturilor referendumului de marti.	„Sunt foarte mandru de cetatenii acestui stat”, a spus guvernatorul John Baldacci, un dusman al jocurilor de noroc.
2694	3.4	Printre cei trei principali candidati, Schwarzenegger castiga lupta pentru independenti si alegatorii membri de partid.	Scwarzenegger castiga mai multi independenti si alegatori membri de partid decat Brustamante.
2695	2.6	El il va inlocui pe Ron Dittemore, care si-a anuntat demisia pe 23 aprilie.	Dittemore si-a anuntat planurile de a demisiona pe 23 aprilie.
2696	4.571	Selenski petrecuse anterior sapte ani in inchisore in urma unei condamnari de jaf bancar.	Selenski a petrecut aproape sapte ani in inchisoare pentru jaf bancar.
2697	3.4	Maddox, in varsta de 87 de ani, si-a fisurat doua coaste acum zece zile cand a cazut in centrul rezidential de asistenta si ingrijire pentru persoane varstnice, unde se recupera de pe urma unei operatii intestinale, a spus Virginia Carnes.	Maddox, care se luptase cu cancerul din 1983, si-a fisurat doua coaste la inceputul acestei luni cand a cazut in centrul rezidential de asistenta si ingrijire pentru persoane varstnice, unde se recupera de pe urma unei operatii.
2698	2.25	Graham, un candidat la presedentie, a fost criticat de mai multi republicani ca „politizeaza” raportul.	Graham, care a co-prezidat ancheta, este un candidat la presedentie.
2699	3.5	In 2002, Linksys a depasit Cisco Systems ca lider in vanzarea de echipamente wireless, numarand 14,1 la suta din impozitul pe venit.	Rolfe a zis ca Linskys a depasit Cisco Systems anul trecut ca lider furnizor de echipamente WLAN.
2700	2.75	Solile care nu indeplinesc obiectivele de stat timp de trei ani la rand sunt obligate sa ofere sesiuni de tutorat, pe langa transferuri.	Scolile care nu indeplinesc obiectivele de testare timp de doi ani la rand trebuie sa ofere transferuri.
2701	4.75	Manipularea industriei farmaceutice a fost atat de profitabila incat multi dintre cei arestati locuiau in case de milioane de dolari.	Manipularea industriei farmaceutice a fost atat de profitabila, spun anchetatorii, incat multi dintre suspecti locuiau in case care valoreaza milioane dolari.
2702	4.5	Domnul Howard a spus ca are totodata incredere in sistemul prin care Hicks ar fi judecat.	Howard a mai spus ieri ca Hicks va fi tratat corect, spunand ca are incredere in sistemul de justitie din SUA.
2703	3.167	Contrabandistii intr-o duba au urmarit un pick-up si un SUV care transporta alti contrabandisti si imigranti ilegali, a declarat seriful din judetul Pinal, Roger Vanderpool.	Oameni dintr-o duba au tras cu arma intr-un pick-up si un SUV, care se credea ca transporta in mod ilegal imigranti, a declarat seriful judetului Pinal, Roger Vanderpool.
2704	4.5	Procesul, la care participa 125 de martori, ar putea continua pana la inceputul anului 2004.	In cadrul procesului, care ar putea dura pana la inceputul anului 2004, primul dintre cei 125 de martori este asteptat vineri in audiere.
2705	4.75	Computerele ar fi fost amplasate in SUA, Canada si Coreea de Sud.	Computerele sunt imprastiate in Statele Unite, Canada si Coreea de Sud.
2706	2.75	Vulnerabilitatea afecteaza Windows NT 4.0, NT 4.0 Terminal Services Edition, XP si 2000, precum si Windows Server 2003.	Microsoft a scos un program pentru vulnerabilitatea computerului, care afecteaza Windows NT 4.0, Windows NT 4.0 Terminal Services Edition, Windows 2000, Windows XP si Windows Server 2003.
2707	3.2	Contributia suplimentara face ca anul acesta ajutorul alimentar al Statelor Unite catre Coreea de Nord sa ajunga la 100 de mii de tone.	Donatia de 60 de mii de tone aduce contributiile Statelor Unite la un total de 100 de mii.
2708	2.6	Uniunea Europeana a interzis importul de alimente modificate genetic in 1998; Statele Unite cer acum ca UE sa puna capat interdictiei sale.	Uniunea a interzis importul de alimente modificate genetic in 1998, dupa ce multi consumatori s-au temut de riscurile pentru sanatate.
2709	4.4	El a prezis ca Vanderpool va fi disponibil in urmatorii cinci ani.	Produsele Vanderpool vor fi scoase pe piata in urmatorii cinci ani, a zis el.
2710	3.0	Annikei Sorenzam I se ofera prima oportunitate de a-si testa obiectivul in aceasta saptamana la Campionatul McDonald's LPGS.	Odata cu aperitivul devorat, Annika Sorenstam trece la gustare saptamana aceasta la Campionatul McDonald's LPGA.
2711	0.944	Mai marele indice 500 al Standard & Poor's .SPX a obtinut trei puncte, sau 0.39 la suta, ajungand la 924.	Indicele tehnologic Nasdaq Composite <.IXIC> a crescut cu sase puncte, sau 0.41 de procente, la 1,498.
2712	4.0	Cisco a semnat acorduri similare cu AT&T Corp. T.N, SBC Communications Inc. SBC.N si Sprint Corp. FON.N.	Cisco are relatii similare cu concurentii BellSouth SBC Communications, AT&T si Sprint Communications.
2713	3.8	Harris si Kiebold au ucis 12 elevi si un profesor inaintea de a se sinucide pe data de 20 aprilie 1999.	Harris si Kiebold au ucis 12 elevi, un profesor si s-au sinucis, toate avand loc in scoala.
2714	4.2	„Condamnam Consiliul guvernatorilor condus de Statele Unite”, a spus Muqtada al Sadr intr-o predica la o moschee.	„Condamnam si denuntam Consiliul guvernatorilor, care este condus de Statele Unite”, a spus Moqtada al-Sadr.
2715	4.2	Intr-o declaratie distribuita vineri, 28 de organizatii neguvernamentale cecene au declarat ca vor boicota votul.	Intr-o declaratie distribuita astazi, 28 de organizatii neguvernamentale cecene au declarat ca vor boicota votul si au avertizat alegatorii sa se astepte la fraude.
2716	2.6	Populatia statului in anul 2000 era de 6.080.485, conform recensamantuluI SUA.	Cu toate acestea, intre 1960 si 2000, populatia statului a crescut cu 30,4%, pana la 6,080,485.
2717	3.056	18 iulie: Hulbert depune o singura acuzatie de caz grav de agresiune sexuala impotriva lui Bryant.	Bryant, in varsta de 24 de ani, a fost acuzata de un caz grav de agresiune sexuala.
2718	4.75	Presedintele si directorul executiv de la St. Paul Jay S. Fishman, in varsta de 51 de ani, va fi director general al companiei asociate.	Jay Fisherman, presedinte si director executiv la St. Paul, in varsta de 51 de ani, va deveni directorul general al companiei asociate.
2719	3.25	In schimb, Weida a decis ca cazul Meester privind acuzatiile de viol, sodomie, agresiune indecenta si furnizarea de alcool minorilor ar trebui sa treaca la o curte martiala.	Douglas Meester, in varsta de 20 de ani, este acuzat de viol, sodomie, agresiune indecenta si furnizarea de alcool minorilor.
2720	3.4	Au facut o descoperire similara la Houston cu un alt avion, a declarat compania Southwest Airlines intr-un comunicat.	Compania aeriana a declarat ca o descoperire similara a fost facuta in avionul din Houston.
2721	3.75	"Rosenthal a refuzat sa comenteze situatia lui Garrett marti, dar a declarat intr-un comunicat: „Am avut o negociere mare a contractului."""	Creatorul si producatorul executiv al spectacolului, Phil Rosenthal, a spus in gluma intr-o declaratie: „Am avut o mare negociere contractuala.
2722	2.6	Curentul electric fiind repornit, muncitorii de stat s-au intors inapoi la locurile de munca vineri dimineata.	Pataki a spus ca daca electricitatea va fi restabilita, lucratorii de stat se vor intoarce vineri dimineata la locul de munca.
2723	2.4	Nasdaq a scazut cu aproximativ 1,3% pentru luna respectiva, rupand o serie de victorii de sapte luni.	Nasdaq a scazut cu aproximativ 0,4 la suta pentru luna respectiva, pe calea de a rupe o serie de castiguri de 7 luni.
2724	3.2	Raportul a fost gasit pe data de 23 octombrie, tinut ascuns intr-un biblioraft care nu avea legatura cu investigatia.	Raportul a fost gasit saptamana trecuta ascuns intr-un manual de instruire care apartinea lui Hicks.
2725	3.4	Sambata, Comitetul International al Crucii Rosii a declarat ca isi inchide temporar birourile din Bagdad si Basra.	Comitetul International al Crucii Rosii, temator pentru siguranta personalului sau care isi desfasoara activitatea in Irak, a anuntat ca isi inchide temporar birourile din Bagdad si Basra.
2726	2.4	Campania de Solidaritate cu Palestina lansata de Irlanda, din care a facut parte domnul Muireagàin, i-a salutat eliberarea.	Campania de Solidaritate cu Palestina lansata de Irlanda, din care a facut parte, a declarat ca face pregatiri pentru un proiect de schimb de experienta interscolar.
2727	3.4	Glover a spus ca ucigasul a facut un „nod neobisnuit” pe legatura pe care a folosit-o pentru a sugruma unele dintre victime.	Glover a spus ca ucigasul a folosit un „nod special”, inclusiv un cablu coaxial si un cablu prelungitor, pentru a strangula unele dintre victime.
2728	3.6	Ea a spus ca avocatii lui Jane Doe i-au cerut Verizon sa-i retina numele, deoarece intentiona sa conteste citatia.	Jane Doe, hotarand sa conteste citatia, i-a cerut lui Verizon sa-i retina numele.
2729	3.4	In septembrie, un cercetator din Singapore, in varsta de 27 de ani, a contractat SARS in timp ce lucra intr-un laborator.	Intr-un caz din August, un lucrator de laborator in varsta de 27 de ani, a dezvoltat virusul SARS.
2730	4.818	Un numar sub 50 sugereaza o restrangere in sectorul de manufactura, in timp ce un numar peste aceasta valoare indica o largire.	Un indicator de citire peste 50 sugereaza o crestere in sector, in timp ce o valoare sub acel nivel indica o scadere.
2731	3.2	Un proces a fost intentat in incercarea de a bloca scoaterea din cladire a monumentului Cele Zece Porunci.	Sustinatorii au cerut luni unei instante federale sa blocheze scoaterea unui monument al Celor Zece Porunci din cladirea judiciara din Alabama.
2732	1.4	Britz a castigat 3,77 milioane de dolari in salariu, bonus si alte compensatii, iar Kinney a castigat 3,76 milioane de dolari.	Johnston a castigat 5,8 milioane de dolari salariu si bonus in 2001 ca presedinte, iar in calitate de consilier cu jumatate de norma a castigat 1 milion de dolari in 2002.
2733	3.0	Camionul respectiv a fost reperat in zona Campbells Creek, potrivindu-se cu acea descriere, a spus Morris.	O camioneta neagra a fost de asemenea vazuta in zona Campbells Creek, a spus Morris.
2734	3.2	Presedintele Michael Powell si colegii FCC sunt audiati miercuri.	Seful FCC, Michael Powell, prezideaza audierea de luni.
2735	1.8	Indicele Dow Jones Industrial Average a crescut cu 0,3 procente la 9,886.75, in timp ce Indicele Nasdaq Composite a crescut cu 0,7 la suta mai mult la 1,995.1.	Pe Wall Street, indicele Dow Jones a crescut cu 0,5%, la 9.905,8, iar Nasdaq Composite a crescut cu 0,7% la 1.995,1.
2736	3.8	Teheranul a precizat ca va semna Protocolul aditional care introduce astfel de inspectii numai daca se va ridica interzicerea importului de tehnologie nucleara civila occidentala.	Teheran a afirmat ca va semna protocolul doar daca se va ridica interzicerea importurilor de tehnologie nucleara occidentala in scopuri pasnice.
2737	4.6	Congresul a adoptat de doua ori restrictii similare doar pentru a-l vedea pe presedintele Bill Clinton respinzandu-le.	Congresul a adoptat de doua ori proiecte de lege similare, dar presedintele de atunci Clinton le-a respins de doua ori.
2738	2.8	Dar as prefera sa vorbesc despre standarde ridicate decat standarde scazute”.	„As prefera sa vorbesc mai degraba despre numere pozitive decat negative.
2739	4.25	In cadrul programului, oficialii SUA colaboreaza cu autoritatile portuare straine pentru a identifica, viza si cauta marfa cu risc ridicat.	In cadrul programului, oficialii SUA colaboreaza cu autoritatile portuare straine pentru a cauta marfa cu risc ridicat inainte ca aceasta sa poata ajunge in Statele Unite.
2740	3.0	Niels a spus unui intervievator in 1999 ca el crede ca Batranul va trai mai mult ca el.	In 1999, cu doi ani inainte de moartea sa, domnul Nielsen i-a spus unui intervievator ca el crede ca roca va trai mai mult ca el.
2741	0.75	Doar unul, capitanul Doug McDonald, a ramas internat in stare critica joi.	Sora ei de 20 de ani, Allyson, a fost grav arsa si a ramas internata in stare critica.
2742	4.0	Miercuri, numarul total al membrilor Garzii Nationale si al Rezervelor chemati la datorie la nivel mondial a ramas la 154,603.	Incepand de ieri, numarul total al trupelor Garzii Nationale si Rezervele chemate la datorie a ramas la 154, 603, la nivel mondial,
2743	3.6	Intr-o perioada de aproape un deceniu, asistentii de telemarketing au strans peste 7 milioane de dolari.	Asistentii de telemarketing, angajati de VietNow, au strans 7,1 milioane de dolari din 1987 pana in 1995.
2744	2.2	Cadavrele raposatului cetatean din Invercargill, Warren Campbell, in varsta de 32 de ani, si tovarasul de alpinism Jonathan Smith, in varsta de 47 de ani, au fost recuperate de sub Muntele D'Archiac ieri dimineata tarziu.	Warren David Campbell, in varsta de 32 de ani, si tovarasul de alpinism Jonathan Smith, in varsta de 47 de ani, nu s-au intors marti, asa cum era de asteptat, de la urcarea pe Muntele D'Archiac din districtul McKenzie.
2745	2.8	Domnul Geoghan locuia intr-o unitate in custodie protectiva de cand a fost transferat la inchisoare pe 3 aprilie.	El a fost in custodie protectiva de cand a fost transferat la Souza-Baranowski in aprilie, au spus oficialii.
2746	3.2	Planul electoral din 2000 al Partidului Democrat a sprijinit „includerea deplina a familiilor gay si lesbiene in viata natiunii”.	Planul electoral din 2000 al Partidului Democrat nu a sprijinit in mod explicit casatoriile homosexuale, dar a sprijinit „includerea deplina a familiilor homosexuale si lesbiene in viata natiunii”.
2747	1.25	Actiunile sale au scazut cu 71 de centi, sau 3,5 la suta, la tranzactionarea de dupa program, la 19,55 dolari.	Actiunea a crescut cu 63 de centi, sau 3 la suta, pentru a inchide la 20,26 dolari in tranzactiile Nasdaq cu sesiune regulata.
2748	3.0	Sute de reporteri si fotografi au inundat terenul tribunalului inainte de sedinta, care a fost transmisa in direct pe retelele nationale de cablu.	Sute de reporteri si fotografi au inundat orasul si scurta audiere la care era chemat jucatorul de cinci ori selectionat la jocul All-Star gazduit de NBA, a fost transmisa pe retelele nationale de cablu.
2749	2.2	Vanzarile de cipuri ale AMD au crescut cu 7% fata de anul anterior la 402 milioane dolari.	Vanzarile din al doilea trimestru au crescut cu 7%, la 645 milioane dolari, de la 600 milioane dolari in 2002.
2750	3.6	Shelia Chaney Wilson parea agitata cand a venit sa ajute in pregatirea viitoarei aniversari de 104 ani ai Bisericii Metodist-Episcopale Africane Turner Monumental, au spus enoriasii.	Inchinatorii Bisericii Metodist-Episcopale Africane Turner Monumental au spus ca Sheila Chaney Wilson, in varsta de 43 de ani, era agitata cand a venit la biserica, in cartierul Kirkwood din partea de est a orasului.
2751	4.0	El a fost Asul Diamantelor intr-un pachet de carti care infatisau fugari irakieni si care a fost eliberat trupelor americane.	El a fost asul diamantelor dintr-un pachet de carti american, care arata imagini cu cei mai cautati lideri irakieni.
2752	3.0	Miodrag Zivkovic, din Alianta Liberala din Muntenegru, a castigat 31% din voturi, in timp ce independentul Dragan Hajdukovic a obtinut 4%.	Un radical independent, Miodrag Zivkovic, din Alianta Liberala, a ocupat locul al doilea cu 31% din voturi.
2753	3.75	Pana in prezent, Georgiei i s-au restituit banii pe care i-a transferat, cu exceptia a 70.000 de dolari.	Georgia si-a primit banii inapoi cu ajutorul FBI, mai putin 70,000 de dolari.
2754	5.0	Natiunea insulara a raportat 65 de cazuri noi pe 22 mai, un record de o zi si 55 de cazuri noi pe 23 mai, facand epidemia din Taiwan drept cea cu cea mai rapida crestere din lume.	Taiwan a raportat 65 de cazuri noi pe 22 mai, un record de o zi si 55 de cazuri noi pe 23 mai, facand din epidemia sa cea cu cea mai rapida crestere din lume.
2755	3.2	Aparatorul de la Cubs Sammy Sosa a fost suspendat pentru opt meciuri vineri de catre liga majora de baseball pentru folosirea unei bate umplute cu pluta.	Sammy Sosa a fost suspendat pentru opt meciuri de baseball din liga majora vineri pentru ca a folosit o bata umpluta cu pluta si a facut imediat apel la decizie.
2756	3.2	Jumatate dintre femei au primit o doza zilnica de medicament, iar jumatate au luat un placebo.	Jumatate dintre femei au primit zilnic o tableta cu combinatie de estrogen plus progestin, in timp ce restului li s-a administrat un placebo.
2757	3.0	Cand politia i-a indepartat pe cei patru din casa, cantareau 136 de livre impreuna.	Fiecare baietel cantarea mai putin de 50 de livre cand a fost scos din casa pe 10 octombrie.
2758	3.6	In timp ce Ibrahimii au avut o singura operatiune de separare, Goodrich si Dr. David Staffenberg planifica aproximativ trei pentru Aguirre, cu cateva saptamani intre ele.	In loc de o lunga operatie de separare a gemenilor, Goodrich si doctorul David Staffenberg planifica aproximativ trei, cu cateva saptamani intre ele.
2759	4.2	Compania s-a extins in furnizarea altor servicii pentru cumparatori, inclusiv servicii de plata.	Compania a extins acele servicii de baza, oferind plati si chiar finantare.
2760	1.8	Exploziile au ucis doua persoane si au ranit mai mult de 150 de persoane.	Atacul din cadrul Jocurilor Olimpice din Atlanta a ucis o femeie si a ranit alte peste 100 de persoane.
2761	3.231	In 2001, presedintele Bush a numit-o pe Kathy Gregg in consiliul de administratie al Asociatiei de Marketing a imprumuturilor studentesti.	In 2001, presedintele Bush a numit-o la Asociatia de Marketing a imprumuturilor pentru studenti, cel mai mare serviciu de imprumuturi din SUA pentru studenti.
2762	3.0	Arhiepiscopia Bostonului s-a confruntat cu valuri de scandal care nu numai ca i-au enervat pe avocatii victimelor, ci pe enoriasi si pe unii preoti.	Valurile de scandal i-au enervat nu numai pe avocatii victimelor, ci pe enoriasi si pe unii preoti, pana la punctul in care Law nu mai putea conduce arhiepiscopia.
2763	3.0	Un magistrat federal din Fort Lauderdale l-a ordonat sa fie retinut fara cautiune.	Zuccarini a fost ordonat sa fie retinut fara cautiune miercuri de un judecator federal din Fort Lauderdale, Florida.
2764	3.75	Pozitia departamentului ameninta sa-i indeparteze pe conservatorii sociali, care au oferit un sprijin politic puternic domnului Ashcroft si presedintelui Bush.	Pozitia departamentului a dezamagit unii oponenti ai avortului si ameninta sa-i indeparteze pe conservatorii sociali care au oferit un sprijin politic puternic pentru Ashcroft si presedintele Bush.
2765	5.0	Africa de Sud are cel mai mare numar de cazuri din lume, cu 4,7 milioane de persoane infectate cu HIV sau SIDA.	Cu 4,7 milioane de persoane infectate cu HIV sau SIDA, Africa de Sud are cel mai mare numar de cazuri din lume.
2766	3.4	In acea pozitie, Elias ii va raporta lui Joe Tucci, presedinte si CEO EMC.	In calitate de vicepresedinte executiv al noilor intreprinderi, Elias ii va raporta lui Joe Tucci, presedintele si directorul executiv al EMC.
2767	3.2	Noul comandant al armatei este ofiterul comandant al Brigazii Blindate Masaka, brigadierul Aronda Nyakairima, care este acum promovat general-maior.	PRESEDINTELE Yoweri Museveni l-a promovat pe brigadierul Aronda Nyakairima la general-maior si l-a numit comandant al armatei.
2768	2.8	Mailblocks a fost fondata la cinci ani dupa ce WebTV a fost achizitionata de Microsoft pentru 425 milioane de dolari.	WebTV a fost vandut catre Microsoft in 1997 pentru 425 milioane dolari si astazi se numeste MSN TV.
2769	2.8	Autoritatea de transport metropolitan a primit doua saptamani pentru a restabili tariful de 1,50 USD si vechile tarife ale cailor ferate de naveta, a declarat York.	Autoritatii de transport metropolitan, care intentioneaza sa faca un apel, i-a fost data pana pe 28 mai sa restabileasca vechiul tarif al metroului si autobuzului si vechile tarife ale cailor ferate de naveta.
2770	4.6	„Astazi incercam sa transmitem aceasta problema presedintelui rus Vladimir Putin si presedintelui SUA George W Bush.”	„Astazi incercam sa transmitem aceasta problema presedintelui rus Vladimir Putin (stiri - site-uri web) si presedintelui Bush (stiri - site-uri web)”.
2771	3.2	Statul vrea sa omoare lupii intr-o zona de aproximativ 1.700 de mile patrate, langa satul McGrath.	Statul doreste sa omoare lupii intr-o zona de aproximativ 1.700 de mile patrate, langa McGrath, pentru a infiinta un fel de gradinite pentru elani.
2772	3.0	Peterson a spus politiei ca a pescuit singur in Golful San Francisco in ajunul Craciunului, intorcandu-se intr-o casa goala.	Peterson a spus politiei ca si-a lasat sotia acasa la aproximativ 9:30 dimineata pe 24 decembrie pentru a pescui singur in Golful San Francisco.
2773	3.8	Sondajul Empire State realizat de Fed a depasit cu mult asteptarile sarind la 26,8 in iunie, un record, de la 10,6 in mai.	Preturile s-au retras de la maximele investitiilor din strainatate atunci cand sondajul Empire State a depasit cu mult asteptarile, sarind la 26,8 in iunie, un record, de la 10,6 in mai.
2774	4.5	Detectiv inspector-sef Norman McKinlay a spus ca exista „dovezi cum ca un cadavru sau mai multe au fost in aceasta zona”.	Detectiv inspector-sef Norman McKinlay, care conducea ancheta, a declarat: „Exista dovezi ca un cadavru sau mai multe au fost in aceasta zona”.
2775	3.0	Cancelarul consiliului, Robert Bennett, a refuzat sa comenteze cu privire la problemele legate de personal marti, la fel ca Mills.	Domnul Mills a refuzat sa comenteze ieri, marturisind ca nu a vorbit niciodata despre problemele personalului.
2776	4.727	Generalul Jeffery a afirmat ca va da spre caritate penisa militara aferenta perioadei in care si-a exercitat functia de conducere la Yarralumla.	Maj-Gen Jeffery a spus ca ar vrea sa-si doneze pensia militara catre asociatii de caritate cat timp el va fi innrolat in aramta in Yarralumla.
2777	3.8	Managerul Tampa Bay, Lou Piniella, antrenorul de banca John McLaren si fundasul dreapta Aubrey Huff au fost expulzati pentru ca s-au certat dupa ce Huff a fost chemat la greve pentru a pune capat celui de-al noualea.	Managerul Tampa Bay, Lou Piniella, antrenorul de banca John McLaren si Huff au fost expulzati la mijlocul celui de-al noualea.
2778	3.0	Intreprinderea detine cinci rafinarii de petrol si peste 2.100 de statii de alimentare in Rusia si Ucraina.	TNK-BP are sase unitati producatoare de petrol, cinci rafinarii si 2.100 de statii de alimentare.
2779	4.6	Alte modificari ale planului imbunatatesc viziunea sa initiala, a spus Libeskind.	Multe schimbari au imbunatatit planul original, a spus Libeskind.
2780	2.0	Rep. Peter Deutsch, D-Florida, a criticat eforturile FDA din Florida.	Peter Deutsch, D-Fla., a spus ca el vrea sa-i felicite pe cei din FDA.
2781	1.5	Acum sunt doar 37 de cazuri probabil active in GTA, comparativ cu 70, cum erau in 6 iunie.	Si, la nivel global, numarul cazurilor probabil active a scazut la 573.
2782	3.2	SARS a ucis 296 de oameni pe continetul Chinei si a infectat mai mult de 5.270.	Pe tot continentul Chinei, boala a ucis 300 de persoane si a infectat mai mult de 5.270.
2783	3.0	Reproiectat, Finder ofera un motor de cautare, etichete colorate pentru organizarea personalizata a documentelor si proiectelor si navigarea dinamica a retelei pentru serverele de fisiere de la Mac, Windows si UNIX.	De asemenea, permite etichete colorate pentru a organiza mai bine documentele, dar si o navigare dinamica a retelei pentru serverele de fisiere de la Mac, Windows si UNIX
2784	2.75	Avocatul, Rich Marsden, care il reprezenta pe Torch Concepts, nu a raspuns la multe din apelurile telefonice.	Reprezentantii Torch si JetBlue nu au raspuns in mod repetat la apelurile telefonice din partea Mercury News, care solicitau raspunsuri.
2785	4.5	El a fost castrat in 2011, in mod voluntar, operatia pe care a savarsit-o facandu-l impotent.	DeVries, a fost castrat in mod voluntar in anul 2011, a marturisit ca operatia l-a facut impotent.
2786	1.0	Indicele compozit S&P/TSX a crescut cu 87,74 puncte in timpul saptamanii, in timp ce indicele compozit TSX Venture Exchange a castigat 44,49 puncte.	In timpul saptamanii, media industriala Dow Jones a crescut cu 11.56 puncte, in timp ce media industriala Nasdaq Stock Market a crescut cu 39.42 puncte.
2787	3.75	La randul sau, SuSE va lincentia editia a 2-a Java Standard, in acelasi timp prevazand o intelegere de distributie a Sun's Java Virtual Machine pentru a functiona aplicatiile Java.	SuSE stabilit in Nuremberg, Germania, va licentia a 2-a editie standard Sun Java (J2SE) si va tranzactiona programul Sun's Java Virtual Machine catre software-ul sau, Linux.
2788	4.5	S-au format cozi lungi in fata benzinariei, iar oamenii s-au grabit sa scoata bani de la ATM-uri in ziua de duminica, in timp ce israelienii se pregateau sa treaca prin o revolta, care se preconiza ca poate sa tina tara in loc.	S-au format cozi lungi in fata benzinariei, iar oamenii s-au grabit sa scoata bani de la ATM-uri in ziua de duminica, in timp ce israelienii se pregateau pentru efectele revoltei.
2789	1.5	Indicele compozit Nasdaq din sfera high-tech a cazut cu 3,99 puncte, sau 0,2 procente, pana la 1682,72, dupa doua zile in care castigase 55,93.	Indicele compozit legat de tehnologie Nasdaq a pierdut 8,52 puncte, sau 0,51 procente, pana la valoarea de 1670,21.
2790	2.0	Nu stim daca vreunul va avea SARS, a spus dr. James Young, comisarul pentru siguranta publica din Ontario.	„Suntem hiper-vigilenti”, a spus dr. James Young, comisarul pentru siguranta publica din Ontario.
2791	4.0	Reducerile de la sfertul perioadei, au depasit asteptarile, crescand cu 37 de procente de la an la an si atingand suma de 1.76 miliarde de euro.	Reducerile s-au ridicat cu 37 de procente de la an la an, atingand suma de 1.76 miliarde, depasind asteptarile.
2792	3.2	Compania a afirmat ca va solicita luna viitoare, cand va lansa rezultatele Q2, revizuirea ghidului pentru intregul an fiscal.	Compania a declarat ca va reinnoi ghidul pentru 2003, cand va anunta la mijlocul lui iulie, rezultatele sale care corespund celui de al doilea trimestru.
2793	4.0	„Nu am decis inca daca sa folosim o linie alba intrerupta sau continua, dar acesta este un experiment care merita introdus”, a spus David Richardson, managerul ICC al echipei de cricket.	„Nu am decis inca daca sa folosim o linie alba intrerupta sau continua”, a spus David Richardson, managerul ICC al echipei de cricket.
2794	3.0	Shinseki se va pensiona miercuri, dupa o carera de 38 de ani care a inclus lupta in Vietnam si functia de conducere a eforturilor de mentinere a pacii realizate de S.U.A. in Bosnia.	Cariera lui Shinseki a inclus lupta in Vietnam si functia de conducere de mentinerii a pacii din S.U.A. in Bosnia.
2795	3.25	Departamentul a trimis, de asemenea, probele de apa si sol catre laboratorul sanatatii de stat.	Probele de apa sunt trimise catre departamentul de sanatate de stat pentru analiza.
2796	3.4	„Dar asta nu ii scuteste de obligatia de face tot ce le sta in putinta pentru a proteja cetatenii, in contradictoriu cu ceea ce observam”.	„Dar asta nu ii scuteste de obligatia de face tot ce le sta in putinta pentru a minimiza daunele aduse cetatenilor.”
2797	2.0	Ross Garber, avocatul lui Rowland, a spus ca joi va fi prezent la sedinta si ca va cere sa vorbeasca despre problema.	Ross Garber, consilierul legal a lui Rowland, a spus ca ministrul nu va avea nimic de comentat cu privire la afacerea cu imobile.
2798	3.4	El a vazut anterior mecanicul de la Java de est care ranjea doar la la televizor.	Domnul Hughes vazuse chipul lui Amrozi la televizor, imaginile infame ale mecanicului de la Java de est care ranjea.
2799	2.8	Doi ani mai tarziu, acoperirea asigurarilor ar incepe.	Conform acordului, acoperirea Medicare pentru beneficiile de medicamente ar incepe in 2006.
2800	3.2	Imaginile din satelit ale NASA arata ca gheata arctica s-a micsorat cu o rata de aproape 10% pe parcursul unui deceniu.	Cercetatorii au descoperit ca gheata din apa Arcticului dispare cu o rata de 9% in fiecare deceniu.
2801	3.2	„Produsele biotech sunt cu certitudine mai sigure decat produsele obisnuite datorita testarii masive”, a spus Fraley, adaugand ca 18 tari au adaptat biotehnologia.	„Produsele biotech sunt cu certitudine mai sigure decat produsele obisnuite datorita testarii masive”, a spus Robert Fraley, vicepresedintele executiv al Monsanto.
2802	4.75	Un profesor cu calificari de masterand, recunoscute de comitetul national, Kelly a castigat un salariu de 65.000 de dolari dupa cei 30 de ani ai sai de lucru in domeniu.	O profesoara cu calificari recunoscute de comitetul national, care are diploma de master pe nume Kelly, castiga un salariu de 65.000 de dolari in cei 30 de ani ai sai de lucru in domeniu.
2803	3.25	In Viena, cei de la IAEA au spus ca ElBaradei ar accepta invitatia, chiar daca nu a fost inca stabilita data.	In Viena, cei de la International Atomic Energy Agency au spus luni ca ElBaradei a acceptat invitatia Iranului, chiar daca nu a fost inca stabilita data.
2804	4.25	Epidemia a inceput in noiembrie in centrul provinciei Guangdong, dar republica chineza a refuzat sa raporteze sincer informatii despre raspandirea acestea din urmatoarele patru luni.	Epidemia a inceput in noiembrie in centrul provinciei Guangdong, dar Partidul Comunist al Republicii Chineze a refuzat sa raporteze sincer informatii despre raspandirea din ultimele patru luni.
2805	5.0	Druce se va confrunta cu acuzatii de crima, a spus Conte.	Conte a spus ca Druce va fi acuzat de crima.
2806	1.6	Comparativ cu perioada din anul trecut este o suma de 35.18 milioane de dolari sau de 24 de centi per actiune.	Castigurile au fost afectate de o taxa de 8 milioane de dolari nerambursabila.
2807	3.8	Nick Markakis, un stangaci din Colegiul Young Harris Junior din Georgia, a mers la Orioles cu cea de a saptea alegere.	Apoi, Baltimore l-a luat pe Nick Markakis, un conducator de meci stanga si outfielderul din Young Harris Junior College din Georgia.
2808	3.5	Ne pastram speranta ca orasul va fi de acord sa lucreze cu noi si se va angaja la discutii cu buna credinta pe aceasta tema.	Alhart a spus ca ministrul „ramane plin de speranta, ca orasul va continua sa lucreze cu noi si se va angaja in discutii cu buna credinta”.
2809	4.75	Unele femei, de asemenea se ingrijoreaza in legatura cu mai multe femei decat oricand opteaza pentru operatii estetice in dorinta de a avea un corp perfect.	Unele femei, de asemenea isi exprima temerea in legatura cu o societate in care mai multi oameni decat oricand opteaza pentru operatii estetice in dorinta de a avea un corp perfect.
2810	3.0	Observatia a fost prima data raportata vineri de MSNBC.	MSNBC.com a raportat pentru prima oara cererea celor de la CIA, vineri.
2811	3.0	Cu toate acestea, nu exista nicio poza cu Peter Hollingworth din iunie dupa examinarile lui Herald de ieri.	Cu toate acestea, nu exista nicio poza cu Peter Hollingworth din iunie dupa examinarile revistei The Age de ieri.
2812	3.25	Continuam sa lucram cu cei de la Sauditii la aceasta, cu toate ca in aceste timpuri tragice nu au asigurat securitatea suficienta pe care a cerut-o.	Dar ei nu au asigurat securitatea e care am cerut-o in contextul acestor timpuri tragice, a spus domnul Jordan.
2813	3.25	Intr-o declaratie publicata de DEI a spus ca Green v-a incepe sa conduca masina provizoriu incepand de saptamana viitoare in Winston Open la Lowe's Motor Speedway.	A fost anuntat ca Green il va inlocui pe Park in nr. 1 Chevrolet al Dale Earnhardt Inc., incepand cu Winston Open de saptamana viitoare, desfasurata la Loew's Motor Speedway.
2814	3.75	Adversarul din semifinala lui Costa este spaniolul Juan Carlos Ferrero, pe care l-a invins in finala anului trecut.	Costa il va infrunta pe Juan Carlos Ferrero intr-o revansa a finalei de anul trecut.
2815	4.25	Medicii au speculat ca estrogenul corpului protejeaza impotriva deteriorarii celulelor si imbunatateste fluxul sanguin.	Credinta lor s-a bazat pe speculatii ca estrogenul previne deteriorarea celulelor si imbunatateste fluxul sanguin.
2816	1.2	Indicele compozit Nasdaq <.IXIC>, legat de tehnologie, a adaugat 8,27 puncte, sau 0,51 la suta, la 1.633,53.	Indicele mai larg Standard & Poor's 500. SPX a crescut cu 4,3 puncte, sau 0,44 la suta, pana la 980,52.
2817	5.0	Niciun american nu a fost raportat printre victime, potrivit capitanului Michael Calvert, purtator de cuvant al regimentului.	Niciuna dintre victime nu a fost americana, a declarat capitanul Michael Calvert, purtatorul de cuvant al regimentului.
2818	3.0	Credem ca au dreptul sa aleaga.	„Credem ca dreptul de a alege trebuie sa revina clientilor PeopleSoft”, a spus Ellison.
2819	3.6	„Am gasit dovada concreta”, a declarat Scott Hubbard, membru al comisiei de ancheta.	„Am gasit dovada faptei”, a spus Hubbard, directorul Centrului de Cercetare Ames al NASA din California.
2820	1.8	„Acest copil a fost literalmente neglijat pana la moarte”, a declarat procurorul judetului Armstrong, Scott Andreassi.	Procurorul judetului Armstrong, Scott Andreassi, a declarat ca numeroasele fotografii de familie din casa nu o includeau pe Kristen.
2821	4.0	Microsoft a declarat vineri ca opreste dezvoltarea viitoarelor versiuni Macintosh ale browserului sau, Internet Explorer, invocand concurenta browserul Safari al Apple Computer.	Microsoft va inceta sa dezvolte versiuni ale software-ului sau pentru browser, Internet Explorer pentru computerele Macintosh, spunand ca Safari, al Apple-ului este acum tot de ce are nevoie Apple.
2822	3.8	Chapman nu a fost arestat imediat si se asteapta sa apara pentru trimitere in judecata pe 3 iulie.	Domnul Chapman, care nu a fost arestat, se asteapta sa apara pentru acuzare joi, au declarat procurorii.
2823	2.4	Presedintele Bush a strans un record de 49,5 milioane de dolari pentru campania sa de realegere in ultimele trei luni, cu contributii de la 262.000 de americani, a declarat marti presedintele campaniei.	Presedintele Bush a strans 83,9 milioane de dolari de la inceperea campaniei sale de realegere in luna mai, si mai are de cheltuit 70 de milioane de dolari, a declarat marti campania sa.
2824	2.8	Autoritatile din Ohio, Indiana si Michigan au cautat cadavrele.	Pana in prezent, autoritatile au cautat si zone din Pennsylvania, Ohio, Indiana si Michigan.
2825	3.2	El a spus ca guvernele europene au blocat toate noile bioculturi pe motive nefondate si non-stiintifice.	„Au blocat noile bioculturi din cauza termenilor nefondati si nestiintifici”, a spus Bush.
2826	3.0	O intrebare a fost daca Franta, care infuriat Washingtonul aducand acuzatia impotriva aprobarii ONU pentru razboi, ar vota da, sau s-ar abtine.	Franta, care a infuriat Washingtonul aducand acuzatia impotriva aprobarii ONU pentru razboi, a cautat, de asemenea, schimbari.
2827	3.4	Procurorul judetului Luzerne, David Lupas, a declarat luni intr-o conferinta de presa ca autoritatile „continua sa faca progrese semnificative in caz”.	Nu au fost depuse acuzatii pentru aceste decese, dar procurorul judetului Luzerne, David Lupas, a declarat ca autoritatile „continua sa faca progrese semnificative in caz”.
2828	3.8	Consiliul de administratie al S.U.A. a declarat ca ultima sa masura in afaceri a atins 60, dupa ce a scazut la 53 in sondajul din primul trimestru.	Conference Board a declarat ca masura sa in afaceri, care a scazut la 53 in primul trimestru al anului 2003, s-a imbunatatit la 60 cel mai recent, in al doilea trimestru.
2829	3.25	Reprezentantii sai legali au inceput sa se intalneasca saptamana trecuta cu avocatii reclamantilor pentru a discuta o solutionare.	Avocatii atat pentru arhiepiscopie, cat si pentru reclamanti au inceput sa se intalneasca saptamana trecuta pentru a ajunge la solutionarea extrajudiciara.
2830	1.5	Seniorii ar trebui apoi sa plateasca 50 la suta din costurile lor de medicamente, pana la 3.450 de dolari.	Mai mult decat atat, Medicare ar plati 90 la suta din toate costurile medicamentelor.
2831	2.8	Antreprenorul a semnalat planul dupa o intalnire la Londra cu ministrul australian al turismului, Joe Hockey.	Domnul Richard vorbea dupa o intalnire la Londra cu ministrul australian al turismului, Joe Hockey.
2832	3.2	Obligatiunile de stat s-au vandut rapid dupa ce Greenspan a declarat marti Congresului ca economia americana „ar putea foarte bine sa intre intr-o perioada de crestere sustinuta”.	Greenspan a declarat marti Congresului ca economia SUA „ar putea foarte bine sa inceapa o perioada de crestere sustinuta”.
2833	2.0	Pentru Kathy Nicolo (Jennifer Connelly), casa inseamna stabilitate si familie.	Kathy Nicolo (Jennifer Connelly) este disperata ca familia ei nu va afla ca viata ei a fost distrusa.
2834	3.4	Indicele activitatii non-productie al Institutului pentru Managementul Aprovizionarii a crescut in mod neasteptat in luna aprilie, se arata in rapoarte.	Institutul pentru Managementul Aprovizionarii a declarat ca indicele sau de activitate non-productie a crescut la 50,7 de la 47,9 in martie.
2835	4.6	Purtatorul de cuvant al OMS, Maria Cheng, a fost de acord, spunand: „Arata mult ca un eveniment izolat”.	„Arata foarte mult ca un eveniment izolat”, a spus purtatoarea de cuvant a Organizatiei Mondiale a Sanatatii, Maria Cheng.
2836	3.25	Politia a spus ca cei doi copii ai ei au fost lasati singuri in apartament pentru doua zile.	Politia a spus ca cei doi copii ai ei au fost lasati singuri in apartament doua zile, timp in care ea zacea moarta.
2837	3.75	Preotul, reverendul John F. Johnston, 64 de ani, de pe 35th Avenue din Jackson Heights, a fost acuzat de hartuire si detinerea ilegala a unei arme.	Reverendul John Johnston, in varsta de 64 de ani, a fost acuzat de hartuire in cazul apelului telefonic si de detinere ilegala a unei arme, potrivit unei declaratii a politiei.
2838	4.5	Acordul include 4,1 milioane de dolari in onorarii si cheltuieli pentru avocati.	Avocatii reclamantilor vor primi 4,1 milioane de dolari decontare.
2839	3.667	Trei voturi impotriva l-ar ucide momentan.	Ar fi nevoie de trei voturi pentru a omori expansiunea ACC.
2840	3.333	Aproximativ 660 de prizonieri din 42 de tari, inclusiv Canada, sunt detinuti, multi capturati in timpul razboiului impotriva retelei al-Qaida din Afganistan.	Aproximativ 660 de prizonieri din 42 de tari sunt prizonieri la baza navala din Golful Guantanamo, multi fiind capturati in timpul razboiului impotriva Al Qaeda din Afganistan.
2841	1.0	Pentru a ajunge la John A. Dvorak, care este responsabil pentru Kansas, sunati la (816) 234-7743 sau trimiteti un e-mail la jdvorak@kctar.com.	Pentru a ajunge la Brad Cooper, reporter municipal Johnson County, sunati la (816) 234-7724 sau trimiteti un e-mail la bcooper@kcstar.com.
2842	1.0	Procurorul Jim Hardin a declarat victoria pentru familia lui Kathleen Peterson.	Membrii familei lui Kathleen Peterson nu au fost prezenti.
2843	5.0	„Si acum este tot ce vrea sa spuna”, a spus saptamana aceasta Alesha Badgley, directorul social al Centrului de Asistenta si Reabilitare din Stone County.	„Si acum este tot ce vrea sa spuna”, a confirmat directorul social al Centrului de Asistenta si Reabilitare Stone County, Alesha Badgley.
2844	5.0	Denumirea nationala a Bisericii Episcopale, cu 2,3 ​​milioane de membri, este ramura din SUA a Comuniunii Anglicane de 77 de milioane de membri.	Biserica Episcopala, cu 2,3 ​​milioane de membri, este ramura americana a comuniunii anglicane din intreaga lume, care are 77 de milioane de adepti.
2845	3.4	„Ma simt increzator spunand ca HP nu mai este o poveste de integrare”, a spus Fiorina.	„Mai avem multe de facut, dar sunt increzator ca HP nu mai este o poveste de integrare”.
2846	3.5	Politia britanica a arestat 21 de oameni martea devreme, in legatura cu presupusul omor ritualistic al unui baiat african, al carui trunchi a fost gasit in raul Tamisa.	Politia a arestat 21 de oameni in legatura cu uciderea unui copil nigerian, al carui trunchi decapitat si dezmembrat a fost gasit plutind in raul Tamisa.
2847	1.25	Pana pe inserate, industriala Dow Jones a crescut cu 12.81 sau 0.1 procente, la 9.331.77 si a avansat cu 201 puncte luni, ajungand la cel mai inalt nivel atins vreodata din iulie 2002 incoace.	In tranzactionarea de dimineata, media industrialei Dow Jones a scazut cu 8.76 sau 0.1 procente, la 9.310.20, castigand 201 puncte luni.
2848	3.25	Eric Gagne a lansat perfect in repriza a 9-a pentru cea de-a 23-a punctare din tot atatea ocazii.	Eric Gragne a marcat doua lovituri intr-o repriza perfecta pentru a 23-a punctare.
2849	3.25	Actiunile au fost inchise pe NASDAQ chiar sub punctul lor de maxim din saptamana 52, la 32.17$, crescut cu 1.54$.	Tranzactionarea actiunilor firmei EchoStar a fost inchisa marti la punctul lor de maxim, atins in saptamana 52 la 32.17$, crescut cu 1.54$.
2850	3.75	Janice Kelly a spus ca sotul ei a primit asigurari de la inalti oficiali ai Ministerului Apararii cum ca numele sau nu va fi facut public.	Ea a declarat anchetei ca sotul ei a primit asigurari de la managerul sau de linie si de la inalti oficiali ai ministerului ca, atunci cand va prezenta, numele sau nu va fi facut public.
2851	3.25	Daca sunt condamnati, se confrunta cu pana la cinci ani de inchisoare si o amenda de 250.000 de dolari pentru fiecare dintre cele 11 acuzatii.	Daca sunt condamnati, fiecare se confrunta cu pana la cinci ani de inchisoare si cu o amenda de 250.000 dolari sau mai mult, in functie de suma implicata.
2852	3.6	Obligatiunile corporative din SUA au avut randament redus in tranzactionarile neregulate de vineri, in timp ce Wall Street a muncit sa se repuna pe picioare dupa cea mai mare intrerupere a energiei electrice din America de Nord.	Actiunile din SUA au crescut, pe masura ce Wall Street s-a regrupat dupa cea mai mare intrerupere de energie electrica din America de Nord.
2853	4.4	Evacuarea a mers fara probleme, chiar daca pasagerilor nu li s-a spus ce se intampla, a spus Hunt.	Pasagerii au fost evacuati fara probleme, chiar daca nu li s-a spus ce se intampla, a spus el.
2854	3.6	Intre 1993 si 2002, au fost raportate 142 de acuzatii de agresiune sexuala.	Din 1993 pana in 2002, au fost raportate 142 de agresiuni sexuale la academie.
2855	3.75	Smith pur si simplu a spus „Oh, Doamne!”, in secunda urmatoare, dupa spusele lui Weinshall.	Dupa cateva secunde de la prabusire, Capitanul Smith pur si simplu a spus „Oh, Doamne!”.
2856	2.5	Cooley a spus ca se asteapta ca Muhammad sa fie chemat, de asemenea, ca martor la o audiere preliminara pentru Malvo.	Lee Boyd Malvo va fi chemat martor miercuri intr-o audiere preliminara pentru colegul lunetist suspect, John Allen Muhammad.
2857	3.25	„Ne-a lasat intr-adevar cu un zambet pe buze si fara ultimele cuvinte”, a spus fiica lui, Linda Hope.	„Ne-a lasat intr-adevar cu un zambet pe buze si fara ultime cuvinte ... Ne-a dat fiecaruia un sarut si asta a fost”, a spus ea.
2858	3.333	De asemenea, ar putea fi exclus din industria valorilor mobiliare.	Young se confrunta cu o amenda, cu suspendare sau cu o excludere permanenta din industria valorilor mobiliare.
2859	3.0	„Erau un cuplu inspirational, altruist si curajos”, a spus regizorul castigator de Oscar.	El a spus: „Erau un cuplu inspirational, altruist si curajos.
2860	2.2	O a doua victima, Michael Walker, in varsta de 23 de ani, a fost lovita in piept, glontul perforandu-i plamanul.	Cealalta victima, Michael Walker, domicilata pe strada Barbey 550, a fost lovita la gat.
2861	4.6	Intr-un interviu, Healey, fiind criminolog, a recunoscut ca o mare parte dintre legislatorii de aici si din intreaga tara trateaza pedeapsa capitala cu prudenta.	Intr-un interviu, doamna Haelay, fiind un criminolog, afirma faptul ca multi legiuitori de aici si din intreaga tara impartasesc un sentiment de prudenta fata de pedeapsa capitala.
2862	3.2	Judecatorul executiv Teresa Barton al regiunii Franklin a spus ca un pompier a fost lovit de un fulger si dus la Centrul Medical Regional Frankfort.	Un pompier al regiunii, lovit de un fulger, a ajuns intr-o stare stabila la Centrul Medical Regional Frankfort.
2863	5.0	Purtatorul de cuvant al politiei, brigadierul general Edward Aritonang a confirmat faptul ca in ziua de Sambata inca doua persoane au fost arestate, una in Jakarta si una in Magelang, Java Centrala.	Brigadierul general Edward Aritonang, un purtator de cuvant al politiei, a confirmat ieri faptul ca inca doua persoane au fost arestate, una in Jakarta si alta in Megalang, Java Centrala.
2864	3.6	Judecatorul federal William Barbour a declarat in ziua de marti ca a impus sentinta maxima asupra lui Avants deorece acesta nu a aratat remuscari in uciderea brutala.	Judecatorul districtual american, William Barbour, a declarat impunerea sentintei maxime deorece Avants nu a aratat remuscari.
2865	3.2	Aproximativ 120 de potentiali jurati au fost rugati sa completeze un chestionar indelungat.	Juratii au fost dusi in sala de judecata in grupuri de 40 de persoane si au fost rugati sa completeze un chestionar.
2866	4.6	De asemenea, au fost alesi cinci jurati secundari, cu un ultim plan stabilit vineri dimineata din comisie.	Au fost selectati si cinci jurati secundari, cu un al saselea secund care va fi ales vineri.
2867	3.8	Ferma California Bureau nu au apelat imediat inapoi pentru a afla un raspuns.	Ferma California Bureau nu au avut un raspuns imediat pentru decizia de marti.
2868	3.4	Dar premierul a declarat pentru BBC ca nu este deranjat de sondaje si ca va continua sa faca ceea ce credea el cu putinta ca este corect.	El a spus ca nu este deranjat de sondaje si ca va continua sa faca ceea ce credea el cu putinta, atat in ​​politica externa, cat si in cea interna.
2869	3.6	Gen. Sattler conduce o forta de lucru mixta combinata, bazata pe o nava in Golful Aden si una in Oceanul Indian.	Generalul Sattler conduce un grup de lucru mixt, combinat la bordul navei de comanda Mount Whitney.
2870	2.2	Analistii din Wall Street se asteptau la 22 de centi pe actiune, potrivit Thomson First Call.	Rezultatele au fost cu o cota de 3 centi mai mica decat prognoza analistilor chestionati de Thomson First Call.
2871	3.6	Hotararea juridica este urmata de trei zile de speculatii intense pe care Hewlett-Packard Co. le-ar putea licita pentru companie.	Hotararea legala este urmata de trei zile de volatilitate salbatica in stocul RIM din cauza speculatiilor care spun ca gigantul PC Hewlett-Packard Co. ar putea licita compania.
2872	3.8	Constatarile au fost publicate in numarul din 1 iulie al Annals of Internal Medicine.	Constatarile sunt publicate astazi in Annals of Internal Medicine.
2873	4.0	Masurile ar putea fi luate de plenul Senatului inca de vineri.	Ratliff a spus ca spera sa aduca cele doua masuri in plenul Senatului pana vineri.
2874	1.733	Purtatorul de cuvant al Enron, Eric Thode, a refuzat sa comenteze medierea partilor.	„Credem ca sunt niste vesti minunate”, a spus Eric Thode, purtatorul de cuvant al Enron.
2875	4.0	Analistii Departamentului Muncii considera ca statisticile de salarizare din sondajul intreprinderilor ofera o imagine mai exacta a economiei, deoarece cifrele sondajului se bazeaza pe un esantion mai mare.	Analistii au spus ca sunt de parere ca statisticile privind salariile ofera o imagine mai exacta a economiei, deoarece se bazeaza pe un esantion mai mare.
2876	2.8	Parintii vor sa o tina in viata; sotul ei spune ca ea niciodata nu a vrut sa fie tinuta in viata in mod artificial.	Michael Schiavo a sustinut ca sotia sa nu a vrut niciodata sa fie tinuta in viata artificial.
2877	3.2	Mai devreme el le-a spus celor de la Inter-Radio Franta: „Cred ca putem clasifica ceea ce se petrece acum ca o adevarata epidemie”.	„Cred ca putem clasifica ceea ce se petrece ca o adevarata epidemie”, a spus ministrul sanatatii, Jean-Francois Mattei, la Inter-Radio Franta.
2878	1.8	Terri Schiavo, in varsta de 39 de ani, este asteptata sa moara la ospuiciul din regiunea Tampa Bay unde a trait pentru cativa ani, a spus tatal ei, Bob Schindler.	Terri Schiavo, in varsta de 39 de ani, a fost supusa procedurii la spitalul din regiunea Tampa Bay unde a trait pentru cativa ani, a spus tatal ei, Bob Schindler.
2879	3.75	Inainte de a intra in Kodak, Palumbo a lucrat pentru Procter&Gamble Corp, unde gestiona produse precum sampoanele Folgers si Pantenne.	Inainte de a intra in Eastman Kodak, Domnul Palumbo a detinut functii inalte de marketing pentru Protecter&Gamble.
2880	3.75	Domnul McDevitt a primit controlul a trei aspecte cruciale ale politiei din Solomons.	Domnului McDevitt i s-a acordat controlul a trei aspecte ale politiei de catre Comisarul William Morrell.
2881	2.909	Oficialii de la pista de curse North Carolina din Rockingham nu au putut fi contactati.	Oficialii NASCAR nu au putut fi contactati marti pentru comentarii.
2882	3.4	Ei au spus ca au luat copilul sub observatie la Centrul Medical Judetean Nassau.	Baiatul a fost dus la Centrul Medical al Universitatii Nassau, unde personalul a spus ca „o duce ok”.
2883	3.6	Tisha Kresler, o purtatoare de cuvant a Global Crossing, a refuzat sa raspunda.	Un reprezentant Global Crossing nu a avut niciun comentariu imediat.
2884	2.6	Sindicatele au organizat, de asemenea, o greva in martie ce a durat cinci zile, care a fortat totul, mai putin una dintre salile de mese ale lui Yale, sa se inchida.	Sindicatele au organizat, de asemenea, o greva in martie ce a durat cinci zile, grevele au anticipat 8 din ultimele 10 contracte.
2885	3.8	Guvernantul Rick Perry a spus ca, desi se opune raspandirii jocurilor de noroc, el ar fi reticent in deciderea continuarii Comisiei de Loterie.	Guvernatorul Rick Perry se opune extinderii jocurilor de noroc, dar a spus ca ar fi „apasat” sa vetoeze factura de la apusul loteriei.
2886	1.6	In tranzactionarea de la miazazi, indicele compozit NASDAQ a crescut cu 8.34 sau 0.5 procente, la 1,790.47.	Indicele compozit NASDAQ .IXIC a marcat 8.59 puncte sau 0.48 procente, la 1,773.54.
2887	3.8	In Kentucky, procurorul general democratic Ben Chandler il infrunta pe reprezentantul SUA Ernie Fletcher.	Kentucky: republicanul Ernie Fletcher, un membru al Camerei cu trei mandate, se lupta cu procurorul general al statului democratic, Ben Chandler.
2888	3.4	Media industriei The Dow Jones a scazut cu 98.32, sau aproape cu 1.1 la suta, pana la 9011.53.	Media industriei The Dow Jones au incheiat ziua cu 98.32 de puncte in scadere, la 9,011.53 puncte.
2889	2.5	Planul 401(k) al lui Enron a acoperit cheltuielile a 20.000 de muncitori, pensionari si beneficiari.	Actiunile lui Enron au cuprins pana la 61% din portofoliile muncitorilor planului 401(k).
2890	3.75	Comitetul judiciar al Senatului din SUA a depasit ieri un obstacol semnificativ in batalia crearii unui fond de incredere acordat victimelor expuse la azbest.	Comitetul judiciar al Senatului din SUA a depasit marti un obstacol semnificativ in batalia crearii unui fond de incredere acordat victimelor expuse la azbest, desi cu toate acestea inca raman obstacole dificile de trecut.
2891	3.167	Dar ea nu a mentionat daca va autentifica bugetul de 117.4 miliarde de dolari pentru 2004-2005.	Ea a spus ca momentan nu stie daca va certifica bugetul.
2892	2.5	Ar fi complicat sa supraestimam pericolele potentiale ale vulnerabilitatii Procedurii de Apel la Distanta (PAD).	Defectul implica protocolul RPC, care se ocupa cu comunicatiile intre calculatoare.
2893	4.25	Desi obezitatea poate creste riscul problemelor de sanatate, persoanele sceptice spun ca si fumatul si colesterolul crescut fac acelasi lucru.	Desi obezitatea poate creste riscul problemelor de sanatate, persoanele sceptice spun ca si fumatul si colesterolul crescut fac acelasi lucru, iar ele nu sunt considerate boli.
2894	2.75	Michelle Wie a castigat duminica, pentru prima oara la cupa Virada Nirapathpongporn in cea de a 27-a editie a campionatului public american amator feminin Links.	Acum ea are primul trofeu dupa victoria de duminica de la Concursul Public Links categoria feminina din SUA.
2895	2.75	Sony a marturist ca PSP va avea de asemenea un ecran LCD de 4.5 inch, sloturi extra pentru Memory Stick.	De asmenea, are un ecran LCD de 4,5 inch cu iluminare din spate si facilitati de expansiune a memoriei.
2896	3.25	La unul dintre cele trei locuri de prelevare a probelor de la Huntington Beach, rezultatele testarii bacteriilor au fost 160 in 16 iunie si 120 in 23 iunie.	Rezultatele testarii bacteriilor au fost 160 in 16 iunie si 120 in 23 iunie la unul dintre cele trei locuri de prelevare a probelor din Huntington Beach.
2897	4.2	Studiul a constatat ca in locurile in care plasele de pesti obisnuiau sa prinda 10 pesti per 100 de carlige in ultimele decenii, acum au noroc daca prind unul.	In locurile in care plasele de pesti obisnuiau sa prinda 10 pesti per 100 de carligi, acum au noroc daca prind unul, a spus Myers.
2898	3.2	Actiunile Carnival Corp se tranzactionau la 31,29 dolari in cursul zilei de miercuri, mai putin cu 72 de centi sau 2,25 la suta.	Actiunile Carnival Corp au scazut cu 2,5 la suta, sau 81 de centi, ajungand la 31,20 dolari la bursa din New York.
2899	2.75	Dar criticile Senatului asupra planului Camerei au venit marti pe mai multe teme.	Si mai multi republicani din Senat sunt capriciosi in legatura cu harta Camerei.
2900	1.75	Drept urmare, Murphy a cautat sa o inlocuiasca pe sora lui Strier, Ethel Celnik, ca mandatar.	Murphy a spus ca sora lui Strier, Ethel Celnik, a fost la tribunal la momentul respectiv, dar Strier nu a fost prezent
2901	3.75	Decizia tribunalului interzice grupurilor sa difuzeze in orice moment anunturi care promoveaza, sustin, ataca sau se opun vreunui candidat	Aceasta a mentinut dispozitii de rezerva care interzic acelorasi grupuri sa difuzeze, sa promoveze, sa sustina, sa atace sau sa se opuna in orice moment vreunui candidat
2902	4.8	Cisco si-a redus cheltuielile pentru a compensa vanzarile lente.	Ca raspuns la vanzarile lente, Cisco si-a redus cheltuielile.
2903	3.4	Kansas City l-a recrutat pe jucatorul de camp exterior Chris Lubanski de la Liceul Kennedy-Kenrick, la a cincea selectie.	The Royals l-au ales pe Chris Lubanski, un jucator de camp exterior din Pennsylvania, care a ajuns la 528 lovituri, cu aceasta a cincea selectie.
2904	0.8	Lira sterlina a scazut cu 0,8% fata de dolar, la 1.5875 GBP.	Dolarul a crescut cu 0,15% fata de moneda japoneza, ajungand la 115.97 yeni.
2905	4.0	Media industriala Dow Jones. Indicele Dow Jones (DJI) a crescut cu 41.61 puncte sau 0,44% la 9,415.82.	Indicele Dow Jones a crescut cu 41,61 puncte vineri, o crestere de 0,4% per zi si de 0,7% per saptamana .
2906	4.0	Chiar de la inceput, nu am vrut sa vedem pe nimeni care sa reduca salariile.	Dar Dl. Crosby a declarat pentru Associated Press: „Chiar de la inceput, nu am vrut sa vedem pe nimeni care sa reduca salariile.”
2907	3.75	A existat o serie de semnale administrative si birocratice ratate - nu exista nicio persoana responsabila aici, a spus Gehman.	La refuzarea ofertei Agentiei Nationale de Imagistica si Cartografiere (NIMA), Gehman a spus ca a existat o serie de semnale administrative si birocratice ratate aici.
2908	3.25	DeVries a facut intr-adevar o oprire in oras, miercuri - inregistrandu-se ca persoana condamnata pentru abuzuri sexuale la Departamentul de Politie Soledad.	Pedofil condamnat, Brian DeVries a luat cuvantul ca raspuns la indignarea comunitatii, miercuri dupa-amiaza, dupa ce s-a inregistrat ca persoana condamnata pentru abuzuri sexuale la Departamentul de Politie Soledad.
2909	1.25	La ora 5 p.m. EDT (ora de vara) centrul lui Grace se afla aproape de latitudinea de 25,6 nord, 93,7 vest sau la aproximativ 280 mile sud-est de Corpus Chrsti.	La 11 a.m. EDT (ora de vara), centrul lui Fabian se afla aproape de latitudinea de 18,1 nord si 53,2 vest sau la aproximativ 550 mile est de Leewards.
2910	3.5	Sambata, o serva de 149 (mile per ora) data lui Agassi a egalat recordul mondial al lui Rusedski.	Sambata, Roddick a egalat recordul mondial cu o serva de 149 (mile per ora) invingandu-l pe Andre Agassi.
2911	1.0	Indicele bursier mai extins al Standard & Poor 500 SPX a crescut cu 10 puncte, sau 1,10% ajungand la 943.	Indicele Nasdq Composite, IXIC a sarit cu 43,64 puncte sau 2,89%, la 1,553.73.
2912	2.5	Pretul la termen al petrolului brut pentru incalzire in luna octombrie s-a plafonat la 69,89 centi per galon, cu 85 centi mai scazut.	Pretul petrolului pentru incalzire a inchis sedinta in scadere cu 0,41 centi, la 70,74 centi per galon.
2913	3.438	Dl. Levine a confirmat faptul ca Dna Cohen Alon a incercat sa vanda povestea in timpul Cupei Mondiale.	Avocatul d-nei Cohen Alon, Donald Levine, a confirmat ca aceasta a incercat sa vanda povestea in februarie.
2914	4.0	Dl. Bankkhead a afirmat ca locul crimei indica faptul ca ucigasul a fost foarte metodic.	Purtatorul de cuvant al Biroului de Investigatii Georgia a afirmat ca locul crimei a aratat ca ucigasul era foarte metodic.
2915	3.6	Acest lucru ne apropie tot mai mult de afirmatia ca spuma poate face astfel de pagube, a spus Hubbard, membru al Comisiei de Investigare a Accidentelor Columbia.	Cred ca acest lucru ne apropie tot mai mult de afirmatia ca spuma poate face astfel de pagube, a spus Hubbard.
2916	4.2	Nu am avut nimic de-a face cu decizia de personal intern de la @Stake, a spus purtatorul de cuvant Microsoft Sean Sundwell.	Microsoft nu a avut absolut nimic de-a face cu decizia de personal intern AtStake, a spus Sundwall.
2917	2.6	Marti, egiptologii au pus la indoiala o revendicare a expeditiei potrivit careia s-ar fi descoperit mumia reginei Nefertitti, una dintre cele mai binecunoascute egiptence.	Egiptologii cred ca ar fi identificat indelung cautata mumie a reginei Nefertiti, una dintre legendarele frumuseti ale lumii antice.
2918	4.4	Planul pe termen lung al Trezoreriei este sa furnizeze cumparatorilor cu amanuntul de titluri de trezorerie posibilitatea de a-si administra participatiile online intr-un singur cont.	Trezoreria a spus ca vrea sa furnizeze cumparatorilor cu amanuntul de titluri de trezorerie posibilitatea de a-si administra participatiile online intr-un singur cont.
2919	3.25	El a fost admis noaptea trecuta in stare critica, dar stabila la Kings County Hospital Center, a spus politia.	Victima, locuitor al New Jersey, se afla in stare critica dar stabila la spital.
2920	2.0	Obligatiunile pe 30 de ani US30YT=RR au crescut cu 1-3/32 pentru un profit de 4,30%, in scadere de la 4,35% miercuri seara.	La ora 11 a.m. (1500 GMT), certificatul de tezaur cu termen de scadenta la 10 ani US10YT=RR a crescut cu 11/32 pentru un profit de 3,36% fata de 3,40 miercuri.
2921	4.5	Cursul actiunilor IAC s-a inchis ieri in scadere cu 2,81 dolari sau 7,6%, la 34,19 dolari.	Cursul actiunilor IAC s-a inchis la 34,19 dolari, in scadere cu 2,81 dolari sau 7,6% pe piata de actiuni Nasdaq.
2922	3.4	Byrd, vorbind din Senat, a spus ca pune la indoiala motivele unui presedinte de birou care imbraca hainele unui razboinic in scopul unui discurs.	Dar chiar pun la indoiala motivele unui presedinte de birou care imbraca hainele unui razboinic in scopul unui discurs.
2923	3.0	Ministerul Apararii se confrunta cu o cerere de despagubire de 20 de milioane din partea a sute de femei keniene care pretind ca au fost violate de catre soldati britanici.	Sute de femei din Kenia care pretind ca au fost atacate si violate de soldati britanici au primit ajutor juridic guvernamental miercuri pentru a actiona impotriva Ministerului Apararii.
2924	1.0	Actiunile USA Interactive au crescut cu 2,28 dolari sau 7%, la 34,96, Vineri, la tranzactionarea pe bursa Nasdaq Composite si au castigat 53 procente anul acesta.	Actiunile Lending Tree au crescut cu 6,03 dolari sau 41%, pentru a inchide sedinta de tranzactionare la 20,72 dolari pe bursa Nasdaq ieri.
2925	2.75	Proiecte de lege similare au trecut de Camera de doua ori dar au murit in Senat.	In urma cu doi ani, Camera a adoptat o versiune similara care s-a impotmolit in Senat.
2926	3.25	Inchiderea emisiunii a afectat castigurile din al treilea trimestru cu un penny per actiune.	Compania a spus ca aceasta a afectat castigurile cu un penny per actiune.
2927	1.0	Femeia a fost spitalizata pe 15 iunie, au spus autoritatile sanitare din Kansas.	Autoritatile sanitare din Missouri au spus ca el nu a fost spitalizat si ca este in recuperare.
2928	3.6	Actiunile marilor companii listate la bursa blue-chips au scazut pana la pranz miercuri pe masura ce un val de avertizari privind rezultatele au risipit optimismul care condusese la mobilizarea de pe parcursul ultimelor trei luni.	Actiunile americane au cazut la tranzactionarea din sedinta de dimineata de miercuri, pe masura ce un val de avertizari privind rezultatele a risipit optimismul mobilizator din ultimele trei luni.
2929	3.2	Indicele Nasdaq Composite legat de tehnologie <.IXIC> a tins spre 5,91 puncte sau 0,29 % ajungand la 2,053.27.	Indicele Nasdaq Composite centrat pe tehnologie <.IXIC> a avansat cu 6 puncte, sau 0,30% la 2,053 anuland pierderile anterioare.
2930	3.0	Doi kuwaitieni si sase palestinieni cu pasapoarte iordaniene se aflau printre suspecti, a spus reprezentantul oficial.	Acestia includ doi kuwaitieni si sase palestinieni cu pasapoarte iordaniene si restul sunt irakieni si sauditi, a spus reprezentantul oficial.
2931	3.2	Ziua ei de nastere, 21 aprilie, a fost declarata sarbatoare oficiala si ea a participat la o receptie si un bal.	Cand bunica sa, la acea data Printesa Elizabeth, a implinit 21 de ani in 1947, ziua a fost declarata sarbatoare oficiala si ea a participat la o receptie si un bal.
2932	4.6	Sorkin, care este acuzat de conspiratie pentru obstructionarea justitiei si de sperjur, urma sa fie judecat separat.	Sorkin urma sa fie judecat separat pentru acuzatii de conspiratie si sperjur.
2933	2.8	Barbatul, care a intrat in oficiul postal din Lakeside imediat inainte de 3 p.m., s-a predat politistilor in jur de ora 6:30 p.m.	Barbatul intrase in oficiul postal de pe Woodside Avenie la Maine Avenue cu putin timp inainte de ora 3 p.m.
2934	4.2	Mai putin de 10 birouri FBI au efectuat investigatii implicand vizite la moschei, a declarat Ministerul de Justitie.	In plus, Ministerul de Justitie a declarat ca FBI a efectuat mai putin de 10 investigatii care implicau vizite la moschei.
2935	3.2	In afara salii de judecata, Sriyanto, care se risca pana la 25 de ani de inchisoare, a negat ca ar fi facut ceva gresit.	In afara salii de judecata, Sriyanto, a negat in fata The Age, faptul ca ar fi facut ceva gresit.
2936	4.0	Presedintele Universitatii Michigan Mary Sue Coleman, a spus intr-o declaratie de pe site-ul web al universitatii ca Valorile noastre fundamentale nu s-au schimbat.	Valorile noastre fundamentale nu s-au schimbat, a spus intr-o declaratie din Ann Arbor, Mary Sue Coleman, presedinte al universitatii.
2937	2.2	Actiunile Comcast Class A au crescut cu 8 centi la 30.50 dolari in tranzactiile de dimineata pe bursa Nasdaq.	Actiunea a crescut cu 48 de centi ajungand la 30 de dolari ieri la tranzactionarea pe bursa Nasdaq.
2938	2.8	Lui Thomas i s-a alaturat in totalitate Rehnquist si partial O'Connor si Scalia.	Lui i s-au alaturat presedintele Curtii Supreme de Justitie William H. Rehnquist si judecatorii Sandra Day O'Connor si Antonin Scalia.
2939	5.0	Cand ati trecut linia de demarcatie, ati incalcat dreptul constitutional, a spus Charles Weisselberg, profesor de drept la UC Berkeley.	Cand ati trecut linia de demarcatie, ati incalcat dreptul constitutional, a spus Charles Weisselberg, care preda dreptul la Universitatea Berkeley din California.
2940	2.0	Rapoartele preliminare au aratat ca barbatii nu au fost vazuti impreuna la aeroport, au spus surse.	Barbatii detineau pasapoarte pakistaneze si se pare ca fusesera vazuti impreuna la aeroport mai devreme in acea seara, au spus surse ale fortelor de ordine.
2941	3.25	Toronto a avut ieri 64 de cazuri probabile de SARS si noua cazuri de suspecti.	Incepand de miercuri, s-au inregistrat 65 de cazuri probabile de SARS in regiunea Toronto.
2942	3.75	Indicele Nasdq Composite, a crescut cu 13,70 sau 0,8%, ajungand la 1700.34.	Indicele Nasdq Composite legat de tehnologie IXIC a castigat 13,73 de puncte sau 0,81% pentru a incheia sedinta la 1,700.34.
2943	3.5	Toll, a doua cea mai mare companie de transport din Australia, a oferit saptamana trecuta NZ75 pe actiune pentru Tranz Rail.	Toll s-a oferit saptamana trecuta sa cumpere compania pentru NZ75c per actiune sau 158 de milioane de dolari NZ (neozeelandezi).
2944	2.75	MessageLabs care administreaza servere de e-mail externalizate pentru 700,000 de clienti din intreaga lume a afirmat ca a filtrat 27,000 de mailuri infectate din 115 tari incepand de joi dimineata.	MessageLabs care administreaza servere de e-mail externalizate pentru 700,000 de clienti din intreaga lume a etichetat infectarea cu grad ridicat si raporteaza peste 31,000 de infectari in 120 de tari.
2945	4.0	Carlson a declarat marti ca nu se va retrage din caz.	Functionarii au spus ca Carlson a refuzat sa se retraga din caz.
2946	2.0	Actiunile Oracle au fost de asemenea mai ridicate, tranzactionandu-se cu 12 centi mai mult, la valoarea de 13,60 dolari.	Actiunile Oracle situate in Redwood Shores au crescut cu 14 centi, la 13,62 dolari.
2947	3.0	Cu raportarea din toate circumscriptiile electorale, Fletcher - un membru al congresului, din Lexington, cu trei mandate - a obtinut un coplesitor procent de 57% din voturi.	Cu raportarea din toate circumscriptiile electorale, Fletcher a obtinut 88,747 de voturi sau 57% din totalul acestora.
2948	3.0	In Hong Kong, 24 de pacienti au fost carantinati miercuri dupa ce sapte lucratori din spitalele publice au dezvoltat simptome asemanatoare gripei.	Acest lucru, dupa ce sapte lucratori din domeniul asistentei medicale de la un spital public s-au imbolnavit, avand simptome asemanatoare gripei.
2949	4.6	In crestere, Coca-Cola Co. (bursa New York: KO - stiri - oameni) a raportat un profit mai ridicat pentru trimestru joi dimineata devreme sprijinita fiind de cererea europeana.	Coca-Cola Co. (KO) a raportat un profit mai ridicat pentru trimestru, sprijinita fiind de cererea europeana, joi dimineata devreme.
2950	3.2	Rata somajului a crescut cu o zecime de punct procentual la 6,1%, cel mai inalt nivel din iulie 1994.	Se estimeaza ca rata somajului a crescut incet si gradual cu un punct procentual pana la 6,1%.
2951	4.4	Ca parte a acestei intelegeri, Dl. Delainey a acceptat sa coopereze in ancheta in derulare.	Dave Delainey a fost de acord sa coopereze cu procurorii federali in schimbul pledoariei.
2952	4.0	Dar alte surse apropiate vanzarii au spus ca Vivendi mentinea deschisa posibilitatea altor oferte si spera sa vada ofertantii interesati de unirea elementelor patrimoniale individuale.	Dar alte surse apropiate vanzarii au spus ca Vivendi mentinea deschisa posibilitatea altor oferte pentru o zi sau doua.
2953	3.75	Micron si-a declarat primul profit trimestrial pentru trei ani.	Cifrele Micron au marcat de asemenea primul profit trimestrial in trei ani pentru producatorul de DRAM.
2954	2.8	Amenzile fac parte din eforturile esuate ale Republicanilor de a-i forta sau de a-i atrage pe Democrati sa revina.	Perry a spus ca sprijina eforturile Senatului, inclusiv amenzile, pentru a-i forta pe Democrati sa revina.
2955	2.4	Indicele Nasdaq composite de tehnologie a crescut cu 20,96 de puncte la 1595,91, incheind sedinta la cel mai ridicat nivel al sau din ultimele 12 luni.	Indicele Nasdaq Composite legat de tehnologie <.IXIC> a urcat cu 19,11 puncte sau 1,2% la 1, 615,02.
2956	4.6	Procurorii americani au arestat peste 130 de indivizi si au capturat peste 17 milioane de dolari intr-o represiune constanta a fraudelor si abuzurilor pe internet.	Peste 130 de persoane au fost arestate si proprietati in valoare de 17 milioane de dolari au fost confiscate intr-o ampla actiune de verificare a fraudelor pe internet, anuntata vineri de catre trei agentii guvernamentale americane.
2957	3.8	Chavez a declarat ca anchetatorii au incredere ca au rezolvat cel putin unul dintre focurile deschise in acest context.	Primarul din Albuquerque, Martin Chavez a declarat ca anchetatorii au incredere ca, odata cu arestarile, au rezolvat „cel putin una din actiunile de foc intreprinse”.
2958	4.4	Barbatul acuzat ca a folosit grenade false pentru a comanda un avion cubanez care a aterizat in Key West in Aprilie a fost condamnat vineri la 20 de ani de inchisoare.	Un arhitect cubanez a fost condamnat vineri la 20 de ani de inchisoare pentru folosirea a doua grenade false pentru deturnarea unui avion de pasageri care se deplasa din Cuba spre Florida in aprilie.
2959	4.2	Jim Williams, director al proiectului US-VISIT a spus ca pana la mijlocul lui noiembrie, multi pasageri care sosesc in Atlanta vor fi amprentati si fotografiati.	Jim Williams, director al proiectului US-VISIT a spus ca pana la mijlocul lui noiembrie inspectorii vor amprenta si vor fotografia multi pasageri straini care sosesc in Atlanta.
2960	5.0	Audierea a avut loc la o zi dupa ce Pentagonul, pentru prima data, a ales un ofiter, Dallager, pentru faptul ca nu a solutionat scandalul.	Audierea a venit la o zi dupa ce Pentagonul, pentru prima data, a ales un ofiter - Dallager- pentru faptul ca a esuat in solutionarea scandalului.
2961	5.0	Bisercia Episcopala se instraineaza de Comuniunea Anglicana a spus Preasfintitul Reverend Peter Karanja, administrator al Catedralei Tuturor Sfintilor din Nairobi.	In Nairobi, administratorul Catedralei Tuturor Sfintilor, Preasfintitul Reverend Peter Karanja, a spus ca Bisercia Episcopala a SUA se instraineaza de Comuniunea Anglicana.
2962	5.0	Judetele cu scaderi ale populatiei vor fi Vermillion, Posey si Madison.	Populatia din judetele Vermillion, Posey si Madison va scadea.
2963	3.4	Swartz, pus sub acuzare in februarie, a sustinut ca New Hampshire era locul nepotrivit pentru a-l acuza.	Swartz a incercat sa faca in asa fel incat acuzatiile sa fie respinse, spunand ca New Hampshire era locul nepotrivit pentru a-l acuza.
2964	3.2	Au fost la Spitalul Raffles pe parcursul weekendului pentru o evaluare suplimentara.	Au fost supusi mai multor teste pe parcursul weekendului si sunt acum pe sectie la Spitalul Raffles.
2965	5.0	Cand bomba a explodat la Casa de España, clientii luau cina si jucau bingo.	La Casa de España, clientii luau cina si jucau bingo cand bomba s-a declansat.
2966	4.4	Plofsky a spus ca comisia nu va investiga deoarece termenul de prescriptie de trei ani a expirat.	Juriul nu va incepe procedura oficiala de investigare deoarce termenul de prescriptie a expirat, a spus Plofsky.
2967	3.6	Daca ar fi condamnat pentru acuzatii de spionaj, el ar fi pasibil de pedeapsa cu moartea.	Acuzatiile de spionaj si de colaborare cu dusmanul pot conduce la pedeapsa cu moartea.
2968	3.2	Interese vechi se pozitioneaza pentru a controla punctele de verificare ale retelei si fac lobby pe langa FCC pentru a le ajuta si a le incuraja.	S-ar putea sa moara deoarce interese vechi se pozitioneaza pentru a controla punctele cu trafic intens ale internetului si si fac lobby pe langa FCC pentru a le ajuta si a le incuraja.
2969	3.8	Dar membrii bisericii si observatorii spun ca se asteapta ca decizia sa fie problematica pentru multi episcopalieni.	Dar membrii bisericii si observatorii spun ca se anticipeaza ca decizia de aici ar putea pune probleme doctrinale pentru unii episcopalieni care cred ca Biblia interzice homosexualitatea.
2970	4.2	Squyres este cercetator principal pentru sarcina utila Athena - o colectie de instrumente stiintifice transportata de fiecare rover.	Steve Squyres, om de stiinta al Universitatii Cornell, este cercetator principal pentru instrumentele stiintifice ale misiunii.
2971	3.0	Armata a spus ca a ucis 12 rebeli si a capturat noua in campania de pana acum, pentru pierderea a sase soldati raniti.	Armata a spus ca a ucis 16 rebeli si a capturat noua in campania de pana acum, avand un soldat ucis si sase raniti.
2972	3.0	Actiunile Express Scripts ESRX.O au scazut cu 3,6% pentru a se inchide la 66,89 dolari pe bursa Nasdaq.	Actiunile Express Scripts ESRX.O au scazut cu aproximativ 4 procente, la 66,73 dolari, pe bursa Nasdaq la tranzactionarea de dimineata.
2973	3.0	Politia a lansat o vanatoare internationala a lui Shevaun Pennington dupa ce aceasta a fugit sambata cu Toby Studabaker in varsta de 31 de ani.	Shevaun Pennington a disparut sambata dimineata dupa ce a aranjat sa se intalneasca cu Toby Studabaker in varsta de 31 de ani.
2974	4.8	Avocatii si alti cunoscatori ai anchetei federale spun ca aceasta ramane concentrata pe Campbell desi procurorii au refuzat sa discute investigatia.	In timp ce procurorii federali refuza sa discute investigatia, avocatii si alti cunoscatori ai acesteia spun ca ea ramane centrata pe Campbell.
2975	2.5	Indicele Dow Jones DJI a scazut cu 58,69 puncte sau 0,64 %, ajungand la 9,137.86.	Indicele Dow Jones blue-chip al marilor companii listate la bursa, a scazut cu 86.56 de puncte sau 0,94%, la 9,109.99, dupa ce a pierdut mai mult de un procent mai devreme.
2976	2.25	Peace Rules a invins Funny Cide in derby-ul Louisiana.	Dar nici el nici Peace Rules nu au putut impiedica retragerea Funny Cide.
2977	3.0	Boeing a declarat ca se asteapta ca acordul final sa fie semnat in urmatoarele saptamani.	Se asteapta ca intelegerea cu Korean Air sa fie finalizata in urmatoarele cateva saptamani, a spus purtatorul de cuvant al Boeing, Bob Saling.
2978	3.667	Actiunile EDS au inchis sedinta de joi la 18,51 dolari, un castig de 6 centi.	Actiunile EDS au inchis sedinta de joi la 18,51 dolari,o crestere de 6 centi la bursa New York.
2979	3.6	O Curte Suprema divizata a decis Luni ca Congresul poate forta bibliotecile publice nationale sa echipezecomputerele cu filtre anti-pornografie.	Curtea Suprema a spus luni ca guvernul poate solicita bibliotecilor publice nationale sa isi echipeze computerele cu filtre anti-pornografie, respingand plangerile bibliotecarilor ca legea constituie o forma de cenzura.
2980	3.8	Punctul slab este modul in care VBA analizeaza proprietatile documentelor care i-au fost transmise atunci cand documentul este deschis de catre o aplicatie gazda.	Vulnerabilitatea exista in modul in care Visual Basics for Applications de la Microsoft verifica proprietatile documentului transmis atunci cand acesta este deschis.
2981	3.4	Din cele 24 de milioane de voturi telefonice primite, 50,28 % au fost pentru Studdard, situandu-l cu 130,000 de voturi inaintea lui Aiken.	Din 24 de milioane de voturi telefonice exprimate, Studdard s-a situat cu doar 130,000 de voturi in fata lui Aiken.
2982	3.4	Consumatorii tot vor trebui sa obtina un card de securitate pentru decodor de la operatorul lor de cablu pentru a-l introduce in aparat.	Pentru a privi la televiziunea cu plata, consumatorii vor introduce in aparat un card de securitate furnizat de operatorul lor de cablu.
2983	3.8	Cu toate acestea, am hotarat sa optam pentru motorul consortiului european ca fiind cea mai buna solutie generala si datorita eforturilor financiare substantiale facute.	Cu toate acestea, am hotarat sa optam pentru motorul consortiului european ca fiind cea mai buna solutie generala.
2984	2.8	Administratia pentru controlul medicamentelor si al alimentelor a respins cererea ImClone 2001 de a comercializa Erbitux, invocand cercetarea necorespunzatoare.	Administratia americana pentru controlul medicamentelor si al alimentelor a respins cererea originala a ImClone din decembrie 2001 spunand ca studiul a fost facut neglijent.
2985	3.75	Criticii spun ca legea incalca libertatile civile, un lucru la care Presedintele Comisiei Juridice a Camerei, James Sensenbrenner, R-Wis., spune ca este sensibil.	Presedintele Comisiei Juridice a Camerei, James Sensenbrenner, R-Wis., spune ca este sensibil la plangerile legate de libertatile civile.
2986	4.4	Dodgers au castigat cel de-al saselea meci consecutiv, cea mai lunga serie de victorii a lor din 2001 cand au infrant la mica diferenta Colorado, 3-2, miercuri in fata unei multimi de 25.332 de spectatori pe stadionul Dodger.	Dodgers au castigat cel de-al saselea meci consecutiv si cel de-al saptelea din ultimele noua disputate cand au batut Colorado cu scorul de 3-2, miercuri in fata unei multimi de 25.332 de spectatori pe stadionul Dodger.
2987	3.75	Pana in prezent, au cautat in Pennsylvania, Ohio, Michigan, Illinois si Indiana, au spus autoritatile din acele state.	Pana in prezent, autoritatile au cautat si in Pennsylvania, Ohio, Indiana si Michigan.
2988	2.75	Obligatiunea pe 30 de ani US30YT = RR s-a stabilizat la 31 / 32 ducandu-si profitul la 4,16 % - un alt minim record de 4,16% - de la 4,22%.	Obligatiunea pe 30 de ani <US30YT=RR> s-a stabilizat la 24 / 32 ducandu-si profitul la 4,18 % dupa ce a atins un alt minim record de 4,16%.
2989	3.8	Lay a sustinut ca inmanarea documentelor ar constitui o incalcare a drepturilor sale prevazute de cel de-al Cincilea Amendament impotriva auto-incriminarii.	Lay refuzase sa predea actele, afirmandu-si drepturile sale impotriva auto-incriminarii prevazute de cel de-al Cincilea Amendament.
2990	3.2	Strayhorn a spus ca era pentru prima data in istoria Texas-ului cand un controlor financiar nu a certificat legea privind alocarea de sume la buget.	Intr-un comunicat de presa de joi, Strayhorn a spus ca era pentru prima data cand un controlor financiar a respins un buget.
2991	3.8	Excluzand taxele, analistii se asteapta, in medie, la o pierdere de 11 centi per actiune.	Analistii chestionati de catre Thomson Financial First Call se asteptau sa vada o pierdere de aproximativ 11 centi per actiune din operatiunile continue.
2992	4.8	Expertii in securitate avertizeaza ca un nou vierme de e-mail de masa se extinde pe internet, uneori imitand un e-mail de la fondatorul Microsoft.	Un nou vierme se raspandeste rapid pe internet, pretinzand uneori ca este un e-mail de la presedintele Microsoft, Bill Gates, au spus luni vanzatorii de antivirus.
2993	4.0	Dl. Sahel a spus ca politia a identificat cadavrele a sapte dintre cele 14 persoane din celula de forta despre care se crede ca au derulat cele cinci atacuri aproape simultane de sambata.	El a spus ca politia a identificat cadavrele a 7 dintre cei 14 atentatori cu bomba care au lansat cinci raiduri aproape simultane vineri noaptea.
2994	1.4	Numai New Jersey interzice acum titularilor de permise de conducere de cursant sau de permise de conducere intermediare sau utilizeze telefoanele mobile sau alte dispozitive fara fir in timpul sofatului.	In plus, NTSB a recomandat de asemenea NHTSA ca legislatia statala sa fie promulgata pentru a interzice titularilor de permise de conducere de cursant sau de permise de conducere intermediare sa utilizeze telefoanele mobile in timpul sofatului.
2995	4.2	Universitatea din Michigan a facut publica astazi o noua politica de admitere dupa ce Curtea Suprema a Statelor Unite a respins in iunie modul in care aceasta admitea anterior studenti.	Universitatea din Michigan planuieste sa faca publica, joi, o noua politica de admitere dupa ce conditiile sale de admitere au fost respinse de catre Curtea Suprema a Statelor Unite.
2996	1.8	Caseta audio difuzata saptamana trecuta de reteaua de televiziune araba Al-Jazeera pare sa fie un efort de incitare a atacurilor.	O caseta audio difuzata saptamana trecuta de reteaua de televiziune araba Al-Jazeera poate constitui cea mai puternica dovada de pana acum ca Saddam a supravietuit razboiului.
2997	2.0	Compania nu a detaliat costurile de inlocuire si reparatii.	Dar oficialii companiei se asteapta ca valoarea costurilor lucrarilor de inlocuire sa ajunga la milioane de dolari.
2998	2.6	Dean le-a spus reporterilor in timp ce calatorea in al 10-lea oras din turneul „Vara fara somn” ca el considera campania in Texas o provocare.	Astazi, Dean isi incheie turneul de patru zile si 10 orase, „Vara fara somn” in Chicago si New York.
2999	3.25	Am simtit ca daca m-as contrazice cu Rosie prea mult, mi-as pierde slujba.	Cavender chiar a spus: Am simtit ca daca m-as contrazice cu Rosie prea mult, mi-as pierde slujba.
3000	3.75	Decizia americanilor a provocat o reactie negativa din partea Comisiei Europene, care a descris miscarea ca fiind ”nejustificata din punct de vedere juridic, neintemeiata din punct de vedere economic si inutila din punct de vedere politic”.	Comisia Europeana, organul executiv puternic al UE, a descris aceasta miscare drept „nejustificata din punct de vedere juridic, neintemeiata din punct de vedere economic si inutila din punct de vedere politic”.
3001	4.25	Domnisoara Cripps-Prawak a plecat vinerea trecuta, la doua zile dupa ce departamentul a introdus un plan de a distribui marijuana medicala prin intermediul cabinetelor medicilor.	Directorul Biroului de acces medical, Cindy Cripps-Prawak, si-a parasit locul de munca dupa ce departamentul a introdus un plan de distribuire a marijuanei prin intermediul cabinetelor medicilor.
3002	4.75	In 2001 si 2002, a spus Morgenthau, transferurile bancare realizate din doar patru din cele 40 de conturi ale Beacon Hill au totalizat mai mult de 3,2 miliarde de dolari.	Transferurile bancare din patru din cele 40 de conturi deschise la Beacon Hill au totalizat mai mult de 3,2 miliarde de dolari in perioada 2001-2002, a spus Morgenthau.
3003	3.25	Anul trecut, el a facut o oferta nereusita pentru nominalizarea Partidului Democrat pentru functia de guvernator.	El a candidat anul trecut pentru nominalizarea democratilor pentru guvernatorul de Texas, dar a pierdut prima runda in fata multimilionarului Tony Sanchez.
3004	3.75	Cel mai mare comerciant cu amanuntul din tara le-a spus celor 100 de furnizori de top ca trebuie sa inceapa sa utilizeze etichete electronice pe toti paletii de marfuri pana pe 25 ianuarie 2005.	Wal-Mart le-a spus celor mai importanti 100 de furnizori ca vor trebui sa aiba sisteme de identificare prin radiofrecventa pentru urmarirea paletilor de marfuri in lantul de aprovizionare pana pe 25 ianuarie 2005.
3005	3.25	A fost dus la un spital pentru radiografii de precautie la gat.	Harvey a fost dus la spitalul St. Luke pentru radiografii ale gatului, care au iesit negative.
3006	5.0	Proiectul de lege spune ca o femeie care sufera un astfel de avort nu ar putea fi condamnata.	O femeie care a suferit un astfel de avort nu poate fi condamnata in temeiul proiectului de lege.
3007	2.0	In Adunare sunt 103 democrati si 47 de republicani.	Democratii domina Adunarea, in timp ce republicanii controleaza Senatul.
3008	4.2	Am venit practic la Washington pentru a stabili relatii si pentru a ma asigura ca primim mai multi bani federali in California, a spus Schwarzenegger dupa intalnirea cu republicanii din Congres.	„Am venit la Washington practic pentru a stabili relatii si a ma asigura ca primim mai multi bani federali”, a spus Schwarzenegger dupa o intalnire.
3009	3.4	Ultimul imagine al pietelor fortei de munca a fost usor mai bun decat se asteptau economistii; prevedeau ca creantele nu vor scadea mai jos de 410.000 pentru saptamana trecuta.	In ciuda problemelor de pe piata muncii, cea mai recenta imagine a pietelor fortei de munca a fost putin mai buna decat se asteptau economistii.
3010	3.0	Chante Jawan Mallard, in varsta de 27 de ani, a fost judecata luni si acuzata de crima de gradul I.	Chante Jawan Mallard, in varsta de 27 de ani, este acuzata de crima si falsificare a probelor.
3011	2.75	Linda Saunders a pledat vinovata in fata instantei federale pentru sase acuzatii, inclusiv extorsiune, spalare de bani si conspiratie.	Fostii asistenti ai Phipps, Linda Saunders si Bobby McLamb, s-au pledat vinovati de acuzatii federale, inclusiv de extorcare de bani.
3012	2.6	Actiunile Vivendi au inchis cu 3,8% la Paris, la 15,78 euro.	Actiunile Vivendi au crescut cu 0,3 la suta, la 15,62 euro, la Paris, la ora 08:41 GMT.
3013	3.4	Microsoft a identificat software-ul Linux distribuit in mod gratis drept una dintre cele mai mari amenintari la adresa vanzarilor sale.	Compania a identificat public Linux ca fiind unul dintre cei mai mari competitori ai sai.
3014	3.6	Antonio Monteiro de Castro, in varsta de 58 de ani, in prezent director al operatiunilor grupului in America Latina si Caraibe, va deveni director de operatiuni de la aceeasi data.	BAT a mai spus ca Antonio Monteiro de Castro, director pentru America Latina si Caraibe, va deveni director de operatiuni pe 1 ianuarie 2004.
3015	3.6	Relatiile publice manipulatoare si propaganda nu sunt raspunsul, a spus acesta.	Raportul a adaugat ca „propaganda” si relatiile publice manipulatoare „nu sunt raspunsul”, dar ca niciuna dintre ele nu evita dezbaterea.
3016	4.8	Un alt atac armat legat de seria de impuscaturi a avut loc pe 11 noiembrie la scoala primara Hamilton Central din Obetz, la aproximativ doua mile de autostrada.	Ultimul atac legat de seria de impuscaturi a fost in 11 noiembrie la scoala primara Hamilton Township din Obetz, la aproximativ doua mile de autostrada.
3017	4.0	Marti, banca centrala a lasat ratele dobanzilor stabile, asa cum era de asteptat, dar a declarat, de asemenea, ca riscurile globale sunt ponderate spre slabiciune si a avertizat asupra riscurilor de deflatie.	Consiliul de politici al bancii centrale a lasat ratele stabile pentru moment, asa cum era de asteptat pe scara larga, dar a surprins piata declarand ca riscurile globale sunt ponderate spre slabiciune.
3018	3.4	Luptele au izbucnit dupa ce patru jurnalisti nord-coreeni s-au confruntat cu o multi activisti sud-coreeni care au protestat impotriva abuzurilor drepturilor omului in Coreea de Nord, in afara principalului centru de media.	Problemele au izbucnit cand cel putin patru reporteri nord-coreeni s-au repezit din centrul media Taegu pentru a se confrunta cu multi activisti care protestau impotriva abuzurilor asupra drepturilor omului in Coreea de Nord.
3019	2.4	Dusty se luptase cu cancerul de rinichi de mai bine de un an.	Dusty a fost operat de cancer in 2001 si i s-a extirpat un rinichi.
3020	3.0	Kadyrov nu a fost ranit, dar patru dintre garzile sale de corp s-au numarat printre cei ucisi.	Dar agentia de stiri Itar-Tass a spus ca patru dintre garzile sale de corp se numara printre cei ucisi de bomba.
3021	2.75	Comisia estimeaza ca statul California a pierdut 1,34 miliarde de dolari - cel mai mult dintre toate statele - datorita reducerilor fiscale din 2001.	Comisia a estimat ca statul California a pierdut 937 milioane dolari datorita reduceriloraplicate la impozitul pe profit in 2001.
3022	4.0	Oficialii nu au spus daca fortele SUA au traversat teritoriul sirian si au dat declaratii vagi despre modul in care au fost implicati politistii de frontiera sirieni.	Oficialii americani nu au spus daca fortele americane, care actionau pe baza serviciilor de informatii, au traversat teritoriul sirian si au fost vagi cu privire la modul in care au fost implicati gardienii sirieni.
3023	1.75	VeriSign si-a prezentat serviciul Site Finder pe 15 septembrie.	Batalia din jurul serviciului Site Finder disponibil de trei saptamani al lui VeriSign este aprinsa.
3024	4.5	Druce este inca tinuta la inchisoare si acum este izolata, a spus ea.	Aseara, Druce a fost tinut in izolare in aceeasi inchisoare.
3025	5.0	Liderul lor, Abu Bakr al-Azdi, s-a predat in iunie; adjunctul sau a fost ucis intr-o recenta confruntare armata cu fortele saudite.	Liderul lor, Abu Bakr al-Azdi, s-a predat in iunie; adjunctul sau a fost ucis recent intr-o confruntare armata cu fortele saudite.
3026	3.0	Dupa declaratia de deschidere a lui Freitas, judecatorul de la Curtea Superioara a comitatului King, Charles Mertel, a amanat procesul pana dupa weekendul de Ziua Recunostintei.	Judecatorul de la Curtea Superioara a comitatului King, Charles Mertel va amana mai apoi procesul pana luni.
3027	2.8	Investitorii Google includ firme renumite de investitii de capital, precum Kleiner Perkins Caufield & Byers si Sequoia Capital, a mentionat ziarul.	Printre sustinatorii etapelor initiale ale Google se numara Universitatea Stanford din California si firmele de investitii de capital Kleiner Perkins si Sequoia Capital.
3028	2.667	1 iulie este cea de-a sasea aniversare a revenirii Hong Kongului la stapanirea chineza.	Mitingul a umbrit ceremoniile care marcau cea de-a sasea aniversare a revenirii Hong Kongului la China, la 1 iulie 1997.
3029	4.0	Palm Wednesday a anuntat planurile de a achizitiona Handspring, o companie fondata de Jeff Hawkins, considerat de multi ca fiind tatal dispozitivului Palm.	Palm a declarat miercuri ca intentioneaza sa cumpere Handspring, o companie creata de renegatul co-fondator al Palm, Jeff Hawkins.
3030	4.25	Guvernul a abandonat recent discutiile de pace cu MILF, intermediate de Malaezia, dupa o serie de atacuri, inclusiv trei bombardamente, asupra Mindanao.	Guvernul a abandonat recent discutiile de pace, intermediate de Malaezia vecina, dupa o serie de atacuri asupra Mindanao, inclusiv trei bombardamente mortale, pentru care a dat vina pe MILF.
3031	4.176	Compania a inregistrat un profit de 54,3 milioane de dolari, sau 22 de centi pe actiune, in perioada de acum un an.	Aceasta a crescut fata de trimestrul de acum un an, cand compania a castigat 54,3 milioane de dolari sau 22 de centi pe actiune.
3032	3.0	Luni, Bostonului i s-au alaturat comunitatile din Massachusetts, Watertown, Saugus si Framingham.	Impreuna cu Boston, Watertown, Saugus si Framingham vor renunta la fum luni.
3033	3.8	Soldatii ISRAELI au daramat peste noapte case mobile goale si turnuri de apa in 10 avanposturi mici de asezare din Cisiordania, ca parte a unui plan de pace sustinut de SUA.	Soldatii israelieni au inceput ieri sa demoleze avanposturile de asezare din Cisiordania - o obligatie israeliana in cadrul unui nou plan de pace din Orientul Mijlociu.
3034	4.6	Uniunea nu a dezvaluit inca ce lant va fi vizat.	Uniunea a declarat ca va dezvalui ulterior ce lant va fi vizat.
3035	1.4	"Scoateti totul "", spune Howard Davidowitz, presedintele Davidowitz & Associates, o firma nationala de consultanta in comertul cu sediul in New York."	Nevinovata sau nu , „ea a deteriorat bunuri”, a declarat Howard Davidowitz, presedintele Davidowitz & Associates, o firma nationala de consultanta in comertul din New York.
3036	2.8	Produsele actualizate includ Pylon Pro, Pylon Conduit, Pylon Anywhere si Pylon Application Server.	Noile produse puse pe masa includ cele mai recente versiuni ale Pylon Conduit si Pylon Pro.
3037	4.2	Autoritatile turce au declarat ca toti atacatorii cu bomba sunt turci.	Ankara spune ca toti cei patru sinucigasii atacatori cu bomba erau turci.
3038	1.0	In aprilie, a prognozat castiguri operationale in intervalul 60-80 de centi pe actiune.	Kodak asteapta castiguri de la 5 centi la 25 de centi pe actiune in acest trimestru.
3039	4.2	Din Florida pana in Alaska, mii de petrecareti au promis sa promoveze mai multe drepturi legale, inclusiv casatoriile intre persoane de acelasi sex.	Sarbatorind decizia, mii de petrecareti au promis sa promoveze mai multe drepturi legale, inclusiv casatoriile intre persoane de acelasi sex.
3040	2.5	Altii cu un astfel de statut sunt Egiptul, Israelul si Australia.	Natiuni precum Israel si Australia au deja un astfel de statut.
3041	3.5	Constatarile apar in numarul de miercuri al Jurnalului Asociatiei Medicale Americane (stiri - site-uri web).	Rezultatele urmeaza sa fie publicate in numarul de miercuri al Jurnalului Asociatiei Medicale Americane.
3042	4.75	In plus, suportul h2210 are spatiu pentru a incarca o a doua baterie.	Suportul pentru h2200 are spatiu pentru reincarcarea unei a doua baterii.
3043	3.5	Unul dintre cei 14 kurzi a indicat cuvantul „refugiat” intr-un dictionar englez - turc.	Un barbat a fluturat un dictionar englez-turc si a aratat spre cuvantul „refugiat”.
3044	4.0	Cooperarea stransa intre agentiile de aplicare a legii si serviciile de informatii se afla in centrul luptei continue impotriva terorismului, a spus Howard.	El a spus ca o cooperare stransa intre agentiile regionale de aplicare a legii si serviciile de informatii a fost in centrul luptei impotriva terorismului.
3045	2.0	In 2006, grupul afirma ca piata va reveni cu in proportie de 29,6 la suta la 21,3 miliarde de dolari din vanzari.	In 2006, Asia Pacific va raporta o crestere de 7,9% pana la 81,8 miliarde de dolari.
3046	3.2	Capitanul Robert Ramsey din Divizia 1 Blindata a SUA a spus ca un camion a explodat in afara cladirii in jurul orei 11 dimineata si ca unul dintre peretii exteriori ai complexului s-a prabusit.	Capitanul Robert Ramsey de la divizia blindata US 1St a declarat ca un camion a explodat in afara cladirii in jurul orei 11 dimineata.
3047	3.8	In aceasta toamna, instructorii americani vor lucra cu soldati din patru tari din Africa de Nord la patrulare si colectare de informatii.	Spre finalul acestui an, comandamentul va trimite antrenori cu soldati din patru natiuni din Africa de Nord in misiuni de patrulare si colectare de informatii.
3048	2.5	Cifrele devin catastrofale, a spus dr. Patrick Pelloux, presedintele asociatiei medicilor de urgenta.	"Acest lucru este inacceptabil "", a declarat Patrick Pelloux, presedintele Asociatiei medicilor de urgenta din Franta."
3049	3.0	Orice ti s-a intamplat prin intermediul pedepsei este cu siguranta mai mult decat suficient, i-a spus Covello barbatului de 49 de ani, a carui familie, prieteni si sustinatori au umplut jumatate din sala de judecata.	„Ceea ce vi s-a intamplat, domnule, prin intermediul pedepsei, este cu siguranta mai mult decat suficient”, a spus Covello.
3050	4.0	De asemenea, mama a sustinut in proces ca a fost agresata sexual de unul dintre gardieni.	Mama a sustinut, de asemenea, ca a fost agresata sexual de unul dintre gardieni in timpul confruntarii din 1998.
3051	2.625	Da, de astazi memoria Flash achizitionata de la AMD sau Fujitsu va fi marca Spansion.	Dispozitivele de memorare Flash ale Spansion sunt disponibile in intreaga lume de la AMD si Fujitsu.
3052	3.2	Cei mai mari doi producatori de automobile din lume au declarat ca vanzarile lor in SUA au scazut mai mult decat se anticipase luna trecuta, deoarece o frenezie a vanzarilor la sfarsitul verii a provocat o reactie mai mare a industriei decat se astepta.	Vanzarile interne atat la GM, cat si la Ford Motor Co. nr. 2 au scazut mai mult decat se prevedea, deoarece frenezia vanzarilor de la sfarsitul verii a determinat o reactie mai mare decat se astepta in industrie.
3053	4.0	O furtuna tropicala s-a creat rapid in Golful Mexic duminica si era de asteptat sa loveasca undeva de-a lungul coastelor Texasului sau Louisianei pana luni seara.	O furtuna tropicala s-a dezvoltat rapid in Golful Mexic duminica si ar putea avea vanturi la nivel de uragan atunci cand va ajunge pe uscat undeva de-a lungul coastei din Louisiana luni seara.
3054	3.2	Presiunea ar putea creste joi, runda finala finala fiind transmisa la nivel national de ESPN, reteaua de sporturi prin cablu.	Presiunea se va intensifica astazi, runda finala fiind planificata sa fie transmisa la nivel national de ESPN si de faptul ca vor fi cuvinte si mai dificile.
3055	2.4	Pataki a laudat decizia lui Abraham, iar presedintele LIPA, Richard Kessel, a spus ca cablul ar trebui mentinut permanent in functiune.	Presedintele LIPA, Richard Kessel, a spus ca acest lucru inseamna ca cablul poate fi utilizat „dupa cum consideram a fi potrivit.
3056	3.6	Dynes a venit la UC San Diego in 1991, dupa 22 de ani ca fizician la AT&T Bell Labs.	Dynes se afla la UC San Diego din 1991, dupa ce a petrecut 22 de ani la AT&T Bell Labs, unde a lucrat la superconductori si alte materiale.
3057	4.6	Meningita este o infectie a lichidului maduvei spinarii si a tesutului din jurul creierului.	Meningita este o infectie a lichidului din maduva spinarii si din jurul creierului.
3058	4.4	Primarul Joe T. Parker a declarat joi ca cei trei muncitori erau doi barbati si o femeie care se aflau in interiorul cladirii cand a avut loc prima explozie.	Muncitorii disparuti, doi barbati si o femeie, se aflau in cladire cand a avut loc prima explozie, a spus primarul Joe T. Parker.
3059	4.6	"Oficialul NCRI din Londra, Ali Safavi, a declarat pentru Reuters: ""Condamnam acest raid, care este, in opinia noastra, ilegal si nejustificabil din punct de vedere moral si politic""."	Condamnam acest raid, care este, in opinia noastra, ilegal si nejustificat din punct de vedere moral si politic, a declarat telefonic pentru Reuters, oficialul NCRI, Ali Safavi.
3060	3.6	A explodat in mainile sale, dar fostul prim-ministru italian a fost nevatamat.	Scrisoarea cu bomba trimisa lui Prodi i-a explodat in maini, dar nu a fost ranit.
3061	3.2	Avocatul militar al lui Halabi, maiorul fortelor aeriene James Key, a negat acuzatiile, care ar putea duce la pedeapsa cu moartea.	Avocatul care il reprezinta pe al-Halabi, maiorul fortelor aeriene James Key III, a respins acuzatiile, potrivit The Associated Press.
3062	2.0	Waksal, intr-o scrisoare catre curte, a spus: „Mi-am distris familia.	In cautarea clementei, Waksal si-a cerut scuze in fata instantei, a angajatilor sai si a familiei sale.
3063	2.8	De la inceputul lunii mai, orasul a primit 1.400 de rapoarte despre pitigoi si corbi morti, a spus Jayroe.	De la inceputul lunii mai, orasul a primit 1.400 de rapoarte, a spus el.
3064	1.6	Insa Forest, Organizatia pentru Libertatea dreptului de a te bucura de tutun, a spus: „Mentioneaza cuvantul interdictie si toata lumea stie ce s-a intamplat acolo.	Forest, Organizatia pentru Libertatea dreptului de a te bucura de tutun, a declarat ca a intampinat apelul The Lancet cu „amuzament si neincredere”.
3065	4.0	Odata convertit, BayStar va detine un pachet de aproximativ 2,95 milioane de actiuni din actiunile comune ale SCO sau 17,5 la suta din actiunile exceptionale ale companiei.	Investitia ofera BayStar, cu sediul in Larkspur, California, mai mult de 2,9 milioane de actiuni comune SCO, sau 17,5 la suta din actiunile exceptionale ale companiei.
3066	2.8	Producatorii OPEC, intr-o reuniune de miercuri, vor face presiuni asupra exportatorilor independenti de petrol pentru a contribui la urmatoarea reducere a aprovizionarii cartelului pentru a permite revenirea petrolului irakian.	In aceasta saptamana, OPEC va exercita presiuni asupra exportatorilor independenti pentru a sprijini urmatoarea reducere a aprovizionarii cartelului, cu scopul de a preveni reluarea exporturilor irakiene care scad preturile petrolului.
3067	5.0	Comisia Federala pentru Comert (FTC) a solicitat astazi Congresului intarirea autoritatii de a combate spamul nedorit pe Internet, care reprezinta acum aproape jumatate din tot traficul de e-mail.	Comisia Federala pentru Comert a cerut ieri Congresului puteri mai largi pentru a ataca cresterea rapida a spamului, despre care noile studii arata ca reprezinta jumatate din traficul de e-mail.
3068	3.4	Un juriu federal i-a pus sub acuzare marti; documentul a fost sigilat pana ieri pentru a permite autoritatilor sa faca arestari.	Oficialii federali au declarat ca documentul a ramas sigilat pana joi dimineata pentru a permite autoritatilor sa faca arestari in cinci state occidentale.
3069	4.0	Oamenii care s-au opus acestor actiuni de-a lungul timpului incearca acum sa gaseasca motive noi pentru a spune ca acest lucru nu a fost ceea ce trebuia facut ”.	„Ceea ce se intampla aici este ca oamenii care s-au opus acestei actiuni de-a lungul timpului incearca sa gaseasca motive noi pentru care nu a fost ceea ce trebuia facut”.
3070	3.2	Richard Miller a ramas internat in spital dupa un transplant de ficat, dar sotia sa si-a revenit.	Richard Miller, in varsta de 57 de ani, a supravietuit unui transplant de ficat care i-a salvat viata, dar ramane internat.
3071	3.8	Reprezentantii Sequent nu au putut fi contactati imediat pentru a comenta anuntul SCO.	Un purtator de cuvant al SCO nu a putut fi contactat pentru a comenta in aceasta dupa-amiaza.
3072	3.2	Proportia persoanelor asigurate de angajatori a scazut de la 62,3 la suta in 2001 la 61,3 la suta anul trecut.	Proportia americanilor cu asigurari de la angajatori a scazut la 61,3 la suta, de la 62,6 la suta in 2001 si 63,6 la suta in 2000.
3073	4.0	Numarul 2 mondial, Lleyton Hewitt a acuzat Asociatia Profesionista de Tenis de malitiozitate, inclusiv o presupusa incercare de a-l pacali in a refuza un test antidrog de anul trecut.	Lleyton Hewitt, numarul 2 mondial, si-a acuzat colegii profesionisti de malitiozitate de lunga durata, inclusiv o incercare de anul trecut de a-l pacali in a refuza un test antidrog.
3074	3.25	MSN Messenger 6 va fi disponibil pentru descarcare incepand de miercuri ora 18:00 GMT de pe http://messenger.msn.com/download/v6preview.asp.	Software-ul MSN Messenger 6 va fi disponibil miercuri de la ora 11:00 PST, potrivit Microsoft.
3075	4.25	"In legatura cu incidentul, am recunoscut ca m-am comportat necorespunzator. """	Am recunoscut ca m-am comportat necorespunzator, a spus el.
3076	4.25	Un purtator de cuvant a spus: „Din noiembrie, am cooperat pe deplin cu politia.	Acesta a adaugat ca a „cooperat pe deplin” cu politia incepand din noiembrie.
3077	4.25	Femeile care consuma cartofi si alte legume tuberoase in timpul sarcinii pot prezenta riscul de a provoca diabet de tip 1 copiilor lor, cred cercetatorii din Melbourne.	Cercetatorii australieni cred ca au descoperit un declansator al diabetului de tip 1 la copii - mamele lor consuma cartofi si alte legume tuberoase in timpul sarcinii.
3078	0.75	Indicele extins Standard & Poor's 500 .SPX a crescut cu 3 puncte, sau 0,32 la suta, pana la 970.	Indicele compozit Nasdaq .IXIC, intretesut de tehnologie, a pierdut 2 puncte, sau 0,18 la suta, pana la 1.649.
3079	3.0	Oamenii care mai demult credeau ca tensiunea lor arteriala este in regula ar putea fi pe drumul spre hipertensiune in conformitate cu noile linii directoare din SUA publicate miercuri.	Oamenii care odata au crezut ca tensiunea arteriala este in regula trebuie sa inceapa sa faca miscare si sa manance mai bine, conform noilor linii directoare din SUA publicate miercuri.
3080	3.75	Amazon a mai raportat ca biroul procurorului general din New York au cazut la intelegere asupra acuzatiilor de frauda civila cu unul dintre falsificatorii pe care i-a identificat.	Amazon si biroul procurorului general din New York au cazut la intelegere deja cu unul dintre presupusii falsificatori de e-mailuri.
3081	4.0	Premiul pentru actrita principala a mers catre energica nou-venita Marissa Jaret Winokur in rolul de fiica a Ednei, Tracy.	Marissa Jaret Winokur, in rolul lui Tracy, a castigat pentru cea mai buna actrita intr-un musical.
3082	4.0	Din raportul nostru initial se pare ca acaesta a fost o aterizare ca la carte ce a tinut cont de circumstante, a spus Burke.	Domnul Burke a spus: „A fost o aterizare ca la carte avand in vedere circumstantele”.
3083	2.0	Actiunile Allegante au crescut cu 4 dolari, sau 17,2 la suta, pana la 27,43 dolari in tranzactionarea de joi dimineata pe piata bursiera Nasdaq.	Actiunile Allegiant s-au inchis miercuri la 23,40 USD, in crestere cu 64 de centi, la tranzactionarea pe piata Nasdaq.
3084	3.4	Conform legii statului, apelurile 911 nu sunt informatii publice si nu au fost publicate.	Conform legii, apelurile 911 nu sunt informatii publice in Rhode Island.
3085	1.4	ADR-urile au scazut cu 10 centi la 28,95 dolari la 10:06 dimineata in rapoartele din aceasta zi de tranzactionare date de Bursa de Valori din New York.	Actiunile Fox Entertainment Group Inc., unul din bratele media si de diverisment din cadrul americanului News Corp., au scazut cu 45 de centi la 26,85 dolari in rapoartele din aceasta zi de tranzactionare a Bursei de Valori din New York.
3086	3.4	Bremer a spus ca o initiativa este lansarea unui program national de 70 de milioane de dolari in urmatoarele doua saptamani pentru curatarea cartierelor si construirea de proiecte comunitare.	Bremer a spus ca va lansa un program de 70 de milioane de dolari in urmatoarele doua saptamani pentru a curata cartierele din Irak si pentru a construi proiecte comunitare, dar nu a dat detalii.
3087	2.4	Indicele compozit Nasdaq a adaugat 30,46 puncte, sau 2%, la 1.520,15.	Nasdaq a avut un castig saptamanal de 17,27 sau 1,2 la suta, inchizandu-se la 1.520,15 dupa ce a castigat ieri 30,46.
3088	2.6	Biroul de externe britanic a declarat luni ca autoritatile coalitiei din Irak s-au bucurat ca barbatii au fost eliberati.	Biroul de externe britanic a declarat ca a intermediat eliberarea celor doi barbati.
3089	2.8	Wal-Mart estimeaza ca peste 100 de milioane de americani viziteaza magazinele lor in fiecare saptamana.	In fiecare saptamana, 138 de milioane de cumparatori viziteaza 4.750 de magazine Wal-Mart.
3090	3.2	A adaugat domnul Prodi: „Poate, dar batranetea ne ajuta sa ne intelegem punctele tari si cele slabe”.	„Poate, dar batranetea ne ajuta sa ne intelegem punctele tari li slabe, precum si realitatea lumii.
3091	2.4	Sunt mandru ca am fost impotriva lui Richard Nixon, nu cu el, a spus Kerry.	„Am marsaluit pe strada impotriva lui Richard Nixon si a Razboiului din Vietnam”, a spus ea.
3092	3.25	Actiunile Corixa castigau 71 de centi, sau 10%, pana la 7,91 dolari pe Nasdaq.	La tranzactionarea de dimineata pe piata bursiera Nasdaq, Corixa a crescut cu 74 de centi, sau 10%, la 7,94 dolari.
3093	2.75	Purtatorii de cuvant ai FBI, CIA, Serviciul canadian de informatii de securitate si Politia regala canadiana calare au refuzat sa comenteze cu privire la sederea lui El Shukrijumah in Canada.	FBI, CIA, Serviciul canadian de informatii de securitate si Politia regala canadiana calare au refuzat sa comenteze raportul Washington Times.
3094	4.0	Aceasta a fost o problema persistenta care nu a fost rezolvata, a spus Steven Wallace, membru al comisiei de ancheta.	Aceasta a fost o problema persistenta care nu a fost rezolvata, mecanic si fizic, a spus Steven Wallace, membru al consiliului de administratie.
3095	3.6	„Americanii nu taie si fug, trebuie sa incetam aceasta nenorocire”, a spus ea.	De asemenea, ea s-a angajat sa aduca pacea in Irak: „Americanii nu taie si fug, trebuie sa incetam aceasta nenorocire”.
3096	3.8	Nu exista nicio indoiala cu privire la programul chimic, programul biologic, intr-adevar programul nuclear, intr-adevar tot ceea ce a fost documentat de ONU, a spus el.	El a adaugat: „Nu exista nicio indoiala cu privire la programul chimic, programul biologic si intr-adevar despre programul de arme nucleare.
3097	4.6	Ridge a spus ca nu vor fi folositi explozivi reali sau dispozitive daunatoare in exercitiu.	Ridge a spus ca nu vor fi folositi explozivi sau alte substante daunatoare.
3098	3.25	"Aceasta este America, prietenii mei, si nu ar trebui sa se intample aici "", a spus el in aplauze puternice."	Aceasta este America, prietenii mei, si nu ar trebui sa se intample aici.
3099	3.75	Pe 1 mai, s-a tarat printr-un canion ingust si intortocheat, a coborat pe o stanca de 60 de picioare si a mers pe jos aproximativ sase mile prin canion.	S-a tarat printr-un canion ingust si intortocheat, a coborat pe o stanca de 60 de picioare si a mers la vreo sase mile pe canion, langa Parcul National Canyonlands, in sud-estul Utah.
3100	4.0	Amnesty International a declarat ca in ultimii 20 de ani a colectat informatii despre 17.000 de disparitii in Irak, dar cifra reala poate fi mult mai mare.	Amnesty International a declarat ca in ultimii 20 de ani a colectat informatii despre 17.000 de disparitii in Irak.
3101	3.75	Texas Instruments a urcat ieri 1,37 dolari la 19,25 dolari, iar Novellus Systems Inc. a avansat 1,76 dolari la 36,31 dolari.	Texas Instruments a urcat 1,37 dolari SUA pana la 19,25 dolari SUA, iar Novellus Systems a avansat cu 1,7 dolari SUA pana la 36,31 dolari SUA, fiecare fiind ridicat la nivelul de „categorie grea” de catre Lehman.
3102	3.455	Ea a cerut sa fie scuzata din sedinta de cabinet de saptamana trecuta pentru a se pregati pentru o intalnire cu presedintii din Rwanda si Uganda.	Ea a facut pasul extrem de neobisnuit de a nu intra in cabinet pentru a participa la o intalnire cu presedintii din Rwanda si Uganda.
3103	4.0	Intr-un amestec de ritualuri antice pagane si crestine moderne, satenii au organizat o serie de ceremonii in speranta de a inlatura nenorocirile despre care cred ca i-au tinut saraci.	Intr-un amestec de ceremonii antice Melaneziene pagane si crestine moderne, oamenii au incercat din nou sa inlature nenorocirile despre care cred ca i-au tinut saraci de la acea masa de demult.
3104	2.5	Media industriala Dow Jones .DJI a crescut cu 13,33 puncte, sau 0,15 la suta, pana la 9196,55.	Media industriala Dow Jones <.DJI> a scazut cu 7,75 puncte, sau 0,08 la suta, la 9.175,47.
3105	0.25	Variola se gaseste de obicei numai in Africa centrala si occidentala.	Cainii de prerie, gasiti de obicei in statele de sud-vest si vest, nu sunt indigeni in Wisconsin.
3106	3.833	Filmul este al doilea dintr-o trilogie, care se va incheia in noiembrie cu The Matrix Revolutions.	„Reloaded” este al doilea din trilogie; „The Matrix Revolutions” urmeaza sa debuteze in noiembrie.
3107	3.75	In plus, Departamentul Justitiei a declarat ca FBI a efectuat „mai putin de 10” investigatii care implica vizite la moschei.	"In plus, ""mai putin de 10"" birouri FBI au efectuat investigatii care implica vizite la moschei islamice, a declarat Departamentul de Justitie."
3108	3.25	Lansarea coincide cu conferinta dezvoltatorilor JavaOne de la San Francisco de saptamana aceasta.	Stirea vine, de asemenea, deodata cu conferinta anuala Suns a dezvoltatorilor JavaOne din San Francisco.
3109	2.75	Cartea O datorie regala se bazeaza pe experientele sale cu Diana, printesa de Wales si pe scrisori despre care pretinde ca sunt de la si catre ea.	Casa regala se pregatea pentru alte dezvaluiri in cartea O datorie regala, bazate pe timpul petrecut de fostul servitor cu Diana, printesa de Wales.
3110	3.0	Armata a declarat ca raidul, care are loc la doar cateva zile dupa ce trupele israeliene l-au impuscat si ucis pe Abdullah Kawasme, liderul Hamas din oras, i-a vizat pe militantii din Hamas.	Arestarile au avut loc la cateva zile dupa ce trupele israeliene l-au impuscat si ucis pe Abdullah Kawasme, liderul grupului militant din Hebron.
3111	3.2	SARS a continuat sa revendice viata a 44 de persoane din Toronto, inclusiv doua asistente medicale si un medic.	Virusul a ucis 44 de persoane in Toronto, inclusiv un medic si doua asistente medicale.
3112	4.6	Noul serviciu de muzica online al Apple Computer a vandut peste 1 milion de melodii in prima saptamana de functionare, a declarat compania luni.	Apple Computer Inc. a declarat luni ca a depasit asteptarile industriei de discuri, prin vanzarea a peste 1 milion de melodii de la lansarea magazinului sau online de muzica acum o saptamana.
3113	3.6	El fusese arestat anterior de doua ori pentru incalcarea legii si exclus din complex - casa mamei sale si a celor doi copii.	El fusese arestat de doua ori inainte pentru incalcarea legii si a fost exclus din complex.
3114	4.4	Presedintele si CEO-ul Oracle Corp, Larry Ellison, nu a exclus sa indulceasca oferta nesolicitata a companiei de a achizitiona rivalul PeopleSoft Inc.	Presedintele Oracle, Larry Ellison, a sugerat ca compania ar putea din nou sa mareasca oferta pentru rivala PeopleSoft.
3115	4.056	Serviciul meteorologic portughez a declarat ca valul de caldura din Europa a fost cauzat de o masa de aer cald si uscat care se vine din sud-est.	Valul de caldura s-a datorat unei mase de aer cald si uscat din sud-est, a declarat Mario Almeida, de la serviciul meteorologic din Portugalia.
3116	3.5	„Cheltuirea dolarilor contribuabililor pentru a crea saloane de pariuri pentru terorism este risipitoare si repugnanta”, au anuntat ei ieri intr-o conferinta de presa.	Cheltuirea dolarilor contribuabililor pentru a crea saloane de pariuri pentru terorism este la fel de risipitoare si repugnanta, au declarat luni Wyden si Dorgan intr-o scrisoare catre Pentagon.
3117	5.0	Cu toate acestea, „decizia oarecum ambigua” ar putea crea o intarziere pentru Static Control, in functie de modul in care si-a dezvoltat produsul concurent, a spus analistul Merrill Lynch, Steven Milunovich.	Dar analistul Merrill Lynch, Steven Milunovich, a spus ca „hotararea oarecum ambigua” a autoritatilor de reglementare ar putea crea o intarziere pentru Static Control, in functie de modul in care si-a dezvoltat produsul concurent.
3118	4.0	Maimutele isi puteau urmari progresul vizualizand o reprezentare schematica a bratului si a miscarilor acestuia pe un ecran video.	Bratul era tinut intr-o camera separata, dar maimutele isi puteau urmari progresul vizualizand o reprezentare a bratului si a miscarilor acestuia pe un ecran video.
3119	4.0	Acest lucru a declansat o confruntare de 47 de ore cu politia, care a deranjat mii de navetisti, in timp ce traficul s-a blocat in centrul orasului Washington si in nordul Virginiei.	Protestul sau a dus la o confruntare de 47 de ore cu politia, care a provocat blocaje uriase in centrul Washingtonului si in nordul Virginiei.
3120	4.75	Indicele Standard & Poor's 500 a avansat cu 6,48, sau 0,7 la suta, la 990,51.	Indicele larg Standard & Poor's 500. SPX a crescut cu 6,48 puncte, sau 0,66 la suta, pana la 990,51.
3121	3.75	Ministrii agriculturii din peste o suta de natiuni sunt asteptati sa participe la conferinta ministeriala de trei zile si la expozitia privind stiinta si tehnologia agricola, sponsorizate de Departamentul Agriculturii din SUA.	Secretarul american pentru agricultura, Ann Veneman, lanseaza luni Conferinta ministeriala si Expozitia privind stiinta si tehnologia agricola ce va dura trei zile.
3122	4.0	Situatia este complicata datorita prezentei liberienilor trecuti prin lupta, care au luptat de ambele parti.	Luptele au continuat sporadic in vest, unde situatia este complicata datorita prezentei de ambele parti a liberienilor trecuti prin lupta.
3123	3.5	Anul acesta Societatea Audubon gazduieste din nou concursul de numarat pasari de Craciun.	Este concursul anul de numarat pasari de Craciun al Societatii Nationale Audubon, aflat acum in al 104-lea sezon.
3124	3.0	Inainte de a fi eliminat, site-ul a enumerat intr-o limba engleza defectuoasa regulile pentru hackerii care ar putea participa.	Organizatorii au infiintat un site Web, http://defacerschallenge.com, enumerand intr-o engleza defectuoasa regulile pentru hackerii care ar putea participa.
3125	4.2	Medicii au speculat ca estrogenul propriu corpului protejeaza impotriva deteriorarii celulelor si imbunatateste fluxul sanguin.	Credinta lor sa bazat pe speculatii ca estrogenul previne deteriorarea celulelor si imbunatateste fluxul sanguin.
3126	3.4	De asemenea, au descoperit ca deficienta a fost asociata cu un istoric de pierdere a auzului in familie.	Deficienta a fost descoperita de doua ori mai des la cei ce au suferit o pierdere a auzului.
3127	4.6	Directorii Cisco s-au declarat incurajati de fluxul de numerar de 1,3 miliarde de dolari si de cresterea venitului net, dar sperau la o revenire.	Directorii Cisco au fost incurajati de fluxul de numerar de 1,3 miliarde de dolari si de cresterea venitului net, dar au spus ca au ramas „rezervat optimisti” in ceea ce priveste revenirea.
3128	4.0	Intr-o declaratie prin e-mail catre Knoxville News Sentinel, Shumaker a spus: „Nu iau in considerare demisia.	"Nu iau in considerare demisia "", a spus Shumaker intr-o declaratie."
3129	4.0	Un sondaj a aratat ca interceptarile FBI ale primarului au dat un impuls efortului sau de realegere impotriva adversarului GOP Sam Katz.	Un sondaj publicat saptamana aceasta a aratat ca interceptarile FBI ale primarului au dat un impuls efortului sau de realegere.
3130	3.643	Pasagerul ranit la spitalul John Peter Smith a murit vineri dimineata, a spus Jones.	Pasagerul ranit de la John Peter Smith a murit dimineata tarziu; numele sau nu a fost publicat, a spus Jones.
3131	3.6	Medicii planuisera sa-l aduca pe lume cu doua saptamani mai devreme, in jurul datei de 14 noiembrie.	O cezariana fusese initial planificata la mijlocul lunii noiembrie, cu doua saptamani mai devreme.
3132	4.0	Sobig.F se raspandeste atunci cand utilizatorii de computer deschid fisiere atasate in e-mailuri care contin titluri familiare precum „Multumesc !,” „Re: Detalii” sau „Re: acel film”.	Virusul se raspandeste atunci cand utilizatorii de computer deschid atasamentele din e-mailuri care contin titluri familiare precum „Multumesc!” si „Re: Detalii”.
3133	1.0	Indicele compozit Nasdaq .IXIC, al pietei de tehnologie, a crescut cu 17,26 puncte, sau 1,06 la suta, pana la 1.640,06, pe baza ultimelor date.	Indicel larg Standard & Poor's 500 <.SPX> a castigat 5,51 puncte, sau 0,56 procente, pana la 981,73.
3134	3.4	Fondatorii grupului sunt Matsushita Electric, Sony, Hitachi, NEC, Royal Philips Electronics, Samsung, Sharp si Toshiba.	Membrii fondatori ai CELF sunt Hitachi, Matsushita, NEC, Philips, Samsung, Sharp, Sony si Toshiba.
3135	1.75	"Este in aprovizionarea cu alimente? "", spune David Ropeik, director de comunicare a riscurilor la Harvard Center for Risk Analysis."	„Nu este zero”, a spus David Ropeik, director de comunicare a riscurilor la Centrul Harvard pentru Analiza Riscurilor.
3136	3.0	In timpul unei dispute aprinse din 1999, Carolyn i-a spus lui John ca inca se culca cu Bergin.	La randul ei, ea ii spunea uneori lui John ca inca se culca cu un fost iubit, frumuselul din „Baywatch”, Michael Bergin.
3137	3.25	"Pe de alta parte, daca acest lucru va contribui in continuare la stabilirea inocentei lui Steve, il salutam ""."	"Daca drenarea iazurilor din Maryland va contribui in continuare la stabilirea inocentei lui Steve, o salutam ""."
3138	3.4	Fletcher a declarat ca se asteapta sa aiba sprijinul parlamentarilor din statele agricole, multi dintre ei facand parte din comitet.	El a spus ca se asteapta sa aiba sprijinul parlamentarilor din alte state agricole.
3139	3.2	Sapte cadeti in varsta de 20 si 21 de ani au fost amendati de politie pentru consumul de alcool intr-o camera de hotel din afara campusului sambata devreme cu doua tinere, cu varsta de 16 si 18 ani.	Sapte cadeti barbati in varsta de 20 si 21 de ani au fost prinsi intr-o camera de hotel din afara campusului sambata devreme cu doua tinere, de 16 si 18 ani.
3140	2.8	Un astfel de pas ar putea pune problema in fata Consiliului de Securitate al ONU.	Problema ar putea fi apoi trimisa Consiliului de Securitate al ONU.
3141	2.4	El planuia sa ramana toata ziua pana cand nivelul raului crestea maxim, ceea ce era prognozat pentru noaptea trecuta.	El si ceilalti avocati au planificat sa ramana pana cand raul incepe sa se retraga.
3142	3.4	Tabara gazduieste evenimente religioase de vara pentru copii si alte evenimente pe tot parcursul anului, potrivit site-ului sau web.	Tabara Sfanta Sofia gazduieste evenimente religioase pentru copii in lunile de vara, precum si alte evenimente pe tot parcursul anului, potrivit site-ului sau web.
3143	3.6	Dealerii au declarat ca trendul descendent al monedei unice fata de dolar ar putea accelera daca ar scadea sub 1,15 USD.	Dealerii au declarat ca trendul descendent al monedei euro ar putea fi accentuat in cazul in care va scadea sub 1,15 USD.
3144	3.8	Actiunile Gemstar au adunat 2,6 la suta, adaugand 14 centi la 5,49 dolari la inchidere.	Actiunile Gemstar au crescut la stiri, inchizand 2,6 la suta, la 5,49 USD pe Nasdaq.
3145	4.8	Impreuna cu producatorul de cipuri Intel, companiile includ Sony Corp., Microsoft Corp., Hewlett-Packard Co., IBM Corp., Gateway Inc. si Nokia Corp.	Impreuna cu producatorul de cipuri Intel, companiile includ Sony, Microsoft, Hewlett-Packard, International Business Machines, Gateway, Nokia si altele.
3146	3.8	Kroger Co., care detine Ralphs si Albertsons Inc., negociaza impreuna cu Safeway si isi lasat pe dinafara lucratorii din sindicat a doua zi.	Intr-un spectacol de solidaritate corporativa, Kroger Co., care detine Ralphs, si Albertson Inc. si-au lasat pe dinafara lucratorii in dimineata urmatoare.
3147	3.333	Potrivit Biroului de recensamant, populatia hispanica a crescut cu 9,8% fata de cifrele recensamantului din aprilie 2000.	Populatia hispanica a crescut cu 9,8% fata de cifrele recensamantului din aprilie 2000, in ciuda conditiilor sociale si economice mai putin favorabile decat in ​​anii 1990.
3148	2.5	Actiunile sale au crescut la 54,50 dolari in tranzactionarea pre-deschidere de la 50,90 dolari la inchiderea de miercuri.	Actiunile au crescut cu aproape 7% in tranzactionarea pre-deschidere, crescand la 18,26 dolari de la 17,05 dolari la inchiderea de marti.
3149	2.4	Media industriala Dow Jones <.DJI> a scazut cu 58,69 puncte, sau 0,64 la suta, la 9.137,86.	Media industriala Dow Jones .DJI a scazut cu 79,43 puncte, sau 0,86 la suta, la 9.117,12 vineri.
3150	3.8	Avocatul sau, Pamela MacKey, a declarat ca Bryant se asteapta sa fie complet exonerat.	Domnul Bryant este nevinovat si se asteapta sa fie complet exonerat, a spus Mackey intr-un comunicat.
3151	3.0	A fost cel mai bun avans de la 1 octombrie incoace, cand indicele a castigat 22,25.	Indicele Standard & Poor's 500 a crescut cu 15,66 la 1.046,79, cel mai bun avans de la 1 octombrie incoace, cand a castigat 22,25.
3152	3.692	Domnul Mask a spus ca domnul Cullen va fi luat pana joi de la inchisoarea comitatului Somerset si mutat la spitalul criminalistic Ann Klein de langa Trenton pentru ingrijire psihiatrica.	Charles Cullen, in varsta de 43 de ani, a fost transferat din inchisoarea comitatului Somerset din Somerville la Centrul Forensic Anne Klein, o unitate de tratament psihiatric cu 150 de paturi din Trenton.
3153	3.0	Oamenii de stiinta credeau ca Stardust a acumulat mii de particule de praf.	Stardust a fost conceput pentru a aduna mii de particule de praf care provin din Wild 2.
3154	2.75	Raportul comitetului independent de experti isi propune sa inlature orice suspiciune cu privire la modul in care guvernul din Hong Kong gestioneaza criza SARS.	Un raport mult asteptat cu privire la gestionarea de catre guvernul din Hong Kong a focarului de SARS a fost lansat.
3155	3.25	Ambele dispozitive implementeaza facilitatea eSCO a standardului versiunea 1.2 pentru a oferi baza pentru noile aplicatii de telefonie fara fir.	BlueCore3 implementeaza, de asemenea, facilitatea eSCO din versiunea 1.2 pentru a oferi baza aplicatiilor avansate de telefonie fara fir in transmisia Bluetooth.
3156	3.5	Scaderea preturilor de la produse de baza in aprilie s-a reflectat scaderea preturilor la masini, camioane, haine pentru barbati si baieti si tigari .	Aceasta a fost cea mai mare scadere din august 1993 si a rezultat din scaderea preturilor la masini, camioane, haine pentru barbati si baiet si tigarii.
3157	3.0	Salvatorii internationali scotocesc daramaturile pentru supravietuitori in vechiul oras Bam de pe Drumul Matasii, dupa ce un cutremur violent a ucis peste 20.000 de oameni.	Salvatorii internationali au cautat cu disperare supravietuitori printre daramaturi, iar cimitirele s-au umplut ieri in vechiul oras Bam de pe Drumul Matasii.
3158	4.0	Griffith, originar din Mount Airy, locuieste acum pe coasta Carolinei de Nord, in Manteo.	Griffith, in varsta de 77 de ani, a crescut in Mount Airy si acum locuieste in Manteo.
3159	4.667	Conference Board a raportat ca indicele sau de incredere a consumatorilor din SUA a scazut la 83,5 in iunie de la 83,6 in mai.	Indicele de incredere a consumatorilor a ajuns la 83,5 in iunie, in scadere usoara fata de un 83,6 revizuit in mai, a declarat Conference Board.
3160	3.333	„Observ o schimbare de dispozitie in prioritatile lor”, a spus un politician.	Observ o schimbare de dispozitie in prioritatile lor, a spus un politician irakian dupa intalnirea cu domnul Bremer.
3161	2.4	Se crede ca Heather, in varsta de 35 de ani, care si-a pierdut un picior intr-un accident rutier, are placi de otel in solduri, ceea ce ar face imposibila nasterea naturala.	Fostul model Lady McCartney si-a pierdut un picior intr-un accident rutier in 1993 si se pare ca are placi de otel montate in solduri, ceea ce ar ingreuna nasterea naturala.
3162	3.857	De asemenea, reteaua renunta la editia „Dateline” de vineri seara .	Reteaua va renunta la o editie a „Dateline”, franciza sa de reviste de stiri.
3163	2.4	Vicepresedintele Dick Cheney si candidatul republican la functia de guvernator in Mississippi, Haley Barbour, saluta multimea ce aclama.	Vicepresedintele Dick Cheney spune ca republicanul din Mississippi, Haley Barbour, ar fi un bun guvernator datorita expertizei sale in guvernare si afaceri.
3164	3.0	Asistenta in varsta de 51 de ani a lucrat la North York General Hospital, epicentrul celui mai recent focar.	Emile Laroza, in varsta de 51 de ani, a contractat SARS in timp ce lucra ca asistent medical la Spitalul General North York, epicentrul celui de-al doilea focar de SARS.
3165	2.0	Rusch a permis, de asemenea, cinci sau mai multe puncte castigate in fiecare dintre ultimele sale trei starturi.	Redman a permis doua puncte castigate sau mai putin in sase din cele noua starturi ale sale.
3166	1.6	Domnul Turner a transferat aproximativ 10 milioane de actiuni catre un trust caritabil inainte ca acestea sa fie vandute.	Vanzarile il lasa pe domnul Turner cu aproximativ 45 de milioane de actiuni in AOL.
3167	4.0	De asemenea, el i-a recrutat si pe altii in schema, convingandu-i sa primeasca marfa obtinuta in mod fraudulos pe care o comandase pentru el insusi.	De asemenea, el a recrutat si alte persoane pentru a li se livra marfurile comandate si obtinute in mod fraudulos.
3168	3.8	New York Mets l-a selectat apoi pe jucatorul Lastings Milledge de la Lakewood Ranch High School din Florida.	Mets l-au luat pe Lastings Milledge, un jucator din Florida, ca a douasprezecea alegere.
3169	1.273	Senatorul din Florida, Bob Graham, nu a fost recunoscut de 61% dintre cei chestionati.	Kerry a fost privit favorabil de 66% dintre cei chestionati; Decan de 57%.
3170	1.0	Indicele larg Standard & Poor's 500. SPX a crescut cu 3,47 puncte, sau 0,36 la suta, pana la 977,59.	Indicele Nasdaq Composite, axat pe tehnologie .IXIC, a scazut 8 puncte, sau 0,45 la suta, la 1.645.
3171	3.0	Drept rezultat, 24 de jucatori au depasit par-ul in prima runda.	Douazeci si patru de jucatori au depasit parul in prima runda, a treia cea mai mare cifra din istoria US Open.
3172	4.0	Albertsons si lantul Ralphs al lui Kroger si-au oprit munictorii din a-si face lucrul ca raspuns.	Lantul lui Ralphs al lui Kroger si Albertsons si-au oprit imediat munictorii din alimentatie in semn de solidaritate.
3173	2.0	Indicele compozit Nasdaq <.IXIC>, axat pe tehnologie, a scazut cu 37,78 puncte, sau 1,94 la suta, la 1.912,36.	Indicele compozit Nasdaq a scazut 2,95, sau 0,2 la suta, pentru saptamana in curs la 1.912,36, dupa ce ieri s-a poticnit la 37,78.
3174	1.0	Actiunile SCO s-au inchis la 10,93 dolari, in scadere cu 28 de centi, la tranzactionarea de luni pe piata bursiera Nasdaq.	Actiunile IBM au inchis cu inca 1,75 dolari, sau 2,11 la suta, la 84,50 dolari la bursa din New York.
3175	3.0	Camera a votat 425 la 2 in favoarea proiectului de lege, primul din cele 13 pe care Congresul trebuie sa le adopte in fiecare an pentru a finanta guvernul federal.	Proiectul de lege se numara printre primele din cele 13 pe care Congresul trebuie sa le adopte in fiecare an pentru a finanta guvernul federal.
3176	4.75	Knight a fost de acord cu un contract pe doi ani, de 2,38 milioane de dolari, care include un bonus de 300.000 de dolari.	ESPN a raportat ca acordul de doi ani al lui Knight valoreaza 2,38 milioane de dolari, inclusiv un bonus de 300.000 de dolari.
3177	2.75	In raport cu moneda japoneza, euro a fost la 135,92 / 6,04 yeni fata de nivelul din New York de 136,03 / 14.	Dolarul era la 117,85 yeni in raport cu moneda japoneza, in crestere cu 0,1 la suta.
3178	4.5	Procedura se efectueaza in general in al doilea sau al treilea trimestru.	Tehnica este utilizata in timpul celui de-al doilea si, ocazional, in cel de-al treilea trimestru de sarcina.
3179	3.0	Pe langa Hampton si Newport News, grantul finanteaza testarea apei in Yorktown, King George County, Norfolk si Virginia Beach.	Subventia finanteaza, de asemenea, testarea plajei in King George County, Norfolk si Virginia Beach.
3180	3.0	El a spus ca atacatorii au lasat in urma pliante care cereau personalului de la Ishtar Sheraton sa nu mai lucreze la hotel si cer fortelor americane sa paraseasca Irakul.	El a spus ca atacatorii au lasat in urma pliante care ii indeamna pe muncitorii de la Ishtar Sheraton sa nu mai lucreze la hotel.
3181	3.0	Odata cu incingerea diplomatiei in criza nucleara de aproape 10 luni, ministrul chinez de externe Li Zhaoxing urmeaza sa viziteze Coreea de Sud in perioada 13-15 august.	Avand in vedere ca diplomatia se incinge in criza de aproape 10 luni, ministrul chinez de externe Li Zhaoxing zboara duminica in Japonia pe drumul spre Coreea de Sud, pe 13 august.
3182	2.588	BondBulls (aici cred ca se refera la ceva platforma economica) ar dori ca Fed sa recunoasca faptul ca riscurile sunt orientate spre slabiciunea economica.	Fed a mai spus ca riscurile pentru economie sunt orientate spre slabiciune.
3183	3.6	Exista o posibilitate reala pentru un colaps secundar, a spus guvernatorul James McGreevey.	Zona deteriorata a garajului nu a fost stabilizata, existand astfel „posibilitatea reala a unui colaps secundar”, a spus McGreevey.
3184	2.333	Nr. 2 HP a vazut cum vanzarile serverului Unix au scazut cu 3,6%, la 1,36 miliarde de dolari.	HP a cazut pe locul doi, vanzarile serverelor crescand cu 0,4 la suta, pana la 2,9 miliarde de dolari.
3185	2.25	„Oamenii sunt evident deranjati”, a spus dr. Jim Young, comisarul pentru siguranta publica din Ontario.	„Suntem hiper-vigilenti”, a spus dr. James Young, comisarul pentru siguranta publica din Ontario.
3186	2.5	Ceilalti au primit copii ale cartii „Noua Dieta Revolutionara Atkins” si li s-a spus sa o urmeze.	Cercetatorii au oferit copii ale cartii „Noua Dieta Revolutionara Atkins” celor ce reduc consumul de carbohidrati.
3187	4.5	Avocatul rapperului, Mark Gann, nu a raspuns apelurilor pentru comentarii.	Avocatul rapperului in materie civila, in varsta de 27 de ani, Mark Gann, nu a raspuns apelurilor pentru comentarii.
3188	4.75	De asemenea, pe piata au contat si stirile ca General Motors GM.N intentioneaza sa emita datorii de 10 miliarde de dolari, in parte pentru a acoperi planul de pensii.	Stirile ca General Motors GM.N trebuiau sa emita datorii de 10 miliarde de dolari, in parte pentru a acoperi planul de pensii, au avut un efect negativ.
3189	3.4	Russin nu a comentat; avocatul sau nu a participat la audiere si nu a raspuns la mesajele telefonice.	Avocatul sau, un var, Basil Russin, nu a participat la sedinta si nu a raspuns la mesajele telefonice.
3190	4.0	Cu toate acestea, veniturile din licente au scazut cu 21%, pana la 107,6 milioane de dolari.	Vanzarile de licente, o masura cheie a cererii, au scazut cu 21%, pana la 107,6 milioane de dolari.
3191	3.5	Hispanicii, grupul etnic cu cea mai rapida crestere din SUA, au depasit negrii pentru a deveni cea mai mare minoritate din SUA, potrivit noilor cifre ale guvernului.	Hispanicii au depasit oficial afro-americanii ca fiind cel mai mare grup minoritar din SUA, potrivit unui raport publicat de Biroul de recensamant al SUA.
3192	2.0	Episcopul Armidalei, Peter Brain, a fost direct.	„Nu are prea multe optiuni”, a spus episcopul Armidale, Peter Brain.
3193	4.0	Cand va deveni complet operationala, se asteapta ca unitatea sa angajeze pana la 1.000 de persoane.	Fabrica va angaja 1.000 de persoane atunci cand va fi complet construita, a spus compania.
3194	1.4	Indicele biotehnologic al Bursei Americane .BTK a crescut cu 5%.	Indicele de semiconductori al Bursei de Valori din Philadelphia. SOXX a crescut cu 6,10%.
3195	3.2	„Mi-a placut foarte mult si inca il plac”, a declarat ieri Cohen Alon pentru Herald.	Si mi-a placut foarte mult de el si inca il plac.
3196	1.8	Pentru intreaga perioada de 12 luni care se incheie la 30 iunie 2003, conexiunile de servicii avansate pentru ADSL au crescut cu 37 la suta, iar conexiunile prin modem au crescut cu 75 la suta.	Pentru perioada de 12 luni care se incheie pe 30 iunie, conexiunile de mare viteza instalate in case si la companii au crescut cu 45%.
3197	3.2	Comisarul de stat pentru educatie, Kent King, a declarat miercuri ca scorurile la testele programului de evaluare din Missouri l-au dezamagit.	Comisarul pentru educatie din Missouri, Kent King, s-a declarat dezamagit de scoruri.
3198	4.8	Agentii au gasit peste 1.000 de carduri de credit si aparate de duplicat a cardurilor de credit in timpul cautarilor de la resedinta lui Ragin.	Cand resedinta lui Ragin a fost perchezitionata, autoritatile au gasit peste 1.000 de carduri de credit si duplicatoare.
3199	1.4	Lowe's, cu aproximativ jumatate din numarul magazinelor, a raportat o crestere de 33% a profitului in al treilea trimestru, bazata pe o crestere de 12% a vanzarilor din magazine.	Home Depot a raportat o crestere de 22% a profitului in al treilea trimestru, bazata pe o crestere de aproape 8% a vanzarilor din magazine.
3200	2.6	Caldera a achizitionat software-ul serverului Unix original al SCO si i-a schimbat numele in Grupul SCO.	SCO si-a schimbat numele in Tarantella, iar Caldera si-a schimbat ulterior numele in Grupul SCO.
3201	3.25	Ofiterii l-au aruncat la pamant si l-au catusat, iar Reyna i-a bagat un genunchi in spate, conform marturiei.	Atunci ofiterii l-au aruncat la pamant si l-au incatusat, potrivit marturiei.
3202	1.75	Cea mai performanta actiune a fost Altria Group Inc., care a crescut cu peste 27 la suta pentru a inchide la 42,31 USD pe actiune.	Altria Group Inc. MO.N a scazut cu 50 de centi, sau 1,2%, la 41,81 dolari.
3203	3.0	"”Oficialii incearca sa recupereze cadavrele din apa "", a declarat pentru Reuters ofiterul de politie J.D. Tambe, adaugand ca 26 dintre morti erau femei."	"”Oficialii incearca sa recupereze cadavrele din apa "", a declarat pentru Reuters oficialul de politie J.D. Tambe."
3204	3.5	Potrivit cercetarilor de piata ale The NPD Group, numarul de persoane care descarca muzica a scazut de la 14,5 milioane in aprilie la 10,4 milioane in iunie.	Numarul gospodariilor care achizitioneaza muzica a scazut de la maximul de 14,5 milioane in aprilie la 12,7 milioane in mai si 10,4 milioane in iunie, potrivit NPD.
3205	3.25	„Acesta este un caz usor in opinia mea si complet lipsit de merit, atat din punct de vedere factual, cat si din punct de vedere legal.	Acest caz este complet lipsit de merit, atat din punct de vedere factual, cat si din punct de vedere juridic, a ironizat judecatorul Denny Chin.
3206	2.25	Serviciul meteo a raportat vanturi cu viteze maxime de aproape 105 mile pe ora si rafale mai puternice.	Viteza maxima a vanturilor a fost in jur de 40 mph, cu rafale mai puternice.
3207	4.0	Toaletele cu WiFi urmau sa fie introduse in aceasta vara, la festivalurile de muzica din Marea Britanie.	Prima toaleta portal din lume urma sa fie lansata in curand la festivalurile de vara din Marea Britanie.
3208	4.25	Barbatii care beau ceai, in special ceaiul verde, isi pot reduce considerabil riscul de cancer de prostata, a constatat un studiu WA important.	BAUTUL ceaiului verde poate reduce dramatic riscul ca barbatii sa dezvolte cancer de prostata, a descoperit un studiu realizat de cercetatori australieni.
3209	4.0	Meteorologii au spus ca s-ar putea sa emita avertismente pentru Cuba joi spre seara.	Precautii sau avertismente ar putea fi emise pentru estul Cubei joi spre seara.
3210	3.0	Siitii reprezinta 20% din populatia tarii.	Sunnitii reprezinta 77% din populatia pakistaneza, iar siitii 20%.
3211	3.4	CWA, care reprezinta peste 2.300 de angajati ai Comcast, a numit acest lucru excesiv atunci cand un angajat tipic al sindicatului castiga aproximativ 27.000 de dolari pe an.	Sindicatul Muncitorilor in Comunicatii, care reprezinta mai mult de 2.300 de angajati ai Comcast, a numit pachetul de remunerare a executivului excesiv atunci cand un angajat tipic al sindicatului castiga aproximativ 27.000 de dolari anual.
3212	3.8	Grupul de consumatori a generat un profit de 4,47 miliarde dolari si venituri de 20 miliarde dolari din ianuarie pana in iunie, 53% din profitul si veniturile Citigroup.	Acesta a generat profit de 4,47 miliarde de dolari si venituri de 20 de miliarde de dolari in prima jumatate a anului, 53 la suta din totalurile Citigroup.
3213	4.0	GALLOWAY TOWNSHIP, N.J. Annika Sorenstam a atras multimile, Michelle Wie a castigat publicitatea, dar Angela Stanford a obtinut prima victorie LPGA.	GALLOWAY TOWNSHIP, N.J. >> Annika Sorenstam si Michelle Wie au atras multimea, dar Angela Stanford a obtinut prima victorie LPGA.
3214	2.5	Cursele New York-Londra ale British Airways vor inceta in octombrie.	British Airways intentioneaza sa isi retraga cele sapte Concorduri la sfarsitul lunii octombrie.
3215	4.5	Noua politica acorda cea mai mare pondere notelor, scorurilor la teste si programei de invatamant liceal ale unui elev.	Rezultatele academice - inclusiv notele, scorurile testelor si programa scolara liceala - are cea mai mare prioritate.
3216	4.5	Noua versiune, W32 / Sobig.C-mm, ajunsese deja la stadiul de focar „de nivel inalt” pana luni, potrivit analistilor de securitate.	Analistii de securitate au declarat ca noua versiune, W32 / Sobig.C-mm, a atins deja starea de focar „de nivel inalt” pana la jumatatea dupa-amiezii, luni.
3217	3.6	Singura persoana care nu fusese luata in considerare duminica era un barbat din Fort Worth, Texas.	O alta persoana, un barbat din Fort Worth, Texas, a disparut, de asemenea.
3218	0.8	Indicele larg Standard & Poor's 500 <.SPX> a pierdut 11,91 puncte, sau 1,19 la suta, ajungand la 986,60.	Indicele compozit Nasdaq .IXIC, bazat de tehnologie, a scazut cu 16,68 puncte, sau 1,01 procente, la 1.636,94.
3219	4.091	Membrii AFTRA au aprobat fuziunea printr-un vot de 75,88% la 24,12%.	AFTRA, pe de alta parte, a aprobat fuziunea cu 75%.
3220	2.25	Moneda s-a depreciat usor luni, pentru a tranzactiona la 55,34 / 39, nu departe de minimul sau record de 55,75.	Moneda s-a depreciat luni dimineata, dar a revenit in tranzactionare la 55,25 / 29, putin schimbata fata de vineri.
3221	5.0	In timp ce alte parti ale Africii au fost utilizate ca terenuri de organizare a grupului terorist, Malawi nu fusese anterior un obiectiv major al investigatiilor asupra al-Qaida.	In timp ce alte parti ale Africii au fost folosite ca terenuri de organizare a Al Qaeda, Malawi nu fusese anterior un obiectiv major al investigatiilor asupra grupului.
3222	3.75	Duminica, un soldat american a fost ucis si un altul ranit in sudul Irakului, cand a explodat un depozit de munitii.	Duminica, un soldat american a fost ucis si un altul ranit atunci cand un depozit de munitii pe care il pazeau a explodat in sudul Irakului.
3223	3.667	„Sunt foarte incantat sa fiu parte din Cleveland Cavalier”, a spus James.	„Sunt foarte incantat sa merg la Cleveland”, a declarat James pentru ESPN.com.
3224	2.667	Potrivit oficialilor, persoana arestata era un cunoscut hacker sofisticat.	Potrivit oficialilor, individul a decriptat parolele de pe server.
3225	3.333	Cu exceptia acuzatiilor de litigiu, pierderea RIM s-a micsorat si mai mult la 1 cent pe actiune.	Cu exceptia litigiilor privind brevetele, pierderea RIM pentru trimestrul respectiv a fost de 700.000 dolari, sau 1 cent pe actiune.
3226	3.0	Indicele Standard & Poor's 500 .SPX a castigat 19,72 puncte, sau 1,98 la suta, pana la 1.015,69.	Media industriala Dow Jones .DJI a crescut cu 2,09 la suta, in timp ce indexul 500 Standard & Poor .SPX a sarit cu 2,23 la suta.
3227	3.444	De asemenea, va contribui la reforma Politiei Regale a Insulelor Solomon, va consolida sistemul judiciar si al inchisorilor si va proteja institutiile cheie, cum ar fi Ministerul Finantelor, de intimidare.	Forta de interventie va confisca arme, va reforma politia, va consolida instantele si sistemul penitenciar si va proteja institutiile cheie, cum ar fi Ministerul Finantelor.
3228	3.8	Domnul Alibek a spus: „Rezultatele noastre sunt foarte incurajatoare.”	„Rezultatele noastre sunt foarte incurajatoare”, a spus cercetatorul George Mason, Ken Alibek.
3229	3.6	Un juriu l-a condamnat pe rapperul C-Murder, cunoscut si sub numele de Corey Miller, pentru crima de gradul al doilea marti seara, in urma mortii prin impuscare a unui tanar de 16 ani intr-un club de noapte din parohia Jefferson.	Rapperul C-Murder a fost condamnat pentru crima de gradul al doilea, o crima care implica o condamnare automata pe viata, in urma mortii prin impuscare a unui tanar de 16 ani intr-un club de noapte din parohia Jefferson.
3230	5.0	Celelalte serii ale lui Wells includ ER si Third Watch de la NBC.	Printre celelalte serii ale lui Wells se numara „ER” si „Third Watch” de la NBC.
3231	3.0	Treizeci si trei dintre cei 42 de barbati fusesera arestati miercuri seara, a declarat Daniel Bogden, procuror american din Nevada.	Treizeci si patru dintre barbati au fost arestati si ceilalti sunt cautati, a declarat ieri procurorul american Daniel Bogden.
3232	3.4	Lance Armstrong, de cinci ori castigator al Turului Frantei si supravietuitor al cancerului, a oferit vineri cateva sfaturi pentru alti supravietuitori de cancer din Denver.	Lance Armstrong, de cinci ori castigator al Turului Frantei, este astazi la Denver pentru o intalnire legata de cancerul caruia i-a supravietuit.
3233	3.8	Ea traieste mai mult decat a trait el, la fel ca si cei patru copii ai lor - fiii Anthony si Kelly, fiicele Linda Hope si Nora Somers - si patru nepoti.	Sotia lui Hope inca traieste; fiii Anthony si Kelly; fiicele Linda si Nora Somers; si patru nepoti.
3234	3.6	Politia folosind spray cu ardei a arestat 12 persoane luni seara la un mars si la un miting de aproximativ 400 de activisti care protestau impotriva unui seminar de instruire anual al Unitatii de Informatii pentru Aplicarea Legii.	Politia a folosit spray cu piper si gloante de cauciuc pentru a imprastia marsul si mitingul din centrul orasului la care se protesta impotriva unui seminar anual de instruire a informatiilor politiei.
3235	3.6	Departamentul a ordonat o reducere de 18,2% pentru Allstate Texas Lloyds si o reducere de 12% pentru State Farm Lloyds.	Departamentul a ordonat o reducere de 12% pentru State Farm Lloyds, cel mai mare asigurator al statului, si o reducere de 18,2% pentru Allstate Texas Lloyds, al treilea ca marime.
3236	2.4	Actiunile Colgate au inchis luni la 56,30 dolari la bursa din New York.	Actiunile Colgate au scazut cu 30 de centi la 56 USD in tranzactiile de dimineata de pe bursa din New York.
3237	2.4	Mai multe impuscaturi s-au auzit in intuneric, dar un singur aligator fusese ucis pana la ora 23:00.	Cateva impuscaturi au sunat miercuri seara, dar niciun aligator nu a fost ucis atunci.
3238	0.889	Indicele larg Standard & Poor's 500 <.SPX> a fost cu 0,46 puncte mai mic, sau 0,05 la suta, la 997,02.	Indicele compozit Nasdaq .IXIC, bazat pe tehnologie, a crescut cu 7,42 puncte sau 0,45 la suta, la 1.653,44.
3239	4.75	Republicanii s-au angajat sa finalizeze un pachet de medicamente inclus in Medicare pana in august, apoi au extins termenul pana pe 17 octombrie si inca lucreaza la el.	Republicanii s-au angajat sa finalizeze un pachet de medicamente inclus in Medicare pana in august, apoi l-au extins pana pe 17 octombrie.
3240	3.5	Indicele, care masoara activitatea in sectorul serviciilor, a urcat luna trecuta la 50,7 de la 47,9 in martie.	ISM bazat in Arizona a raportat luni ca indicele sau neproductiv a crescut la 50,7 luna trecuta, de la 47,9 in martie.
3241	5.0	Bush intentioneaza sa se intalneasca miercuri cu primul ministru israelian Ariel Sharon si cu noul premier palestinian, Mahmoud Abbas, in portul iordanian Aqaba.	Miercurea viitoare, domnul Bush se va intalni cu premierul israelian Ariel Sharon si cu noul lider palestinian Mahmoud Abbas la Aqaba, Iordania.
3242	3.6	„Spre deosebire de multe alte firme de internet in stadiu incipient, se crede ca Google este profitabil.	Google, care este administrat in mod privat, este considerat ca fiind profitabil.
3243	3.0	Putem sa presupunem ca Senatul este pregatit sa adopte o forma de plafon, a spus King.	Putem sa presupunem ca Senatul este pregatit sa treaca o forma de plafon ... Nivelul acestuia va fi dezbatut.
3244	3.8	Si cand a fost intrebat daca a simtit regret sau vinovatie in legatura cu atacul, raspunsul sau a fost „nu”.	Intrebat daca a simtit vreun regret in legatura cu atacul din 12 octombrie, raspunsul a fost un „nu” ferm.
3245	3.0	Un alt mare castigator a fost Rambus Inc. (nasdaq: RMBS - stiri - oameni), care a inregistrat cu 32% mai mult.	Rambus Inc. (nasdaq: RMBS - stiri - oameni) a crescut cu 38%, devenind cel mai mare castig procentual din Nasdaq.
3246	1.8	Russ Britt este seful biroului din Los Angeles pentru CBS.MarketWatch.com.	Emily Church este sefa biroului londonez al CBS.MarketWatch.com.
3247	4.8	„Daca aprobi aceasta factura, Big Brother te va urmari”, a spus reprezentantul John Mabry, D-Waco.	„Daca adoptati aceasta factura”, le-a spus colegilor reprezentantul John Mabry Jr., D-Waco, „Fratele cel mare va va urmari”.
3248	3.8	Douglas Robinson, vicepresedinte senior al finantelor, va prelua functia de director financiar interimar.	Douglas Robinson, vicepresedinte senior al finantelor din CA, va ocupa functia intre timp.
3249	4.0	Mai multe state si guvernul federal au adoptat ulterior interdictii similare sau mai stricte.	Urmand exemplul Californiei, mai multe state si guvernul federal au adoptat interdictii similare sau mai dure.
3250	4.6	Totusi, el a mentionat ca Miami trebuie sa decida pana pe 30 iunie daca va solicita aderarea la ACC pentru urmatorul an scolar pentru a respecta instructiunile Big East.	Totusi, el a mentionat ca Miami trebuie sa decida daca va deveni membru A.C.C. pana pe 30 iunie pentru a respecta instructiunile Big East.
3251	4.8	Veniturile pentru „The Hulk” sunt cu mult sub cele ale adaptarii Marvel Comics de luna trecuta, „X2: X-Men United”, care a incasat 85,6 milioane de dolari in weekendul de deschidere.	Hulk a fost in urma adaptarii Marvel Comics de luna trecuta, X2: X-Men United, care a incasat 85,6 milioane de dolari in weekendul de deschidere.
3252	2.0	Actiunile EchoStar din Littleton, Colorado, au crescut cu 1,63 dolari, sau 5,3 la suta, la 32,26 dolari la 10:55 a.m.	Luni, actiunile EchoStar (DISH: stiri, grafic, profil) au scazut cu 1,40 USD, sau 4,4%, la 30,63 USD.
3253	3.2	Semnaturile valabile a 897.158 de alegatori din California trebuie colectate si transmise oficialilor electorali ai comitatului pana pe 2 septembrie.	Pentru a forta o retragere a mandatului lui Davis, semnaturile valabile ale 897.158 de votanti inregistrati in California trebuie sa fie predate oficialilor electorali.
3254	2.2	Nota de referinta de 10 ani US10YT = RR a pierdut 11/32 din pret, ducandu-si randamentul la 3,21 la suta de la 3,17 la suta tarziu luni.	Mai departe de curba, nota de referinta de 10 ani US10YT = RR a scazut cu 18/32 din pret, ducandu-si randamentul la 3,24 la suta de la 3,17 la suta.
3255	4.0	MDC a convocat greva pentru al forta pe domnul Mugabe fie sa demisioneze, fie sa negocieze o solutionare a crizei din Zimbabwe.	MDC a organizat protestul de o saptamana pentru a-l indemna pe Mugabe fie sa demisioneze, fie sa negocieze o solutionare a crizei care cuprinde tara.
3256	1.2	Veniturile au crescut cu 3,9 la suta, la 1,63 miliarde de dolari, de la 1,57 miliarde de dolari.	Compania din McLean, Virginia, a declarat ca veniturile din ziare au crescut cu 5%, pana la 1,46 miliarde de dolari.
3257	4.0	In ianuarie 2000, notebook-urile au reprezentat mai putin de 25% din volumul vanzarilor.	Aceasta se compara cu ianuarie 2000, cand laptopurile reprezentau mai putin de 25% din volumul vanzarilor, a spus NPD.
3258	3.0	Argentinianul Guillermo Coria si olandezul Martin Verkerk sunt in cealalta jumatate.	Cealalta semifinala dintre Guillermo Coria din Argentina si Martin Verkerk din Olanda este de asemenea de urmarit.
3259	2.8	- Ce pot sa va spun? a spus unei multimi adunate intr-un cimitir cu o mie de pietre funerare, multe dintre ele marcand mormintele unor familii intregi.	Domnul Powell a spus unei multimi adunate intr-un cimitir cu o mie de pietre funerare, multe dintre ei marcand mormintele unor familii intregi.
3260	4.4	Ea avea o singura conditie, cartea sa nu fie publicata pana la moartea ei.	Ea a insistat, insa, ca aceasta sa nu fie publicata decat dupa moartea ei.
3261	2.6	Descoperirile sunt publicate in editia din 6 noiembrie a revistei Nature.	Ambele studii sunt publicate joi in revista Nature, jurnalul stiintific britanic.
3262	1.4	Venitul mediu al gospodariilor a scazut cu 1,1 la suta intre 2001 si 2002 la 42 409 dolari, dupa ce s-a luat in considerare inflatia.	Acelasi sondaj a constatat ca venitul mediu al gospodariilor a crescut cu 51 USD, luand in considerare inflatia, la 43 057 USD.
3263	3.2	Liderii SUA si europeni s-au angajat miercuri sa colaboreze pentru a impiedica Iranul sa dezvolte arme nucleare, prezentand un front unit dupa luni de certuri asupra Irakului.	Bush a declarat ca liderii SUA si ai Uniunii Europene, in cadrul unui summit anual de la Washington, au fost de acord cu necesitatea de a impiedica Iranul sa dezvolte arme nucleare.
3264	3.0	A parasit armata pentru Siria unde a primit pregatire religioasa.	S-a mutat in Siria, unde a urmat o pregatire religioasa suplimentara in credintele islamice traditionale.
3265	3.273	Sedinta era programata sa se incheie miercuri seara, participantii aproband rezolutii care exprima punctul de vedere al confesiunii asupra problemelor, dar care nu sunt obligatorii pentru biserici.	Miercuri, participantii vor vota rezolutii care exprima punctul de vedere baptist din sud cu privire la probleme, dar care nu sunt obligatorii pentru bisericile individuale.
3266	4.0	Dar performanta studentilor din diferite subgrupuri a etichetat statul ca fiind deficitar in conformitate cu legea federala „Niciun copil nu ramane in urma”.	Dar performanta studentilor din diferite subgrupuri, cum ar fi cele rasiale, a impins statul pe lista de celor ce necesita o imbunatatire in temeiul Legii federale denumita Niciun copil nu ramane in urma.
3267	3.25	Acest lucru a dus la recuperarea altarului Cancuen de 270 de kilograme, au anuntat miercuri de Universitatea Vanderbilt din Nashville si de National Geographic Society.	Acest lucru a dus luna trecuta la recuperarea altarului Cancun de 600 de livre, au anuntat miercuri Universitatea Vanderbilt din Nashville si National Geographic Society.
3268	3.5	Intr-o lovitura nu prea subtila catre Dean, el a prezis ca americanii nu vor alege un democrat „care trambiteaza nesigur in aceste vremuri periculoase”.	"Ei nu vor alege ca presedinte un democrat care sa trambiteze nesigur in aceste vremuri periculoase ""."
3269	1.75	Raportul prognozeaza ca vor fi 71.079 de puncte de acces la nivel mondial in acest an, in crestere de la doar 14.752 in 2002 si 1.214 in 2001.	Raportul sustine, de asemenea, ca vor fi pana la 9,3 milioane de vizitatori in punctele de acces in acest an, din nou fata de cei 2,5 milioane din 2002.
3270	2.7	Un nou studiu, realizat in Europa, a constatat ca medicamentul a functionat la fel de bine ca intr-un studiu disputat anterior, sponsorizat de ImClone Systems.	Medicii au concluzionat ca Erbitux, medicamentul impotriva cancerului care a bagat ImClone Systems intr-un scandal de tranzactii privilegiate, a functionat la fel de bine precum a reiesit din studiul anterior finantat de companie.
3271	3.75	Avocatul ei, Donald Levine, a declarat pentru The Telegraph ca i s-au oferit 250.000 USD pentru a-si spune povestea exclusiv televiziunii australiene.	Domnul Levine a spus ca i s-au oferit 400.000 de dolari pentru a-si spune povestea unei retele de televiziune australiene.
3272	3.75	Perry a chemat parlamentarii in doua sesiuni speciale pentru a aborda redistribuirea congresului.	De atunci, Perry a convocat doua sesiuni legislative speciale pentru a incerca sa forteze planul de redistribuire.
3273	4.0	Oficialii AirTran si un oficial Boeing au refuzat sa comenteze ieri.	Trish York, o purtatoare de cuvant a Boeing, a refuzat sa comenteze afacerea.
3274	4.2	Procesul il numeste pe Shelley, un democrat si registratorii din judetele Los Angeles, Orange si San Diego.	Procesul i-a numit pe secretarul de stat Kevin Shelley, democrat, si pe registratorii alegatorilor din comitatele Los Angeles, Orange si San Diego.
3275	3.75	Negociatorii au declarat vineri ca au facut progrese semnificative in timpul celei mai recente runde de discutii privind crearea unui acord de liber schimb cu America Centrala.	Negociatorii au declarat vineri ca au facut progrese in timpul celei mai recente runde de negocieri de liber schimb intre Statele Unite si cinci tari din America Centrala, desfasurata saptamana aceasta la Houston.
3276	3.8	„Este foarte dificil sa faci imprumuturi sindicalizate mari in Japonia”, unde exista o lipsa de expertiza, spune un bancher.	„Este foarte dificil sa faci imprumuturi sindicalizate mari in Japonia”, spune un bancher.
3277	4.4	Cazul vine din Illinois si implica o companie cu scop lucrativ numita Telemarketing Associates Inc.	Cazul decis luni s-a concentrat in jurul unui agent de strangere de fonduri din Illinois, Telemarketing Associates.
3278	4.6	El a indemnat Congresul sa „imi trimita proiectul de lege final cat mai curand posibil, astfel incat sa il pot semna ca lege”.	„Indemn Congresul sa rezolve rapid orice diferende si sa-mi trimita proiectul de lege final cat mai curand posibil, astfel incat sa-l pot semna ca lege”, a spus el.
3279	1.667	Domnul Pingeon este director de litigii pentru Massachusetts Correctional Legal Services, un grup ce militeaza pentru drepturile detinutilor.	Pingeon a declarat ca un avocat al organizatiei sale, Massachusetts Correctional Legal Services, l-a intervievat pe Assan marti.
3280	4.0	Yee este absolvent din 1990 al Academiei Militare SUA din West Point, New York.	Yee a crescut in Statele Unite si a absolvit Academia Militara SUA la West Point.
3281	4.333	PNC regreta implicarea sa in tranzactii, a declarat presedintele si directorul executiv James Rohr intr-o declaratie.	James Rohr, presedinte si director executiv, a declarat ca PNC regreta incidentul.
3282	3.0	CCAG l-a sustinut pe Bill Curry, adversarul lui Rowland la alegerile guvernamentale din 2002.	Grupul dlui Swan l-a sustinut pe adversarul democratic al guvernatorului, Bill Curry, la alegerile din 2002.
3283	3.5	Ulterior, s-au indepartat si au sustinut o serie de militii congoleze rivale in ultimii ani.	Cele doua tari invadatoare s-au indepartat si, de atunci, au sustinut factiuni rivale.
3284	2.0	Un altul a declarat ca membrii sai vor continua sa apeleze cele peste 50 de milioane de numere de telefon de pe lista Comisiei federale pentru comert.	Intre timp, Asociatia de marketing direct a declarat ca membrii sai nu ar trebui sa apeleze cele aproape 51 de milioane de numere de pe lista.
3285	3.75	Animatorul veteran Bob Hope sarbatoreste joi 100 de ani - si multi ani in showbusiness -.	Hollywoodul si lumea se pregatesc sa sarbatoreasca joi cea de-a 100-a aniversare a legendarului animator Bob Hope.
3286	1.8	Problemele de prabusire au depasit numarul de avansanti de aproape 2 la 1 pe bursa din New York.	Avansatorii au depasit numarul declinatorilor cu aproape 8-3 pe NYSE si peste 11-5 pe Nasdaq.
3287	2.667	Un aerodrom plutitor cu o punte de zbor care acopera 4,5 acri, constructia navei a durat aproximativ cinci ani.	Reagan, un aerodrom plutitor cu o punte de zbor care acopera 4,5 acri, este al noualea transportator de clasa Nimitz construit la santierul naval Newport News.
3288	3.8	Sunt foarte mandru de cetatenii acestui stat, a spus guvernatorul John Baldacci, un dusman al cazinourilor.	Sunt foarte mandru de cetatenii acestui stat, a declarat guvernatorul John Baldacci dupa ce voturile de la referendumul de marti au fost numarate.
3289	2.2	De asemenea, o colega de munca ranita a fost internata in spital si a fost declarata ca fiind in stare buna.	O femeie a fost declarata ca fiind in stare buna la campusul Memorial HealthPark, a spus el.
3290	4.333	Victima altercatiei armate a fost dusa la Centrul Spitalului Judetean Kings, unde a murit ulterior, au spus politistii.	Victima, care nu a fost identificata, a fost dusa la Spitalul Judetean Kings, unde a fost declarata moarta.
3291	2.333	Au raportat simptome de febra, dureri de cap, eruptii cutanate si dureri musculare.	Simptomele includ un gat rigid, febra, cefalee si sensibilitate la lumina.
3292	3.25	„Am devenit total straini”, il citeaza Klein.	„Am devenit ca niste totali straini”, i-a spus John unui prieten cu doua zile inainte de moartea sa.
3293	2.25	Davey a absolvit sambata la Northwest College, care este afiliata la Adunarile lui Dumnezeu, cu o diploma de licenta in arta religiei si filozofie.	Davey a inceput sa frecventeze Northwest College, care este afiliat la Adunarile lui Dumnezeu, in 1999, cu planuri de a deveni preot.
3294	0.75	Indicele compozit Nasdaq .IXIC, bazat pe tehnologie, a scazut cu 23,54 puncte, sau 1,42 la suta, la 1.630,08.	Indicele larg Standard & Poor's 500. SPX a cedat 11,91 puncte, sau 1,19 la suta, la 986,60.
3295	4.0	„A fost un test final inainte de a livra racheta catre fortele armate.	Radioul de stat a declarat ca a fost ultimul test inainte ca racheta sa fie livrata fortelor armate.
3296	3.5	Retragerea dvs. din tara noastra este inevitabila, indiferent daca se intampla astazi sau maine, iar maine va veni in curand.	„Retragerea dvs. din tara noastra este inevitabila, indiferent daca se intampla astazi sau maine”, a adaugat vocea, care a semnat, data fiind „jumatatea lunii septembrie”.
3297	3.75	Potrivit unui comunicat de presa trimis de Fundatia Terry Schindler-Schiavo, vorbitorul din Florida, Johnnie Byrd, va prezenta „Terri’s Bill” in cadrul sesiunii speciale de luni.	Presedintele Camerei din Florida, Johnnie Byrd, este asteptat sa introduca „Terri’s Bill” in timpul unei sesiuni speciale de o zi a legislaturii de stat care se desfasoara astazi la Tallahassee.
3298	3.75	De asemenea, companiile din Utah se ofera voluntare pentru a afisa alerte Amber pe panourile lor.	Alte companii se ofera voluntar pentru a pune alertele pe afisele lor electronice si pe panourile publicitare.
3299	4.25	Multumita cresterii euro fata de moneda japoneza, dolarul era la 117,24 yeni, cu mult peste minimul de peste 10 luni de 116 yeni.	Cresterea monedei euro fata de yen si speculatiile privind interventia japoneza au ajutat firma dolarului sa ajunga la 117,25 yeni, cu mult peste valoarea minima de 10 luni de 116 yeni lovita joi.
3300	4.0	Actiunile rusesti au scazut dupa arestarea de sambata trecuta a lui Mihail Khodorkovsky, director executiv al Yukos Oil, sub acuzatia de frauda si evaziune fiscala.	Arestarea la sfarsit de saptamana a celui mai bogat om din Rusia, Mihail Khodorkovsky, director executiv al principalului companii petroliere YUKOS, sub acuzatia de frauda si evaziune fiscala, a deranjat pietele financiare.
3301	0.75	Pentru anul acesta, se asteapta la vanzari de 94 de milioane de dolari si un profit de 26 de centi pe actiune din operatiuni continue.	Aceasta este o crestere fata de prognoza anterioara de 22,5 milioane de dolari si 5 centi pe actiune.
3302	3.4	Dupa ce Hughes a refuzat sa-l angajeze din nou pe Hernandez, el s-a plans la Comisia pentru sanse egale de angajare.	Hernandez a depus o plangere la Comisia pentru oportunitati egale de angajare si a dat in judecata.
3303	2.6	Propunerea lui Dewhurst solicita incetarea brusca a controversatului plan „Robin Hood” pentru finantarea scolii.	Comitetul ar propune inlocuirea sistemului de finantare scolara „Robin Hood”.
3304	3.4	Altor tari si unor creditori privati le sunt datorate cel putin 80 de miliarde de dolari in plus.	Altor tari le sunt datorate cel putin 80 miliarde USD (108,52 miliarde USD).
3305	3.6	Telemarketerii care apeleaza numerele de pe lista dupa 1 octombrie s-ar putea confrunta cu amenzi de pana la 11.000 USD pe apel.	Conform legii, telemarketerii care apeleaza numerele de pe lista pot fi amendati cu pana la 11.000 USD pentru fiecare incalcare.
3306	5.0	El a explicat ca l-a intalnit pe Antetonitrus cand a venit la Wits in 2001 ca asistent de cercetare post-doctoral la Universitatea din Bristol, Anglia.	El a explicat ca l-a intalnit pe Antetronitrus cand a venit la Wits in 2001 in timp ce era asistent de cercetare post-doctoral la Universitatea Bristol din Marea Britanie.
3307	4.25	Air Canada, cea mai mare companie aeriana din Canada si numarul 11 ​​din lume, se afla sub protectia instantelor fata de creditori de la 1 aprilie.	Compania aeriana nr. 11 din lume, Air Canada se afla sub protectia instantelor impotriva creditorilor de la 1 aprilie.
3308	4.25	De asemenea, juriul l-a gasit pe Gonzales vinovat ca a folosit forta excesiva, dand cu spray de piper spre Olvera-Carrera.	Gonzales a fost gasit vinovat ca a folosit o forta excesiva prin pulverizarea lui Olvera cu spray de piper.
3309	3.25	Cadavrele unora dintre morti, scoase de sub tren, au fost asezate langa sine in timp ce serviciile de urgenta aduceau sicrie din lemn.	Cadavrele multor morti, trase de sub trenul partial deraiat, au fost asezate de sine in asteptarea identificarii.
3310	4.25	Garner a declarat ca autoproclamatul primar al Bagdadului, Mohammed Mohsen al-Zubaidi, a fost eliberat in custodia coalitiei dupa doua zile .	Garner a declarat ca autoproclamatul primar din Bagdad, Mohammed Mohsen Zubaidi, a fost eliberat la la sfarsitul lunii aprilie dupa 48 de ore de detentie.
3311	3.75	„Directorii companiei Enron s-au angajat in fraude extinse si raspandite”, a declarat procurorul Samuel Buell pentru Associated Press.	Directorii companiei Enron s-au angajat in fraude extinse si raspandite pentru a manipula rezultatele castigurilor companiei, a spus Buell.
3312	4.333	Clientii care platesc taxa de intrare de 1.219 USD primesc SMS 2003 cu 10 licente de acces pentru dispozitive client.	Pretul de vanzare cu amanuntul pentru SMS 2003 cu 10 licente de acces pe dispozitive client este de 1.219 USD.
3313	3.909	Rezultatele sondajului popoarelor indigene din 2001, publicat ieri de Statistics Canada, sugereaza ca nivelul de trai s-a imbunatatit, dar este inca mai scazut pentru cei din afara rezervatiilor.	Sondajul din 2001 asupra popoarelor aborigene, publicat miercuri de Statistics Canada, afirma ca nivelul de trai s-a imbunatatit, dar ramane mai scazut pentru inuiti si pentru cei care isi parasesc rezervatiile adesea sarace.
3314	3.933	Recenta schimbare pe piata bursiera si o reducere a cererilor de somaj ar trebui sa mentina asteptarile consumatorilor la nivelurile actuale si ar putea semnala perioade economice mai favorabile	Recenta schimbare de pe piata bursiera si o diminuare a cererilor de somaj „ar putea semnala o perioada economica mai favorabila”, a spus ea.
3315	3.75	Daca tranzactionarea zilei nu a iesit cu nimic in evidenta, indicele Standard & Poor's 500 se pregatea sa inchida cea mai buna perioada de trei luni de la al patrulea trimestru al anului 1998.	Indicele bursier Standard & Poor's 500 a incheiat trimestrul in crestere cu 120 de puncte, cu o crestere de 14%, cea mai buna performanta pentru acea referinta de piata larga din 1998.
3316	4.25	ONA a declarat in mod explicit ca nu a primit informatii care sa indice ca reteaua terorista Jemaah Islamiyah intentioneaza sa organizeze o operatiune in Bali.	Dar in niciun moment ONA nu a primit informatii care sa indice ca Jemaah Islamiyah planuia sa organizeze o operatiune in Bali.
3317	4.25	Aceste rapoarte au fost respinse de ministrul de interne, printul Nayef.	Cu toate acestea, ministrul saudit de interne, printul Nayef, a negat rapoartele.
3318	3.5	Bryant a spus anterior ca drumetia a avut un impact mai mare asupra cererii decat se asteptau oficialii.	Directorul financiar Andy Bryant a declarat ca acea crestere a pretului a afectat mai mult decat se asteptau oficialii.
3319	3.25	Judecatorul Leroy Millette Jr. poate reduce pedeapsa cu inchisoarea pe viata fara eliberare conditionata atunci cand Muhammad va fi condamnat formal pe 12 februarie, dar judecatorii din Virginia iau rareori astfel de masuri.	Desi judecatorul poate reduce pedeapsa la inchisoare pe viata fara eliberare conditionata, expertii spun ca judecatorii din Virginia rareori profita de aceasta ocazie.
3320	3.0	O purtatoare de cuvant de la Strong Memorial Hospital a declarat ca Doud se afla intr-o stare satisfacatoare marti seara.	Un purtator de cuvant al Spitalului Strong Memorial a declarat ca Doud era in evaluare marti seara in camera de urgenta.
3321	3.8	Ray Brent Marsh, in varsta de 29 de ani, se confrunta cu mai multe acuzatii de frauda in serviciul de pompe funebre, facand declaratii false, abuzuri asupra unui cadavru si furt.	Ray Brent Marsh, in varsta de 29 de ani, se confrunta, de asemenea, cu acuzatii de abuz asupra unui cadavru si furt.
3322	3.4	Dupa aceea, presedintele colegiului, Paul Pribbenow i-a spus sa-si incheie discursul.	Dupa ce microfonul lui Hedges a fost deconectat pentru a doua oara, Pribbenow ia spus sa-si incheie discursul.
3323	3.857	Pentru perioada de 12 luni care se incheie pe 30 iunie, conexiunile de mare viteza instalate in case si companii au crescut cu 45%.	Pentru perioada anului care se incheie la 30 iunie 2003, conexiunile de mare viteza au crescut cu 45%.
3324	4.0	Scurta si tulburata cariera de baschet din Missouri a lui Ricky Clemons s-a incheiat.	Missouri l-a dat afara pe Ricky Clemons, incheindu-i cariera tulburata acolo.
3325	3.4	Oficialii militari americani spun ca suflul de aer creat de elicopter ar fi putut da jos bannerul.	Oficialii americani au declarat ca suflul de aer generat de elicopterul stationar a dat jos steagul din turn.
3326	3.0	Acordul care intra in vigoare in aceasta saptamana a fost incheiat la mai putin de doua luni dupa ce O'Malley a preluat conducerea celei de-a patra arhiepiscopii a natiunii.	Acordul de 85 de milioane de dolari a fost incheiat in septembrie, la mai putin de doua luni dupa ce arhiepiscopul Sean O'Malley a preluat functia de lider al celei de-a patra eparhii a natiunii.
3327	3.2	Capitoliul din SUA a fost evacuat ieri dupa ce autoritatile au detectat un material posibil periculos in subsolul aripii Senatului, a spus politia Capitoliului.	Politia Capitoliului SUA a evacuat Capitoliul ieri dupa ce un senzor a detectat un posibil pericol biologic in aripa Senatului, dar autoritatile au declarat ulterior ca este o alarma falsa.
3328	3.6	Fostul presedinte a sustinut, de asemenea, numeroase discursuri in 2002, fara a fi platit, a declarat purtatorul de cuvant al acestuia, Jim Kennedy.	Purtatorul de cuvant al acestuia, Jim Kennedy, a declarat ca fostul presedinte a sustinut, de asemenea, peste 70 de discursuri in 2002, fara plata.
3329	1.6	Indicele larg Standard & Poor's 500. SPX a scazut cu 0,04 puncte, sau 0 la suta, la 971,52.	Cei 500 de indici bursieri privitori la intelegerile economice date de Standard & Poor pentru luna iunie au scazut cu 2,60 puncte la 965,70, in timp ce intelegerile economice ale lui Nasdaq au scazut cu 7,50 puncte la 1.183,50.
3330	3.8	Supranumit Project Mad Hatter, desktopul bazat pe Linux este promovat de Sun ca o alternativa mai sigura si mai putin costisitoare la Windows.	Proiectat pentru a concura cu Microsoft Corp., Project Mad Hatter este pozitionat de Sun ca un sistem de operare alternativ mai ieftin si mai sigur pentru diversele oferte de desktop ale Microsoft.
3331	2.0	O figura cheie din schema de coruptie a fostului trezorier de stat Paul Silvester a fost acuzata miercuri ca si-a schimbat povestea despre presupusele relatii corupte ale lui Silvester cu o firma de investitii din Boston.	Un jucator cheie in schema de coruptie a fostului trezorier de stat Paul Silvester a marturisit marti despre mitele pe care Silvester le tranzactiona pentru afaceri de stat.
3332	3.6	„Misiunea sistemului CAPPS II a fost si va fi intotdeauna securitatea aviatiei”, a spus administratia, care face parte din Departamentul de Securitate Interna.	„Misiunea sistemului CAPPS II a fost si va fi intotdeauna securitatea aviatiei”, au spus ei.
3333	4.5	Hovan nu a vorbit, dar avocatul sau, John Speranza, a spus ca clientul sau „nu s-a trezit in acea zi” intentionand sa raneasca pe cineva.	Hovan „nu s-a trezit in acea zi” intentionand sa raneasca pe cineva, a declarat avocatul apararii John Speranza.
3334	4.0	„Credem ca nu este necesar sa avem o lupta divizorie de confirmare pentru o numire la Curtea Suprema”, a scris Daschle.	Credem ca nu este necesar sa avem o lupta de confirmare divizorie, a scris presedintele republican Daschle din Dakota de Sud.
3335	3.0	Yahoo reprezinta 159.354 dintre site-urile BSD, cu 152.054 de la NTT / Verio si 129.378 de la Infospace, a constatat sondajul.	Alte 152.054 provin de la compania de servicii IP NTT / Verio si 129.378 de la InfoSpace, a constatat sondajul.
3336	3.769	In cea mai recenta redare la CNN, Teya Ryan renunta la postul de director general al programelor americane, a anuntat reteaua.	In cea mai recenta miscare a CNN de a revigora ratingurile, reteaua l-a destituit pe Teya Ryan, directorul general al programelor SUA.
3337	3.4	El este suspectat ca este o figura cheie in Jemaah Islamiyah, grupul terorist legat de Al-Qaeda, care a fost invinuit pentru atentate.	Samudra, in varsta de 32 de ani, este suspectat ca este o figura cheie in grupul terorist Jemaah Islamiyah, legat de al-Qaida, care a fost invinuit pentru bombardamente.
3338	1.8	Aproximativ 100 de pompieri se afla astazi in padure, a declarat seful pompierilor din Albuquerque, Robert Ortega.	Eram la cateva secunde distanta de a se intampla acest lucru, a spus seful pompierilor din Albuquerque, Robert Ortega.
3339	3.0	Problema a fost rezolvata, a declarat presedintele Marlins, David Samson, prin intermediul unui purtator de cuvant al clubului.	Marlinii au spus doar: „Problema a fost rezolvata”.
3340	3.0	Ministerul Sanatatii din China a declarat ca alte cinci persoane au murit de Sars si alte 159 au fost infectate.	Luni, China a declarat ca alte noua persoane au murit din cauza SARS si ca inca 160 au fost infectate cu virusul.
3341	4.25	Actiunile McDonald's au crescut cu 1,83 dolari, sau 8,3 la suta, pentru a se inchide la maximul zilei, de 23,89 dolari.	Actiunile McDonald's au crescut cu 1,83 dolari pentru a inchide vineri la 23,89 dolari la bursa din New York.
3342	4.0	El a spus ca FDA spera ca Congresul si instantele vor aduce claritate situatiei si o anumita usurare a poverii financiare pentru consumatori.	El a spus ca FDA spera ca Congresul si instantele vor aduce claritate situatiei si o anumita usurare a poverii financiare pentru consumatori - poate inainte de alegerile din 2004.
3343	4.0	Ernst & Young nu au recunoscut nicio actiune gresita in ceea ce priveste acordul.	Purtatorul de cuvant al Ernst & Young, Kenneth Kerrigan, a declarat ca firma nu admite nicio actiune gresita.
3344	3.625	Martorul, un insotitor de parcare kosovar in varsta de 27 de ani, condamnat penal pentru inselaciune, a fost platit 10.000 de News of the World.	Martorul a fost un insotitor de parcare kosovar in varsta de 27 de ani, care a fost platit de News of the World, potrivit instantei.
3345	3.5	Diferentele dintre Grassley si Thomas in ceea ce priveste energia si Medicare au devenit atat de evidente, incat alti membri spun ca relatia lor personala furioasa jeneaza partidul.	Diferentele lor in ceea ce priveste energia si Medicare au devenit atat de accentuate, incat alti membri spun ca este jenant pentru partid.
3346	3.2	El a ranit un paznic si apoi a fugit, injunghind doi trecatori in timp ce fugea de-a lungul promenadei.	Apoi a injunghiat doi trecatori in timp ce fugea de-a lungul unei promenade de langa Marea Mediterana.
3347	3.4	El si colegii sai au atribuit o parte a decalajului de comunicare medicilor care se simt presati de timp.	El a pus o parte din lipsa de comunicare pe seama medicilor care se simt presati de timp; pacientii au citat disconfort discutand probleme financiare.
3348	4.0	Politia de stat a declarat ca pana la 30 de muncitori au fost prinse in interior imediat dupa prabusirea garajului.	Pana la 30 de persoane se credea ca au fost prinse in interior initial, a spus politia de stat.
3349	4.8	LOS ANGELES - „The Hulk” a fost un monstru la box-office in weekendul sau de debut, obtinand un record pentru iunie de 62,6 milioane de dolari.	„The Hulk” a incasat 62,6 milioane de dolari la box-office, o deschidere monstru si un nou record pentru iunie.
3350	2.4	Felicitari pentru ca ati fost numita Persoana anului in revista Time.	Revista Time a numit soldatul american Persoana anului pentru 2003.
3351	3.2	Actul de acuzare a declarat ca a participat la intalniri importante pentru a planifica atacurile, a recrutat colegi atacatori si a coordonat operatiunea.	Samudra nu era prezent la Bangkok, potrivit acuzarii, dar a participat la o serie de intalniri inainte de atacuri, recrutand colegi atacatori si coordonand operatiunea.
3352	4.2	De asemenea, va oferi lui Microsoft posibilitatea de a comenta cu privire la ameliorarile propuse de Comisie.	Printre altele, Microsoft trebuie sa comenteze ameliorarile propuse in raspunsul sau.
3353	5.0	Texanii impovarati cu primele exorbitante pentru proprietarii de case ar putea da de liniste in cele din urma.	Se observa o ameliorare pentru texani, care sunt impovarati cu primele exorbitante pentru proprietarii de case.
3354	3.4	Sase democrati se lupta pentru a-l succeda pe Jacques si s-au calificat pentru primul scrutin din 3 februarie.	Sase democrati si doi republicani candideaza pentru locul ei si s-au calificat la scrutinul primar din 3 februarie.
3355	4.0	Halliburton a reiterat marti sustinerea ca KBR a „livrat combustibil Irakului la cea mai buna calitate, cel mai bun pret si cele mai bune conditii”.	Credem ca KBR a livrat combustibil in Irak la cea mai buna calitate, la cel mai bun pret si in cele mai bune conditii, a spus purtatorul de cuvant al Halliburton, Wendy Hall.
3356	3.333	Elecia Battle, din Cleveland, a declarat politistilor ca si-a scapat poseta cand a parasit Quick Shop Food Mart saptamana trecuta dupa ce a cumparat biletul.	Elecia Battle si-a scapat poseta dupa ce a cumparat biletul Mega Millions Lottery saptamana trecuta si crede ca biletul a fost luat de vant.
3357	3.2	Printre clienti se numara Mitsubishi, Siemens, DBTel, Dell, HP, Palm, Philips, Sharp si Sony.	Printre clientii MediaQ se numara principalii producatori de dispozitive portabile Mitsubishi, Siemens, Palm, Sharp, Philips, Dell si Sony.
3358	4.0	Cleveland Cavaliers a castigat dreptul de a-l recruta pe James castigand joi seara loteria anuala a NBA.	Asa a fost cazul si joi seara cand Cleveland Cavaliers a castigat „LeBron James Lottery”, cunoscuta si sub denumirea de loteria de recrutare NBA.
3359	3.8	Cercetatorii au descoperit ca muncitorii scunzi au auzul mai prost decat estimarile pentru varsta lor.	„Muncitorii scunzi aud mai prost decat se astepta pentru varsta lor - de trei ori mai frecvent decat muncitorii mai inalti”, scrie Barrenas.
3360	2.2	Domnul Colpin nu a specificat daca acest sistem se afla in centrul anchetei.	Nici OLAF, nici procurorii belgieni nu au precizat daca acest sistem a fost in centrul anchetei.
3361	3.75	Pana acum, vanzarile de PC-uri orientate spre divertisment au fost limitate la Statele Unite, Canada si Coreea.	Computerele sunt vandute in prezent in Canada, Statele Unite si Coreea.
3362	3.0	Ballmer a fost in trecut avertizat ca Linux este o amenintare pentru Microsoft.	In memo, Ballmer a reiterat amenintarea open-source pentru Microsoft.
3363	1.25	Indicele larg de 500 de actiuni Standard & Poor's a crescut cu 4,83 puncte sau 0,49% pana la 980,76.	Cei 500 de indici bursieri privitori la intelegerile economice date de Standard & Poor pentru luna iunie au scazut cu 4,40 puncte la 983,50, in timp ce intelegerile economice ale lui Nasdaq au scazut cu 6,5 puncte la 1.206,50.
3364	3.25	Talabani i-a spus ca Consiliul de guvernare va „avea nevoie de asistenta si consiliere ONU in implementarea noilor decizii care au fost luate”.	Talabani i-a spus ca liderii irakieni vor „avea nevoie de asistenta si sfaturi ale ONU in implementarea noilor decizii care au fost luate” privind organizarea unui guvern interimar irakian pana in iunie.
3365	3.333	Stanford (46-15) joaca astazi cu Carolina de Sud (44-20) intr-un joc din prima runda pe stadionul Rosenblatt din Omaha, Neb.	Stanford (46-15) joaca cu Carolina de Sud (44-20) vineri in jocul de deschidere al turneului cu dubla eliminare.
3366	2.0	Acelasi sondaj facut cu o luna in urma l-a dat pe Street inaintea lui Katz cu 42 la 34 la suta, si 21 la suta indecisi.	In urma cu o luna, in acelasi sondaj, Katz conducea 46 - 40%.
3367	3.0	Indicele larg Standard & Poor's 500 <.SPX> a avansat cu 11 puncte, sau 1,25 la suta, la 931.	Indicele Standard & Poor's 500 a castigat 10,89, sau 1,2%, pana la 931,12 incepand cu 12:01 p.m. in New York.
3368	3.667	Dar nu isi dau seama de asta pana nu este prea tarziu (bineinteles), deoarece sunt potentiale victime intr-un film de groaza.	Dar nu isi dau seama de asta pana nu este prea tarziu (bineinteles) pentru ca sunt potentiale victime.
3369	3.667	Arthur Benson, avocat al scolilor reclamantilor din caz, a declarat ca va face apel.	Un avocat pentru scolarii reclamanti a spus ca intentioneaza sa faca apel.
3370	4.333	Euro a scazut cu aproape patru procente de cand a atins varful record de aproximativ 1,1935 dolari saptamana trecuta si a atins un maxim istoric de 140,90 yeni la sfarsitul lunii mai.	Euro a scazut patru centi de cand a atins un varf de record de aproape 1,1935 dolari saptamana trecuta si a atins un record de 140,90 yeni la sfarsitul lunii mai.
3371	1.333	Pennsylvania, care are cel mai agresiv program de tratament, trateaza 548 din 8.030 detinuti.	Texas, care are de peste trei ori populatia detinutilor din Michigan, trateaza 328 din cei 16.298 de detinuti infectati.
3372	2.2	Compozitul Nasdaq bazat pe tehnologie a crescut cu 20,96 puncte pana la 1595,91 pentru a se incheia la cel mai inalt nivel timp de 12 luni.	Indicele compozit Nasdaq <.IXIC>, bazat pe tehnologie, a urcat cu 19,11 puncte, sau 1,2%, pana la 1.615,02.
3373	4.4	Cu functia Expose, toate ferestrele deschise se micsoreaza pentru a se incadra pe ecran, dar sunt inca suficient de clare pentru a le identifica.	Cu functia Expose (ex-poh-SAY), toate ferestrele deschise de pe desktop se micsoreaza imediat pentru a se incadra pe ecran, dar sunt inca suficient de clare pentru identificare.
3374	3.4	In schimb, procurorii au respins acuzatiile, iar Rucker a parasit sala de judecata un om liber.	In schimb, a parasit sala de judecata un om liber dupa ce autoritatile au respins acuzatiile penale.
3375	4.2	„Acest caz a fost atat provocator din punct de vedere mental, cat si epuizant din punct de vedere emotional”, a spus presedintele juriului, Jim Wolfcale, un preot in varsta de 41 de ani.	Jim Wolfcale, presedintele juriului si preot, a spus: „Acest caz a fost atat provocator psihic, cat si epuizant din punct de vedere emotional”.
3376	3.0	El ajunge la sfarsitul acestei saptamani la prima vizita de stat a unui presedinte american.	Domnul Bush ajunge marti la prima vizita de stat a unui presedinte american.
3377	3.4	Acordul, aprobat de consiliul de administratie al ambelor companii, este de asteptat sa fie finalizat in a treia parte a celui de-al treilea trimestru fiscal al Nvidia.	Achizitia a fost aprobata de consiliul de administratie al ambelor companii si se asteapta sa se inchida in al treilea trimestru al acestui an.
3378	2.75	Mixul volatil ar putea prelungi sesiunea dincolo de cele patru zile alocate de Bush, a declarat presedintele Senatului, Jim King.	Senatul ar putea sprijini limitarea daunelor neeconomice dincolo de 250.000 de dolari propusa de guvernatorul Jeb Bush, a declarat presedintele Senatului, Jim King.
3379	4.0	Peste 100 de ofiteri de politie au fost implicati in raziile care au fost punctul culminant al unei operatiuni de doi ani care investiga banda importatoare de cocaina si spalarea banilor.	Peste 100 de ofiteri au lansat raidurile de la Londra in faza finala a unei operatiuni de doi ani care investigheaza un grup infractional de cocaina si spalare de bani.
3380	1.0	Eliminand elementele extraordinare, castigurile din trimestrul IV au fost de 64 de centi pe actiune, comparativ cu 25 de centi pe actiune in anul precedent.	Castigurile au fost de 59 de centi pe actiune pentru cele trei luni incheiate pe 25 mai, comparativ cu 15 centi pe actiune cu un an in urma.
3381	4.25	Dar la 15 ani, ajunsese la 260 de livre si o decizie dificila: era timpul sa incerc o interventie chirurgicala.	Insa, la varsta de 15 ani, ea cantarea 117 kg si a ajuns la o decizie dificila: era timpul sa incerce operatia.
3382	3.5	Daca am putea face asta in intreaga lume, am putea pune capat terorismului, a spus el.	"Acesta este un spital care trateaza pe toata lumea ca pe oameni si, daca am putea face asta in intreaga lume, am putea pune capat terorismului ""."
3383	3.067	Daca este o prezentare Comdex a lui Bill Gates, inseamna ca e timpul pentru noile tablete PC.	Daca este duminica seara inainte de Comdex, trebuie sa fie timpul pentru inca o prezentare a lui Bill Gates.
3384	3.25	Potrivit rapoartelor, Knight ar fi lovit cu pumnul un angajat al parcarii in fata unui club de noapte din Los Angeles.	El a fost arestat saptamana trecuta pentru ca l-ar fi lovit cu pumnul pe un angajat al parcarii in fata unui club de noapte din Los Angeles.
3385	3.75	Printre cei care asteptau un rand a fost Jodie Singer, o eleva din clasa a sasea din Washington, D.C.	Jodie Singer, o eleva din clasa a sasea din Washington, D.C., si-a asteptat cu nerabdare randul la microfon.
3386	2.25	Dar societatea pentru cancer a declarat ca studiul sau a fost folosit in mod gresit.	Societatea Americana a Cancerului si mai multi oameni de stiinta au spus ca studiul este eronat in mai multe moduri.
3387	2.5	Ambii sunt retinuti in inchisoarea comitatului Armstrong.	Tatarul a fost detinut fara cautiune in inchisoarea comitatului Armstrong.
3388	3.75	Cativa kilometri mai la est se afla Tehuacan, unde s-ar putea ca porumbul sa fi fost domesticit pentru prima data acum 4000 de ani.	La cativa kilometri vest se afla piramidele din Teotihuacan, unde s-ar putea ca porumbul sa fi fost domesticit pentru prima data acum 4000 de ani.
3389	3.25	Confuzia a incheiat o saptamana tumultuoasa pentru lista, care este destinata blocarii a aproximativ 80% din apelurile de telemarketing.	Serviciul gratuit a fost initial destinat blocarii a aproximativ 80% din apelurile de telemarketer.
3390	4.0	Dorinta noastra este sa realizam o restructurare financiara in afara instantei si ramanem optimisti ca o putem face, a spus Marce Fuller, director executiv.	Dorinta noastra este sa realizam o restructurare financiara in afara instantei, a declarat CEO-ul Mirant, Marce Fuller, intr-o declaratie pregatita vineri dimineata.
3391	3.444	Numiti in plangere erau fostii directori executivi Paul A. Allaire si G. Richard Thoman si fostul director financiar Barry D. Romeril.	Directorii executivi amendati au fost fostii directori executivi sefi Paul A. Allaire si G. Richard Thoman, precum si fostul director financiar Barry Romeril.
3392	4.6	Chera Larkins, in varsta de 32 de ani, din Manhattan, acuzata de trei casatorii simulate, este, de asemenea, acuzata de marturie mincinoasa si depunere a unei instrumentatii false.	Chera Larkins, in varsta de 32 de ani, din Manhattan, a fost acuzata de marturie mincinoasa si depunere a unei instrumentatii false in trei cereri de casatorie.
3393	2.8	S-a estimat joi ca are o cota de piata de 51% in Europa.	Boston Scientific a declarat ca a castigat 51% din piata stenturilor captusite din Europa.
3394	4.8	Comitetul bancar al Senatului este programat sa organizeze o sedinta marti, unde Donaldson este programat sa depuna marturie cu privire la fondurile speculative si mutuale.	Comitetul bancar al Senatului este programat sa organizeze o audiere marti, cand Donaldson va fi chestionat cu privire la speculatii si fonduri mutuale.
3395	0.6	Indicele compozit Nasdaq .IXIC, preponderent tehnologic, a scazut cu 0,11 la suta, sau 1,78 puncte, la 1,594,13.	Indicele larg Standard & Poor's 500. SPX a scazut cu 0,04 puncte, sau 0 la suta, la 971,52.
3396	2.75	Domnul Morse este acuzat de agresiune, iar domnul Darvish este acuzat de completarea unui raport fals.	Partenerul sau Bijan Darvish este acuzat ca a completat un raport fals.
3397	3.25	A treia numire a fost pentru un nou loc de munca, vicepresedinte executiv si ofiter sef.	Bruce N. Hawthorne, in varsta de 53 de ani, a fost numit vicepresedinte executiv si ofiter principal.
3398	1.5	Analistii se asteptau la o pierdere neta de 54 de centi pe actiune, potrivit Thomson First Call.	Analistii au prognozat vanzari in al doilea trimestru de 614 milioane de dolari, potrivit site-ului web Thomson First Call.
3399	3.0	De asemenea, districtul a trimis ieri scrisori prin care ii informa pe parinti despre situatie.	Parintii au primit ieri scrisori prin care ii informau despre posibila contaminare.
3400	3.8	Richard Grasso a renuntat la functia de presedinte saptamana trecuta, dupa ce a pierdut sprijinul consiliului sau de administratie pe fondul furorii publice fata de pachetul sau salarial de 140 de milioane de dolari.	Grasso a renuntat saptamana trecuta ca urmare a unei furtuni de critici asupra pachetului sau de compensatii salariale de 140 de milioane de dolari.
3401	4.308	Noile servere vor rula fie Linux, fie versiunea x86 a Solaris, a spus el.	Serverele pot rula sistemul de operare Solaris x86 sau sistemul de operare Linux standard.
3402	3.4	Alunecand pe gheata, Moriarty si Carella au lovit albia spongioasa si stancoasa a raului si au simtit imediat curentul.	Alunecand pe terasament, cei doi salvatori au lovit albia spongioasa si stancoasa a raului si au simtit imediat curentul.
3403	3.2	Cadbury Schweppes intentioneaza sa reduca 5500 de locuri de munca si sa inchida fabricile dupa o achizitie de 4,9 miliarde de dolari (11,9 miliarde de dolari SUA) in ultimii trei ani costuri umflate.	Cadbury Schweppes a dezvaluit planuri de reducere a 5.500 de locuri de munca si a 20% din fabricile sale pe parcursul a patru ani, pentru a reduce costurile provocate de o achizitie.
3404	3.5	Domnul Sweeney a prezentat planurile pentru campanie intr-un discurs de aseara din Philadelphia din cadrul reuniunii anuale a Asociatiei Americane de Stiinte Politice.	Sweeney trebuia sa prezinte planurile campaniei intr-un discurs sambata seara la reuniunea anuala a Asociatiei Americane de Stiinte Politice.
3405	3.75	"Parea un incident izolat "", a declarat Ariel Dean din Washington D.C., care a obtinut o diploma in stiinte politice."	"Parea un incident izolat "", a declarat absolventul Ariel Dean din Washington, D.C."
3406	1.75	Juriul a acordat TVT circa 23 milioane dolari despagubiri compensatorii si aproximativ 108 milioane dolari daune punitive.	TVT Records a solicitat daune punitive de 360 ​​de milioane de dolari si daune compensatorii de 30 de milioane de dolari, au spus oficialii.
3407	1.25	TVT Records a solicitat daune punitive de 360 ​​de milioane de dolari si daune compensatorii de 30 de milioane de dolari, au spus oficialii.	Pagubele au inclus 24 milioane USD in daune compensatorii si 52 milioane USD in daune punitive pentru IDJ.
3408	3.4	Cei doi democrati din grupul de cinci membri FCC au tinut o conferinta de presa pentru a influenta opinia impotriva lui Powell.	Cei doi democrati din cei cinci membri ai FCC au tinut o conferinta de presa pentru a influenta opinia impotriva lui Powell si a celorlalti doi republicani ai grupului.
3409	1.2	Volumele unitare stabilesc, de asemenea, un record, deoarece notebook-urile au reprezentat mai mult de 40% din vanzari.	In mai 2002, LCD-urile reprezentau doar 22% din vanzarile de monitoare.
3410	3.8	In afara de combaterea scaderii vanzarilor, Siebel s-a confruntat si cu unii investitori suparati pe reducerea optiunilor de gestionare a actiunilor pe care unii directori de companii le-au incasat.	In afara de o scadere a vanzarilor, Siebel se lupta cu unii actionari in ceea ce priveste reducerea optiunilor de gestionare a actiunilor.
3411	3.5	Stanford (51-17) si Rice (57-12) vor juca pentru campionatul national in aceasta seara.	Rice (57-12) si Stanford (51-17) se vor intalni intr-un meci decisiv luni la 18:05.
3412	3.5	Un rechizitoriu de 32 de puncte „loveste una dintre cele mai importante tinte din lumea traficului de droguri”, a declarat procurorul american Marcos Jimenez.	Noua acuzare a 32 de capete de actiune desigilata acuza spalare de bani si conspiratie si „loveste una dintre cele mai importante tinte din lumea traficului de droguri”, a spus Jiménez.
3413	2.0	Un soldat a fost ucis luni si un altul ranit cand convoiul lor a fost ambuscadat in nordul Irakului.	Duminica, un soldat american a fost ucis si un altul ranit atunci cand un deposit de munitie pe care il pazeau a explodat in sudul Irakului.
3414	2.0	O analiza a costurilor este in curs, a declarat Michael Rebell, directorul executiv al CFE.	„Nu cautam un remediu pentru Robin Hood”, a spus Michael Rebell, directorul executiv al campaniei.
3415	4.8	Mergeam pe teren crezand ca as putea face asta, doar daca jucam cel mai bun tenis.	„Credeam ca sunt increzator ca as putea face acest lucru, dar numai in cazul in care voi juca cel mai bun tenis al meu.
3416	3.8	Dotson le-a spus agentilor FBI ca l-a impuscat pe Dennehy dupa ce jucatorul a incercat sa-l impuste, conform declaratiei pe care s-a bazat mandatul de arestare.	Dotson a fost arestat pe 21 iulie dupa ce i-a spus agentilor FBI ca a impuscat-o pe Dennehy atunci cand Dennehy a incercat sa-l impuste, conform declaratiei din mandatul de arestare.
3417	4.6	Cainii, a spus el, reprezinta a doua categroie numai dupa cea a oamenilor in ceea ce priveste profunzimea intelegerii si cercetarii medicale.	El a spus ca cainii reprezinta a doua categroie numai dupa cea a oamenilor in ceea ce priveste profunzimea intelegerii si cercetarii medicale.
3418	1.4	Actiunea a crescut cu 2,11 dolari, sau aproximativ 11 la suta, pentru a inchide vineri la 21,51 dolari la bursa din New York.	Actiunile PG&E Corp. au crescut vineri 1,63 dolari sau 8% la 21,03 dolari la bursa din New York.
3419	3.6	Eric Gagne a reusit sa obtina a saptesprezecea incasare din tot atatea oportunitati in timp ce a eliminat trei in a noua si a permis doar o lovitura in teren data de Greg Norton.	Eric Gagne a reusit sa obtina a saptesprezecea incasare din tot atatea oportunitati in timp ce a eliminat trei din patru incercari pe care a trebuit sa le infrunte in a noua repriza.
3420	3.0	Guvernul lui Blair a inclus acuzatia conform careia Saddam a cautat uraniu de la Niger intr-un dosar din septembrie 2002, care pregatea cazul pentru actiuni militare.	Marea Britanie a inclus acuzatia intr-un dosar din septembrie 2002, care pregatea cazul pentru razboiul din Irak.
3421	1.6	Fara a lua in considerare preturile la energie, preturile cu amanuntul au scazut cu 0,9 la suta.	Preturile energiei au scazut cu 8,6%, cel mai mare declin din iulie 1986.
3422	4.0	Nava spatiala este programata sa decoleze chiar maine sau vineri seara de pe site-ul de lansare Jiuquan din desertul Gobi.	Nava spatiala este programata sa decoleze intre miercurea si vinerea viitoare de pe un site de lansare in desertul Gobi.
3423	2.4	Hong Kong a stagnat, Australia, Singapore si Coreea de Sud au pierdut 0,2-0,4%.	Australia a stagnat, Singapore a scazut cu 0,3 la suta pana la pranz si Coreea de Sud a adaugat 0,2 la suta.
3424	3.5	SUV-urile parcate pe strazile rezidentiale din Monrovia au fost etichetate cu „ELF” si alte lozinci, iar altul a fost incendiat in fata unei case, a spus sergentul Tom Wright.	Mai multe SUV-uri parcate pe strazile rezidentiale din Monrovia au fost etichetate cu „ELF” si alte lozinci, a spus sergentul Tom Wright.
3425	5.0	Sunt suspectate cel putin inca 11 cazuri in Indiana si trei in Illinois.	Exista, de asemenea, cel putin trei cazuri suspecte in Illinois si 11 in Indiana.
3426	5.0	Pilula, pe care o numesc „polipilula”, ar contine aspirina, un medicament care scade colesterolul, trei medicamente care scad tensiunea arteriala folosind jumatate din doza standard si acid folic.	Ingredientele unei astfel de polipilule ar contine aspirina, o statina care scade colesterolul, trei agenti care scad tensiunea arteriala cu jumatate de doza si acid folic.
3427	4.0	Ei circula cu masinile lor, in timp ce oamenii sunt ucisi la 500 de metri distanta, a spus el duminica.	„Ceea ce fac ei acum este sa conduca in masini, in timp ce oamenii sunt ucisi la 500 de metri distanta.
3428	3.0	In cadrul sedintei de sesizare de marti, Marsh a pledat nevinovat la 122 de acuzatii de frauda in serviciul de inmormantari si 47 de acuzatii de a face declaratii false.	La sedinta, el a pledat nevinovat pentru acuzatiile de frauda si declaratii false.
3429	1.333	Totusi, veniturile din primele suplimentare nu ar fi uriase.	Cum ar fi incasate primele suplimentare?
3430	3.8	Semiconductorul gigant Intel Corp a declarat ieri ca profiturile sale din al doilea trimestru s-au dublat fata de acum un an, intrucat cererea care a fost mai puternica decat era de asteptat pentru microprocesoarele de computer a compensat slabiciunea afacerii sale cu cipuri de comunicatii.	Profiturile Intel Corp. in al doilea trimestru s-au dublat, iar veniturile au crescut cu 8% fata de acum un an, intrucat gigantul producator de cipuri a raportat o cerere mai mare decat se astepta pentru microprocesoare pentru computerele personale.
3431	3.0	Schroeder si-a anulat vacanta italiana dupa ce Stefani a refuzat sa-si ceara scuze pentru insulta, care a venit dupa ce Berlusconi a comparat un politician german cu un gardian al unui lagar de concentrare nazist.	Comentariile lui Stefani au starnit in continuare tensiuni dupa ce saptamana trecuta, premierul italian Silvio Berlusconi a comparat un membru german al Parlamentului European cu un gardian al unui lagar nazist.
3432	2.667	Software-ul OpenManage de la Dell include pachete de actualizare Dell cu SMS pentru a ajuta la automatizarea gestionarii hardware-ului serverului, a aplicatiilor si a patch-urilor sistemelor de operare cu un singur instrument.	Pachetele de actualizare ajuta la „automatizarea gestionarii hardware-ului serverului, aplicatiilor si patch-urilor sistemelor de operare folosind un singur instrument”, ceea ce este neplacut de vag.
3433	4.0	Va fi maturat in orice minut sau doar va muri de frig, se gandi Moriarty.	Din varful terasamentului, Moriarty s-a gandit: „Va fi maturat in orice minut sau doar va muri de frig”.
3434	3.0	Ja'neh al LURD a cerut, de asemenea, un guvern interimar si desfasurarea unei forte occidentale de mentinere a pacii conduse de SUA.	Rebelii cer, de asemenea, desfasurarea unei forte de mentinere a pacii conduse de SUA.
3435	4.0	Purtatorul de cuvant al KEDO, Roland Tricot, a declarat: „Comitetul executiv a decis sa trimita aceasta intrebare capitalelor.	Comitetul executiv a decis sa trimita acest lucru catre capitale, a declarat Organizatia Coreeana pentru Dezvoltarea Energiei.
3436	2.75	Obligatiunile de stat la 10 ani de la Trezoreria de referinta au pierdut 17/32, generand 4,015 la suta.	Nota de referinta pe 10 ani a scazut recent cu 17/32, pentru a produce 4.067 la suta.
3437	4.0	Procurorii au discutat in mai si au cerut ca rapoartele de autopsie sa fie desigilate dupa ce parti din raportul de autopsie al lui Conner Peterson favorabil apararii au fost difuzate in mass-media.	Au cerut ca rapoartele de autopsie sa fie desigilate dupa ce parti din raportul de autopsie asupra fiului nenascut al lui Peterson, care erau favorabile apararii, au fost difuzate in mass-media.
3438	1.5	Volumul a fost moderat la 827,68 milioane de actiuni, in crestere fata de cele 798,95 milioane la acelasi moment marti.	Volumul a ajuns la 439,66 milioane de actiuni, sub valoarea de 450,39 milioane din acelasi moment miercuri.
3439	3.75	Actiunile Penn Traffic s-au inchis miercuri la 36 de centi pe actiune pe Nasdaq, in crestere cu doi centi.	Stocul Penn Traffic s-a inchis miercuri la 36 de centi, in crestere cu 2 centi sau 6,2 la suta, de la inchiderea de marti.
3440	2.75	Legislatia puternic contestata care ar schimba legea statului privind preluarea si ar ajuta o companie de dezvoltare din Michigan sa se apere de o preluare a lamurit Senatul statului joi.	Legislatia care ar schimba legea de confiscare a statului si ar ajuta Taubman Centers Inc., cu sediul in Bloomfield Hills, sa respinga o preluare de 1 miliard de dolari a castigat aprobarea comisiei marti.
3441	4.0	Cu toate acestea, alte sindicate, inclusiv puternica CGT, au ramas in opozitia reformei si au cerut guvernului sa inceapa noi negocieri cu ei.	Cu toate acestea, puternicele CGT si alte sindicate au ramas contrare planurilor si au cerut guvernului sa renegocieze reforma cu acestea.
3442	1.5	Familia detine cluburile de striptease Cheetahs aici si in Las Vegas.	Perchezitiile au fost efectuate simultan cu raidurile asupra cluburilor de striptease din San Diego si Las Vegas.
3443	1.8	Noul proiect de lege ar acoperi 95% din costurile medicamentelor de peste 5.100 de dolari in baza Medicare.	Mai mult decat atat, persoanele in varsta ar fi responsabile pentru 100% din costurile medicamentelor pana cand suma ce trebuie scoasa din buzunar ar ajunge la 3.600 dolari.
3444	4.0	Cateva mii de trupe de infanterie a 3-a, inclusiv echipa de lupta a brigazii a 3-a cu sediul la Fort Benning din Columbus, au inceput sa se intoarca saptamana trecuta.	Cateva mii de soldati, majoritatea din echipa de lupta a Brigazii a 3-a a diviziei cu sediul la Fort Benning din Columbus, au inceput sa se intoarca saptamana trecuta, zborurile continuand pana vineri.
3445	3.6	Se crede ca cainii de preerie vanduti ca animale de companie exotice au fost infectati intr-un magazin de animale de companie din Illinois de un sobolan gigant gambian importat din Africa.	Se crede ca cainii de la prerie s-au infectat intr-un magazin de animale de companie printr-un sobolan gambian importat din Africa.
3446	3.4	Apararea nu poate face apel la hotararea lui Roush decat dupa proces.	Avocatii apararii nu pot face recurs impotriva deciziei decat dupa proces, in instantele de apel.
3447	2.6	Comitetul a fost numit de secretarul apararii, Donald Rumsfeld, la ordinele Congresului.	Audierea publica este a doua pentru grupul creat de secretarul apararii Donald Rumsfeld sub presiunea Congresului.
3448	3.25	Fostul reprezentant al Indiana, Frank McCloskey, in varsta de 64 de ani, a murit duminica la Bloomington dupa o lupta cu cancerul la vezica urinara.	McCloskey a murit duminica dupa-amiaza in casa sa, dupa o lupta de un an cu cancerul la vezica urinara.
3449	3.75	Spitalele si Crucea Rosie au apelat ieri la donatorii de sange.	Asociatia Spitalului Connecticut s-a alaturat luni Crucii Rosii pentru a cere mai multi donatori de sange.
3450	4.0	Mexic doreste sa garanteze siguranta cetatenilor.	Mexic doreste sa evite mai multa violenta.
3451	4.2	Spania detine in prezent presedintia rotativa a OSCE.	Spania detine in prezent presedintia OSCE.
3452	4.2	tratatul a fost semnat pentru prima data in 1990.	tratatul CFE a fost semnat in 1990.
3453	3.2	Gorgich si Pashtoon au fost executati in inchisoare.	Gorgich si Pashtoon au fost executati pentru trafic de heroina in provincia Sistan-Baluchestan.
3454	0.6	Safe Bourada a fost condamnat la 15 ani de inchisoare.	Djamel Badaoui a fost condamnat la cinci ani.
3455	3.6	Santos a declarat ca materialul radioactiv este baza principala pentru generarea armelor brute de distrugere in masa si terorism.	uraniul este un material radioactiv, care este baza principala pentru generarea armelor murdare de distrugere in masa si terorism.
3456	3.6	fulvio berghella a declarat ca viermele digital numit SQ Hell a fost deosebit de virulent si s-a reprodus cu o rata de 8000 de ori pe ora.	Fulvio Berghella a afirmat ca viermele digital numit sq hell are o capacitate foarte mare de a se replica si viermele digital numit sq hell incetineste reteaua de calculatoare poste italiane si face unele computere inoperabile.
3457	2.0	Ingo Kober a declarat ca exista un interes mai mare pentru drepturile de proprietate intelectuala acum decat era in urma cu 20 sau 30 de ani.	Ingo Kober a declarat ca unele natiuni au drepturi de proprietate intelectuala mai puternice decat altele.
3458	4.4	Anchetatorii sustin ca compania britanica a fost o acoperire a CIA.	Anchetatorii rusi au afirmat ca compania britanica era o acoperire a CIA.
3459	1.4	Rusia si tarile membre ale NATO vor organiza intalniri in aceasta toamna cu privire la tratatul privind fortele conventionale din Europa (CFE).	parlamentul rus a votat in unanimitate suspendarea participarii Rusiei la tratatul privind fortele conventionale din Europa (CFE).
3460	4.6	Guvernul Statelor Unite si alti membri ai NATO au refuzat sa ratifice tratatul modificat pana cand oficialii din Moscova retrag trupele din fostele republici sovietice ale Moldovei si Georgiei.	Statele Unite si alti membri ai NATO au refuzat ratificarea tratatului modificat pana cand Rusia se retrage complet din Moldova si Georgia.
3461	2.0	Rusia nu va creste imediat forta militara de-a lungul frontierelor rusesti.	Rusia nu ar ezita sa creasca forta militara de-a lungul frontierelor rusesti, daca va fi nevoie.
3462	2.2	Centrul va fi operational in august 2008.	Centrul se va deschide oficial in 2009.
3463	3.8	politia braziliana inconjoara mahalalele la nord de Rio de Janeiro pentru a le scapa de traficantii violenti de droguri.	ofiterii de politie au inconjurat mahalalele de la nord de Rio de Janeiro pentru a le scapa de traficantii violenti de droguri si a confisca arme si droguri.
3464	3.6	problemele de neproliferare regionale si internationale ar trebui abordate prin dialog si negocieri.	a doua propunere a fost ca problemele de neproliferare regionale si internationale sa fie abordate prin dialog si negocieri.
3465	2.6	bombardamentele au avut loc in Afganistan pe masura ce atacurile insurgentilor anti-guvernamentali au crescut in ultimele zile.	un bombardament a avut loc in Afganistan, dar politia nu a precizat inca cine este responsabil.
3466	4.8	Site-urile guvernamentale georgiene sunt supuse unui atac cibernetic intens in urma loviturilor militare rusesti impotriva Georgiei de la sfarsitul saptamanii trecute.	atacurile cibernetice au urmat atacurilor militare rusesti lansate impotriva Georgiei la sfarsitul saptamanii trecute.
3467	3.8	Relatiile comerciale si diplomatice ale Elvetiei cu Iranul au fost criticate in ultimele luni dupa ce ministrul de externe Micheline Calmy-Rey a calatorit la Teheran in martie 2008 pentru a semna un acord cu firma petroliera de stat din Iran.	Relatiile comerciale si diplomatice ale Elvetiei cu republica islamica au fost criticate in ultimele luni dupa ce ministrul de externe Micheline Calmy-Rey a calatorit la Teheran in martie 2008 pentru a semna un acord pentru benzina.
3468	2.8	tratatul fortelor conventionale din Europa limiteaza numarul de aeronave militare, tancuri si alte arme grele non-nucleare din Europa.	Tratatul fortelor conventionale din Europa a fost semnat de membrii rusi si NATO in 1990.
3469	3.6	Uniunea Africana a propus o misiune de mentinere a pacii pentru a ajuta guvernul de tranzitie in lupta al Somaliei sa stabilizeze Somalia.	Uniunea Africana a propus o misiune de mentinere a pacii pentru a ajuta guvernul de tranzitie care se lupta sa stabilizeze somalia, in special dupa retragerea fortelor etiopiene.
3470	4.2	Rapoartele afirma ca guvernul sirian ascundea o instalatie nucleara in locul atacat.	Expertii UN au inceput sa analizeze rapoartele care afirma ca guvernul sirian ascundea o instalatie nucleara in locul atacat.
3471	3.4	medicamentul este, de asemenea, cunoscut sub numele de gheata sau shabu.	metamfetamina este cunoscuta si sub numele de gheata.
3472	4.0	eforturile nationale, regionale si internationale pentru a pune capat comertului ilicit cu arme de calibru mic si armament usor.	comunitatea globala trebuie sa coopereze pentru a pune capat comertului ilicit cu arme de calibru mic si armament usor.
3473	4.0	Extremismul religios continua in Pakistan, in ciuda interzicerii grupurilor militante.	Extremismul religios continua in Pakistan, in ciuda interzicerii grupurilor militante de catre guvernul pakistanez.
3474	3.2	oficialii rusi au cerut o conferinta privind tratatul fortelor conventionale din Europa pentru a discuta ratificarea tratatului modificat.	Antonov a vorbit cu o zi inainte de o conferinta despre tratatul privind fortele conventionale din Europa.
3475	4.4	presedintele rus semneaza un decret de suspendare a aplicarii de catre Rusia a tratatului european de control al armelor.	presedintele Vladimir Putin a semnat un decret prin care suspenda participarea Rusiei la tratatul privind fortele conventionale din Europa.
3476	5.0	Myanmar a fost cunoscuta anterior ca Birmania.	Myanmar a fost numita anterior Birmania.
3477	0.0	Alto Huallaga este situat la nord-est de capitala Lima.	Puerto Cabezas este situat la 557 km nord-est de Managua, Nicaragua.
3478	3.8	NATO regreta decizia Rusiei de a suspenda participarea la CFE.	Decizia Rusiei de a suspenda participarea la CFE este un pas in directia gresita.
3479	4.2	incalcarile drepturilor omului in Myanmar includ executii sumare, tortura si recrutarea de copii soldati.	aceste incalcari ale drepturilor omului includ executari sumare, tortura si recrutarea copiilor
3480	2.4	Generalul Nikolai N. Urakov a declarat prin telefon ca Centrul stiintific de stat pentru microbiologie aplicata are sisteme de protectie destul de fiabile in caz de urgenta.	Generalul Nikolai N. Urakov este directorul de multa vreme al Centrului stiintific de stat pentru microbiologie aplicata.
3481	3.6	Alstom este in competitie cu tarile japoneze si germane pentru contract.	Alstom concureaza impotriva companiei japoneze Shinkansen si a companiei germane ICE pentru contract.
3482	3.8	legislatia este cel mai recent efort al Japoniei de a atribui mai multa libertate armatei sale strict controlate si ar rasturna interzicerea utilizarii militare a spatiului.	legislatia este cel mai recent efort al Japoniei de a acorda mai multa libertate armatei strict controlate, cunoscuta tehnic drept forta de autoaparare.
3483	2.0	Coreea de Sud lanseaza un nou tren glont care atinge 300 km / h.	Coreea de Sud are un sistem de trenuri glont din anii 1980.
3484	2.2	Rusia este membru al cvartetului din Orientul Mijlociu.	Rusia este membru al NSG.
3485	4.6	Anatoly Sokolov a anuntat: sistemul de aparare antiracheta construit de sovietici in jurul Moscovei este invechit si ineficient.	sistemul de aparare antiracheta construit de sovietici in jurul Moscovei este invechit si ineficient.
3486	0.6	afacerea este in proces de cativa ani.	IAEA investigheaza de 4 ani activitatile nucleare ale Iranului.
3487	3.2	respectarea obligatiilor de neproliferare va spori increderea reciproca si va incuraja cooperarea internationala in domeniul energiei nucleare.	Zhang Yan a declarat ca toate tarile ar trebui sa respecte obligatiile de neproliferare pentru a spori increderea reciproca si a crea un mediu solid pentru cooperarea internationala in domeniul energiei nucleare.
3488	4.0	compania franceza de energie si transport Alstom poate semna un contract pentru construirea unei legaturi feroviare de mare viteza intre Beijing si Shanghai.	Alstom poate semna un contract pentru construirea unei legaturi feroviare de mare viteza intre Beijing si Shanghai.
3489	2.0	niciun alt medicament nu a devenit la fel de esential in decenii.	medicamentul exista sub alte forme de ani de zile.
3490	3.4	agentia internationala pentru energie atomica a ajuns la un acord cu oficialii iranieni si a declarat ca nu mai exista probleme si ambiguitati in ceea ce priveste programul si activitatile nucleare iraniene.	acordul spunea ca nu au mai ramas probleme si ambiguitati in ceea ce priveste programul si activitatile nucleare ale Iranului.
3491	3.8	politia din Beijing a retinut mai mult de 20 de persoane, inclusiv 8 straini, suspectati de consumul si traficul de droguri din 2 pub-uri dintr-o zona populara din centrul orasului.	politia din Beijing a retinut mai mult de 20 de persoane cu suspiciunea de consum si trafic de droguri in 2 baruri din centrul orasului.
3492	4.2	Rusia a ratificat tratatul actualizat in 2004, dar Statele Unite si alti membri ai NATO au refuzat sa faca acest lucru, sustinand ca Moscova trebuie mai intai sa isi indeplineasca obligatiile de a retrage fortele din Georgia si din regiunea separatista moldoveneasca transnistreana.	Rusia a ratificat versiunea modificata, dar Statele Unite si alti membri ai NATO au refuzat sa faca acest lucru pana cand guvernul rus isi va retrage trupele din fostele republici sovietice ale Moldovei si Georgiei.
3493	3.2	exista opinii contradictorii cu privire la dimeniunea prejudiciului suferit de insurgenti.	violenta continua in ciuda opiniilor contradictorii cu privire la amploarea daunelor suferite de grupurile rebele.
3494	5.0	provincia helmand este cea mai mare regiune producatoare de opiu din lume.	provincia helmand este cel mai mare producator de opiu din lume.
3495	1.8	politia a declarat ca tsai wen-huang va fi extradat in Taiwan.	politia a declarat ca Chung a fost pe fuga.
3496	1.6	2 dintre persoanele arestate au fost eliberate.	2 dintre zambienii arestati sunt minori.
3497	4.6	presedintele mexican felipe calderon a trimis 2800 de agenti speciali si soldati la sinaloa din cauza gradului ridicat de criminalitate organizata si trafic de droguri.	presedintele mexican felipe calderon a trimis 2800 de agenti speciali si soldati la sinaloa pentru a combate traficul de droguri.
3498	1.8	Berlinul va gazdui intalniri la nivel inalt in octombrie pentru a salva fortele conventionale cheie din tratatul european de control al armelor din Europa (CFE).	Rusia si-a suspendat participarea la un tratat cheie european de control al armelor care guverneaza desfasurarea trupelor in Europa.
3499	1.8	intalnirea osce a durat doua zile.	intalnirea osce a avut loc la Madrid.
3500	4.8	tratatul CFE a fost semnat in 1990.	tratatul CFE a fost instituit in 1990.
3501	4.4	Iran insista asupra faptului ca programul vizeaza exclusiv activitati pasnice, cum ar fi generarea de	Iranul insista asupra faptului ca programul sau nuclear are scopuri pasnice
3502	3.4	China este o forta importanta pentru protejarea pacii mondiale.	China este o forta importanta pentru promovarea dezvoltarii mondiale.
3503	4.4	Coreea de Nord neaga implicarea ei in orice program nuclear din Siria.	Coreea de Nord neaga implicarea ei in orice proiect nuclear sirian.
3504	1.2	un purtator de cuvant pentru stockwell day nu a fost disponibil imediat pentru	autoritatile chineze nu au fost disponibile imediat pentru comentarii.
3505	3.8	Kim Myong-chol a avertizat ca, daca ar exista o interdictie a navelor nord-coreene, guvernul nord-coreean va riposta cu un atac de rachete nucleare asupra unor orase importante precum New York si Washington.	Kim Myong-chol a declarat ca Coreea de Nord va riposta cu un atac de rachete nucleare asupra unor orase importante precum New York si Washington DC.
3506	3.8	Iranul este cel mai prolific aplicator al pedepsei cu moartea din lume dupa China.	Republica Islamica este cel mai prolific aplicator al pedepsei cu moartea din lume dupa China.
3507	1.4	John Duncan este ambasadorul Marii Britanii pentru controlul multilateral al armelor si dezarmare.	la adunarea ONU, guvernul chinez solicita eforturi sporite asupra controlului global al armelor si al dezarmarii dezarmarea.
3508	4.0	tratatul a fost modificat in 1999 dupa prabusirea uniunii sovietice.	tratatul a fost modificat in 1999 pentru a reflecta schimbarile de la despartirea sovietica.
3509	4.4	Kashmir este impartit intre India si Pakistan.	Kashmir este revendicat atat de India, cat si de Pakistan.
3510	1.4	Coreea de Sud si Israelul se opun proliferarii armelor de distrugere in masa si unei curse de inarmare.	China se va opune hotarat proliferarii armelor distructive in masa.
3511	3.4	Kadhafi avertizeaza ca esecul nostru si al Marii Britanii de a compensa Libia pentru dezarmarea nucleara va descuraja Iranul si Coreea de Nord de la dezarmare.	esecul tarilor occidentale de a compensa suficient Libia va descuraja Iranul si Coreea de Nord de la dezarmare.
3512	3.4	Rusia a ratificat tratatul modificat.	Rusia a ratificat tratatul actualizat in 2004.
3513	3.4	un personal format din 30 de specialisti va desfasura activitati de cercetare si instruire cu privire la razboiul cibernetic si va fi pregatit sa asiste membrii NATO cu raspunsuri la orice atacuri cibernetice viitoare.	un personal format din 30 de specialisti va efectua cercetari si instruire in domeniul razboiului cibernetic.
3514	3.0	aripa de tineret a lui Jamaat-i-Islami a organizat o demonstratie separata in Kashmir.	Demonstratia Aripii de Tineret din cadrul miscarii Jamaat-i-Islami a fost impotriva unui atac american asupra Irakului.
3515	3.8	Iranul este cel mai prolific aplicator al pedepsei cu moartea din lume dupa China.	Republica Islamica este cel mai prolific aplicator al pedepsei cu moartea din lume dupa China.
3516	4.4	China se va opune hotarat mijloacelor de livrare a armelor distructive in masa.	China s-a opus intotdeauna proliferarii armelor de distrugere in masa.
3517	3.4	o prabusire a ordinii in China va duce la tulburari globale semnificative.	o prabusire a ordinii in China va fi mai grava decat in ​​Afghanistan sau Iugoslavia.
3518	4.0	Coreea de Nord si-a revendicat ambitiile nucleare, iar in prezent Coreea de Nord ar avea rachete care vizeaza Japonia.	Coreea de Nord s-a laudat cu ambitii nucleare si Coreea de Nord este acum raportat ca avand rachete antrenate pe
3519	0.8	Abuja este capitala	Tshinvali este capitala Georgiei.
3520	4.6	guvernul Statelor Unite a acuzat guvernul iranian ca incearca sa dezvolte arme nucleare sub acoperirea unui program nuclear civil.	SUA si aliatii au acuzat Iranul ca a incercat sa dezvolte arme nucleare sub masca unui program nuclear civil.
3521	1.0	Tirana este capitala	Abuja este capitala
3522	3.2	intr-un conflict armat, politia iraniana ucide 4 presupusi traficanti de droguri, aresteaza 2 si confisca aproape 5 tone metrice de opiu si morfina.	in timpul ciocnirilor armate din sud-estul Iranului, politia a confiscat aproape 5 tone metrice (5,5 tone) de opiu si morfina.
3523	3.6	proiectele nucleare ale Iranului sunt pentru scopuri pasnice.	Iranul insista asupra faptului ca programul sau nuclear este pentru scopuri pasnice
3524	4.2	China se va opune hotarat proliferarii armelor distructive in masa.	China se va opune hotarat mijloacelor de livrare a armelor distructive in masa.
3525	1.2	China este cel mai apropiat aliat al Coreei de Nord.	Coreea de Nord este un stat izolat.
3526	4.2	ministrul de externe libian Abdel Rahman Shalgam a vizitat Londra in timpul primei vizite a unui ministru libian de externe din 1969.	vizita lui Shalgam la Londra este prima de catre un ministru libian de externe din 1969.
3527	3.6	Goff a declarat ca acest lucru reprezinta o amenintare majora la adresa securitatii globale.	prezinta o amenintare majora la adresa securitatii globale.
3528	2.0	Cambodgia si Vietnamul au finalizat un acord pentru oprirea traficantilor de droguri asiatici si europeni.	oficialii sirieni si rusi au semnat un acord de cooperare in combaterea traficului de droguri.
3529	4.2	activistii au afirmat ca Rusia inchide oameni fara dovezi de activitate ilegala.	Rusia intemniteaza oameni fara dovezi ale activitatii ilegale.
3530	3.8	restrictionarea grupurilor extremiste devine din ce in ce mai dificila din cauza modului in care sunt finantate grupurile.	a declarat Bruguiere - restrictionarea grupurilor extremiste, in special in toata Europa, a devenit din ce in ce mai dificila din cauza modului in care grupurile sunt finantate.
3531	1.2	Zabol este un oras din sud-estul Iranului.	Khoramabad este un oras din vestul Iranului.
3532	3.25	detinutii vor fi acuzati de omucidere, colaborare criminala, rapire si finantarea terorismului si includ membri ai armatei si ai politiei.	Iguaran a declarat ca detinutii vor fi acuzati de omucidere, colaborare criminala, rapiri si finantarea terorismului.
3533	4.2	tijele existente ar putea produce 3-6 bombe atomice in 6-8 luni.	expertii au declarat ca tijele ar putea produce 3-6 bombe atomice in 6-8 luni.
3534	2.4	este posibil ca agentia internationala de energie atomica sa fi fost pacalita pentru ca era dornica de o intelegere.	planul agentiei internationale pentru energie atomica stabileste negocieri pentru mai multe luni.
3535	4.6	Guvernul din Myanmar a declarat ca in Myanmar opiumul nu se va mai distribui pana in 2014.	Guvernul din Myanmar a declarat ca Myanmar este pe cale sa fie fara droguri pana in 2014.
3536	4.4	grupul evreu-american, liga anti-defaimare (ADL), a publicat in aprilie 2008 reclame pe pagini intreagi in ziare elvetiene si internationale, acuzand Elvetia de finantarea terorismului prin acord.	liga anti-defaimare a lansat reclame de pagini intregi in ziare elvetiene si internationale mai devreme in aprilie 2008, acuzand Elvetia ca finanteaza terorismul prin intermediul acordului.
3537	1.8	Franta ofera rachetele, arme si motoare.	Marea Britanie furnizeaza rezervoare de combustibil si cutii de viteze.
3538	3.2	infractiunile capitale in Arabia Saudita includ viol, crima, apostazie, jaf armat si trafic de droguri.	infractiunile capitale in Iran includ crima, viol, jaf armat, trafic serios de droguri si adulter.
3539	3.4	Bae Systems este cea mai mare companie de aparare din Marea Britanie.	Bae Systems este cea mai mare armata din Marea Britanie
3540	2.8	lavrov a spus secretarului de stat al Statelor Unite, Condoleezza Rice, ca Rusia ramane deschisa pentru dialog.	secretarul de stat al Statelor Unite Condoleezza Rice a cerut Rusiei sa-si retraga fortele.
3541	3.8	alte persoane si entitati sunt supuse unei inghetari a activelor.	rezolutia include o lista extinsa de persoane si entitati supuse inghetarii activelor.
3542	3.4	retragerea din tratat ar permite Rusiei sa consolideze fortele in apropierea frontierelor rusesti.	retragerea din Tratatul de forte conventionale din Europa ar permite Rusiei sa consolideze fortele in apropierea frontierelor rusesti.
3543	1.8	fan a declarat ca comisia este preocupata in primul rand de termenul investitiilor viitoare in taiwan.	fan a declarat ca comisia se va asigura ca angajamentele vor fi respectate odata ce investitiile sunt in curs de desfasurare.
3544	2.8	Purtatorul de cuvant al guvernului, Maseko, a declarat ca, daca documentele administrative sunt in ordine, guvernul din Africa de Sud nu poate interveni pentru a impiedica transportul armelor prin teritoriul sau catre o tara vecina fara iesire la mare.	Purtatorul de cuvant, Themba Maseko, a declarat, atat timp cat documentele administrative sunt in ordine, Africa de Sud nu poate interveni pentru a impiedica transportul de arme prin teritoriul sud-african in Zimbabwe.
3545	3.2	Declaratia presedintelui Dmitri Medvedev a fost urcata/postata pe site-ul web al Kremlinului si transmisa integral de agentiile de stiri de stat.	declaratia a fost postata pe site-ul web al Kremlinului si transmisa de agentiile de stiri de stat.
3546	1.8	Turkmenistanul se invecineaza cu Afghanistanul.	sistan-baluchestan se invecineaza cu Afghanistanul si Pakistanul.
3547	3.4	numarul executiilor a crescut in Iran anul trecut pe fondul unei campanii care vizeaza imbunatatirea securitatii in societate.	numarul executiilor a crescut dramatic in 2007 pe mijlocul unei campanii pe care autoritatile iraniene declara ca are drept scop imbunatatirea securitatii in societate.
3548	5.0	Siria neaga ca ar avea un program nuclear nedeclarat.	siria neaga existenta unui program nuclear nedeclarat.
3549	1.4	amnesty international este un grup de drepturi cu sediul in Londra.	institutul international pentru studii strategice este situat in Londra.
3550	2.2	numarul 254 a fost intabulat cu un numar afp compilat din rapoarte de presa si de martori.	numarul executiilor din Iran in 2007 a fost calculat printr-un numar afp compilat din rapoarte de presa.
3551	5.0	a declarat guvernul iranian - programul nuclear iranian ramane pasnic.	guvernul iranian spune ca programul nuclear este pasnic.
3552	0.6	shingarev a spus ca este foarte dificil sa se faca o arma nucleara din plutoniul din acest combustibil.	donohue a spus ca este foarte dificil de manipulat izotopii radioactivi fara a lasa o urma.
3553	0.6	Paris este capitala Frantei.	lima este capitala
3554	3.4	un oficial guvernamental indian a vorbit sub conditia anonimatului.	oficialul a vorbit sub conditia anonimatului.
3555	4.6	Rusia amenintase de mai multe ori sa se retraga din CFE cand era in contradictie cu Statele Unite asupra planului lui SUA de a instala un scut antiracheta in est	Rusia a amenintat in repetate randuri retragerea din CFE in opozitie cu planurile de extindere a scutului american de aparare antiracheta in Europa de Est.
3556	1.8	planul pentru Tunisia este crearea de baze de date electronice pentru a facilita colectarea impozitelor.	planul pentru Nigeria si Mozambic este crearea unei baze de date electronice pentru imobiliare.
3557	4.2	China a fost laudata de comunitatea internationala pentru eforturile de a rezolva problema nucleara a peninsulei coreene.	China a fost laudata in special de statele asiatice-pacifice pentru eforturile de a rezolva problema nucleara a peninsulei coreene.
3558	2.6	ministerul rus de externe a declarat ca Rusia nu a suspendat dialogul.	oficialii rusi au declarat ca Rusia nu va reconsidera suspendarea.
3559	2.8	traficantii de arme si cartelurile de droguri trebuie eliminate din Asia de Sud-Est.	traficantii de arme si cartelurile de droguri ii instiga pe teroristi.
3560	4.8	noua lege incearca sa elimine orice obstacole legale din calea construirii satelitilor spioni mai avansati si sa ajute la inovarea industriei spatiale japoneze.	scopul noii legi este eliminarea oricaror obstacole legale din calea construirii satelitilor spioni mai avansati si incurajarea inovatiei in industria spatiala japoneza.
3561	4.4	a declarat zhang - China se opune restrictionarii utilizarii pasnice a energiei nucleare de catre statele care nu au arme nucleare pe baza neproliferarii, deoarece utilizarea pasnica a energiei nucleare este un obiectiv crucial al NPT.	zhang yan a declarat ca China se opune folosirii neproliferarii ca pretext pentru restrictionarea si privarea statelor care nu au arme nucleare de dreptul utilizarii pasnice a energiei nucleare.
3562	4.0	expert in neproliferare la institutul international de studii strategice Mark Fitzpatrick a declarat ca raportul iaea - avea un tenor neobisnuit de puternic.	coleg senior la institutul international pentru studii strategice Mark Fitzpatrick a declarat ca - planul agentiei internationale de energie atomica este superficial.
3563	4.2	tratatul limiteaza numarul de aeronave, tancuri si alte arme grele non-nucleare in intreaga Europa.	tratatul fortelor conventionale din Europa limiteaza numarul de aeronave militare, tancuri si alte arme grele non-nucleare din Europa.
3564	3.8	Oficialii estoni au declarat ca unele dintre atacurile cibernetice care au determinat inchiderea temporara a site-urilor web ale guvernului eston provin de la calculatoare din administratia rusa, inclusiv din biroul presedintelui Vladimir Putin.	oficiali din Estonia, inclusiv prim-ministrul Andrus Ansip, au sustinut ca unele dintre atacurile cibernetice provin de la computerele guvernului rus, inclusiv de la computerele din biroul presedintelui rus Vladimir Putin.
3565	3.2	Britania a incheiat un acord pentru a furniza Arabiei Saudite jeturi de taifun intr-un acord in valoare de aproximativ 8 miliarde de lire sterline (aproximativ 13,9 miliarde de dolari SUA).	Marea Britanie a fost de acord sa furnizeze Arabiei Saudite jeturi de taifun intr-o afacere in valoare de aproximativ 8 miliarde de lire sterline (aproximativ 13,9 miliarde de dolari SUA) catre compania britanica de aparare bae systems.
3566	3.4	opiul este ingredientul brut pentru heroina.	macii au dat ingredientul brut pentru heroina.
3567	3.0	wi sung-lac a refuzat sa ofere detalii despre proiectul reactorului nuclear nord-coreean.	Coreea de Sud a adoptat pana acum o pozitie prudenta cu privire la problema proiectului reactorului nuclear nord-coreean.
3568	3.4	acordul vizeaza stabilirea unei cooperari mai largi care sa acopere securitatea nationala si lupta impotriva terorismului global.	intr-o declaratie ministerul britanic al apararii a declarat - acordul vizeaza stabilirea unei cooperari mai largi care sa acopere securitatea nationala si lupta impotriva terorismului global.
3569	3.4	multi dintre cei executati in Iran sunt spanzurati in public.	multi dintre oamenii executati sunt spanzurati in public.
3570	3.8	Statele Unite si aliatii statelor Unite considera ca Iranul urmareste sa realizeze arme nucleare.	Statele Unite si unele natiuni europene cred ca proiectele nucleare ale Iranului au ca scop fabricarea armelor nucleare.
3571	5.0	cfe este foarte important pentru securitatea europeana.	cfe este un element fundamental al securitatii europene.
3572	5.0	trupele indiene care lupta deja cu rebelii din Kashmir sunt acum angajate intr-o campanie masiva de distrugere a culturilor de mac din regiune.	trupele indiene care se lupta deja cu rebelii sunt acum angajate si intr-o operatiune masiva de distrugere a culturilor de mac in Kashmir.
3573	0.0	problema este delicata.	raportul iaea este restrictionat.
3574	2.4	saptamana trecuta Rusia a anuntat ca va suspenda participarea la CFE.	NATO regreta decizia Rusiei de a suspenda participarea la CFE.
3575	3.6	SUA, alte natiuni occidentale si NATO au condamnat violenta.	SUA, alte natiuni occidentale si NATO au cerut incetarea focului.
3576	2.0	cetatenii indieni constituie cel mai mare numar de detinuti straini in inchisorile din Nepal.	traficantii de droguri din tari straine constituie cel mai mare procent de detinuti straini in Nepal.
3577	4.2	ordinul judiciar a acuzat raghadul de finantarea terorismului.	instanta a acuzat-o pe Raghad Sadam Husein de finantarea terorismului.
3578	3.75	conducatorii militari din Myanmar au ars droguri ilegale in valoare de aproximativ 250 de milioane de dolari pentru a marca ziua internationala impotriva abuzului de droguri si a traficului ilicit.	conducatorii militari din Myanmar au incinerat drogurile pentru a marca ziua internationala impotriva abuzului de droguri si a traficului ilicit.
3579	4.0	oficialii iranieni au crescut numarul de executii in 2007, deoarece oficialii aplica o campanie destinata promovarii virtutii si sporirii securitatii in societate.	numarul executiilor a crescut in Iran anul trecut pe fondul unei campanii care vizeaza imbunatatirea securitatii in societate.
3580	3.0	India il acuza pe Islamabad de finantarea si instruirea gherilelor.	India acuza Pakistanul de finantarea si instruirea gherilelor transfrontaliere.
3581	3.6	batalia si atacurile aeriene care au urmat au ucis cel putin 10 militanti.	o batalie care a urmat a ucis cel putin 10 militanti.
3582	1.8	comunicatul ministerului de externe din Panama a declarat ca grupul operativ va facilita transferul tehnologic si va promova productia si consumul de biocombustibili.	comunicatul ministerului de externe din Panama a declarat ca Panama si Brazilia au semnat 3 tratate cu probleme juridice care includeau o extradare
3583	4.8	Vietnam are printre cele mai dure legi din lume privind drogurile.	legile drogurilor din Vietnam se numara printre cele mai stricte legi din lume.
3584	3.2	guvernul indian a interzis exportul si importul direct sau indirect pentru toate articolele, materialele, bunurile si tehnologia care ar putea contribui la activitatile iraniene legate de imbogatire, reprocesare sau activitatile legate de apa grea.	India a interzis exportul si importul direct sau indirect pentru toate articolele, materialele, bunurile si tehnologia care ar putea contribui la sistemele de livrare a armelor nucleare ale Iranului.
3585	3.8	agentia de stiri din Vietnam a raportat ca ministerul securitatii publice a declarat ca strainii implicati in cazuri de trafic de droguri din Vietnam proveneau in principal din Laos, Cambodgia, Australia, China, Statele Unite si taiwan.	agentia de stiri din Vietnam a raportat ca ministerul securitatii publice a declarat ca politia a recunoscut ca traficul de droguri in Vietnam este in crestere, dar actiunile de prevenire si oprirea a traficului de droguri de-a lungul granitelor au ramas limitate.
3586	5.0	Liderul echipei saferworld privind controalele de transfer si armele mici Roy Isbister a declarat - embargoul UE interzice furnizarea directa sau indirecta a echipamentului militar pentru utilizare in Myanmar.	Liderul echipei saferworld privind controalele de transfer si armele mici Roy Isbister a declarat ca - embargoul UE prevede in mod explicit ca niciun echipament militar nu ar trebui furnizat direct sau indirect pentru utilizare in Myanmar.
3587	3.2	Statele Unite si alti membri ai NATO au refuzat sa ratifice tratatul modificat.	Statele Unite si alti membri ai NATO au refuzat sa ratifice actualizarile cfe.
3588	3.8	CFE limiteaza utilizarea fortelor armate si a armelor grele si prescrie masuri care vizeaza consolidarea increderii, transparenta si cooperarea intre statele membre.	tratatul limiteaza desfasurarea de tancuri si trupe in tarile NATO si fostele tari ale pactului de la Varsovia din Europa de Est si stabileste masuri de consolidare a increderii, transparenta si cooperare intre membrii
3589	1.0	Bulgaria este situata in partea de sud-est a peninsulei balcanice.	activitatea de trafic de droguri este intensa in partea de sud-est a peninsulei balcanice.
3590	4.0	elbaradei a declarat ca aceasta este ultima sansa de a construi securitate in Orientul Mijlociu, bazata pe incredere si cooperare si nu pe detinerea de arme nucleare.	aceasta este ultima sansa de a construi securitate in Orientul Mijlociu, mai degraba pe incredere si cooperare decat pe detinerea de arme nucleare.
3591	2.2	guvernul iranian a respins acuzatiile din informatiile prezentate consiliului international al agentiei pentru energie atomica ca nefondate si informatiile utilizate pentru sustinerea acuzatiilor ca fiind false.	Agentia internationala pentru energie atomica insista asupra faptului ca simplele negari ale guvernului iranian cu privire la informatiile prezentate consiliului agentiei internationale pentru energie atomica nu sunt suficient de bune pentru a potoli suspiciunile tarilor occidentale.
3592	3.2	tratatul cfe a fost instituit in 1990.	tratatul a fost semnat initial in 1990.
3593	4.0	Tratatul fortelor conventionale din Europa este considerat un tratat cheie de control al armelor.	Tratatul fortelor conventionale din Europa a fost un tratat cheie de control al armelor din epoca sovietica.
3594	3.8	nicaragua a comemorat 25 de ani de la revolutia sandinista care a rasturnat dictatura lui anastasio somoza, dar a impus un regim de stanga in stil cubanez.	Nicaragua a comemorat 25 de ani de la revolutia sandinista.
3595	2.6	13 kurzi din Turcia au fost arestati langa Paris sub suspiciunea de spalare de bani pentru partidul muncitorilor din kurdistan (pkk).	Zece kurzi sunt cercetati in Franta pentru suspiciunea de spalare a banilor pentru o organizatie terorista cunoscuta sub numele de partidul muncitorilor din kurdistan (pkk).
3596	3.4	intalnirile au durat 2 zile.	intalnirea osce a durat doua zile.
3597	1.4	satenii se implica din greseala in traficul de droguri.	105 detinuti executa pedepse pentru trafic de droguri.
3598	3.2	guvernul rus se opune puternic planurilor Statelor Unite de a instala mijloace de aparare antiracheta in Europa si respinge afirmatiile Statelor Unite ca interceptorii sunt necesari pentru apararea impotriva amenintarilor din Iran.	dupa discutii la sediul NATO, Baluyevsky a repetat opozitia Rusiei fata de planurile Statelor Unite de a instala mijloace de aparare antiracheta in Europa si a respins afirmatiile Statelor Unite ca interceptorii erau necesari pentru a apara impotriva amenintarilor potentiale din Iran.
3599	5.0	universitatile din Hong Kong colaboreaza cu universitati, companii si sectoare guvernamentale din China continentala pentru a coordona programe de pregatire si centre de cercetare pentru a promova cercetarea, comercializarea si transferul de tehnologie high-tech.	universitatile din Hong Kong au colaborat cu educatia tertiara, sectoarele de afaceri si guvernamentale din China continentala pentru a directiona programe de pregatire si centre de cercetare pentru a promova comercializarea cercetarii si transferul de tehnologie.
3600	1.0	guvernul chinez a acordat cooperare si asistenta activa organizatiei pentru interzicerea inspectiilor armelor chimice.	ministerul ecuadorian de externe a spus intr-o declaratie ca delegatii organizatiei pentru interzicerea armelor chimice (opaq) vor participa, de asemenea, la intalnire.
3601	5.0	guvernul mexican a adoptat o serie de masuri impotriva traficului de droguri si a criminalitatii organizate in Mexic din 2006.	din 2006 Mexicul a adoptat o serie de masuri impotriva traficului de droguri si a crimelor organizate.
3602	5.0	declaratia nu specifica cantitatea de focoase pe care racheta este capabila sa le transporte.	declaratia nu preciza cate focoase poate transporta racheta.
3603	4.2	este o amenintare grava la adresa securitatii internationale.	prezinta o amenintare majora la adresa securitatii globale.
3604	2.4	Nicaragua a comemorat 25 de ani de la revolutia sandinista.	nicaragua nu a convenit cum sa abordeze aniversarea revolutiei sandiniste.
3605	4.2	presedintele rus Vladimir Putin afirma ca decizia de a inceta implementarea tratatului fortelor conventionale in Europa este un raspuns pentru planurile Statelor Unite care intentioneaza sa infiinteze terenuri de aparare antiracheta in Europa de Est si prentru esecul lui NATO de a nu ratifica o versiune modificata a tratatului.	presedintele rus Vladimir Putin afirma ca decizia este un raspuns pentru planurile Statelor Unite care intentioneaza sa infiinteze terenuri de aparare antiracheta in Europa de Est si prentru esecul lui NATO de a nu ratifca o versiune modificata a tratatului.
3606	2.6	institutul national olandez de cercetare tno a efectuat experimente cu arme chimice pentru ministerul olandez al apararii in anii 1950.	un jurnalist hp / detijd a aflat despre experimentele armelor chimice ale tno din arhivele ministerului apararii.
3607	3.4	un raport emis de furnizorul de software de securitate mcafee inc., a declarat ca hackerii afiliati guvernului din China sunt in fruntea unui razboi cibernetic rece.	hackerii afiliati guvernului din China sunt in fruntea unui razboi cibernetic rece in plina expansiune.
3608	3.6	tratatul limiteaza numarul de aeronave, tancuri si alte arme grele non-nucleare din intreaga Europa si a fost semnat pentru prima data in 1990.	tratatul limiteaza numarul de aeronave, tancuri si alte arme grele non-nucleare din intreaga Europa.
3609	1.8	multe dintre atacuri au avut originea in strainatate.	oficialii estoni au declarat ca atacurile au avut originea in Rusia.
3610	1.4	politia a arestat 2 suspecti pentru trafic de droguri din Honduras.	politia bulgara aresteaza seful grupului de trafic de droguri.
3611	3.6	daca Japonia arata ca poate face fata unei situatii dificile, Japonia nu va fi niciodata batuta nici macar in ceea ce priveste puterea militara.	ozawa a spus ca, daca Japonia arata ca poate face fata unei situatii dificile, atunci Japonia nu va fi niciodata batuta nici macar in ceea ce priveste puterea militara.
3612	4.0	Egiptul si Iordania au semnat tratatul de neproliferare nucleara si au solicitat mult timp un Orient Mijlociu liber de arme de distrugere in masa.	siria a semnat tratatul de neproliferare nucleara si a permis expertilor agentiei sa inspecteze singura sa instalatie nucleara cunoscuta.
3613	1.2	Rusia participa deja la agentia spatiala europeana	Franta este lider in agentia spatiala europeana.
3614	3.0	Myanmar este un stat militar.	Myanmar are o junta militara.
3615	1.8	nu spunea daca oamenii au fost spanzurati in inchisoare.	zeci de astfel de infractori au fost spanzurati in public.
3616	3.2	raportul amnesty international a fost compilat de organizatiile neguvernamentale europene si internationale, cum ar fi saferworld, care se opune violentei armate.	raportul amnistiei internationale a fost compilat de forurile neguvernamentale europene si internationale.
3617	4.2	un raport de cercetare a politicii publice a declarat ca exista 27 de state slabe care reprezinta o amenintare la adresa securitatii nationale a Marii Britanii, intrucat statele ar putea oferi baze teroristilor.	raportul spunea ca exista 27 de state slabe care reprezinta o amenintare la adresa securitatii nationale a Marii Britanii, deoarece statele ar putea oferi baze teroristilor.
3618	4.0	guvernul iranian a negat acuzatia si insista asupra faptului ca programul nuclear este doar in scopuri pasnice.	Iranul insista asupra faptului ca programul sau nuclear are scopuri pasnice
3619	3.2	initiativa de securitate a proliferarii solicita oprirea si perchezitionarea navelor suspectate ca transporta arme de distrugere in masa.	membrii initiativei de securitate a proliferarii iau in considerare modalitatile de interceptare a navelor sau a aeronavelor suspectate de transport de arme de distrugere in masa.
3620	3.4	comunitatea internationala ar trebui sa se modernizeze si sa caute un mod corect, rezonabil si eficient de a imbunatati regimul de neproliferare nucleara prin consultari ample.	a treia propunere a fost ca tarile sa avanseze cu timpul si sa caute un mod corect, rezonabil si eficient de a imbunatati regimul de neproliferare nucleara printr-o consultare ampla.
3621	3.8	amnesty international a publicat un raport care precizeaza ca un proiect indian de a vinde elicoptere de atac catre Myanmar ameninta un embargo asupra armelor a Uniunii Europene impotriva Myanmar.	raportul amnistiei internationale a fost intitulat elicoptere indiene pentru Myanmar: a face o batjocura a embargoului european asupra armelor?
3622	2.4	naeem m. a facut contrabanda cu 10 kilograme (22 de livre) de heroina.	inculpatii au facut contrabanda cu peste 11 kilograme (24 de livre) de heroina.
3623	3.4	29 de persoane au fost condamnate de tribunalul quang ninh pentru participarea la un cerc de droguri care a traficat heroina din Vietnam in China.	Oficialul tribunalului tran dao a declarat ca cele 12 persoane se numara printre 29 de persoane condamnate de catre curtea poporului quang ninh pentru participarea la un cerc de droguri care traficeaza heroina din Vietnam in China.
3624	2.0	avocatul lui Michael Karras numit s.s. dhillon nu a putut fi contactat pentru comentarii.	autoritatile portuare din Durban si inspectorii politisti de explozivi nu au putut fi contactati pentru comentarii.
3625	3.2	tarile se opun armarii spatiului si o cursa a inarmarilor in spatiu.	China a subliniat ca opozitia cu armarea si o cursa a inarmarilor in spatiul cosmic.
3626	3.4	Franta, Belgia, Germania, Suedia, Italia si Marea Britanie furnizeaza piese si tehnologie pentru elicopterul de atac (alh).	Franta, Belgia, Germania, Suedia, Italia si Marea Britanie furnizeaza piese si tehnologie pentru avansatul elicopter usor pe care India intentioneaza sa il vanda catre Myanmar.
3627	3.2	traficul ilegal de arme creste in Kenya din cauza disponibilitatii usoare si a conflictelor invecinate.	traficul ilegal de arme a crescut in Kenya si a crescut ingrijorarea cu privire la securitate.
3628	3.4	n.r. mohanty a declarat ca a fost semnat un acord intre organizatia de cercetare si dezvoltare in domeniul apararii, hindustan aeronautics limited si forta aeriana indiana pentru a moderniza flota imbatranita indiana de avioane mig-27 m.	mohanty a declarat ca actualizarea va fi facuta in curand fiind aproape finalizata de organizatia de cercetare si dezvoltare in domeniul apararii, de hindustan aeronautics limited si de forta aeriana indiana.
3629	4.6	elbaradei afirma ca un acord de pace in Orientul Mijlociu poate fi incheiat doar in paralel cu un acord de securitate bazat pe eradicarea tuturor armelor de distrugere in masa din regiune.	Elbaradei a fost citat spunand ca un acord de pace intre Israel si vecinii sai arabi trebuie incheiat in paralel cu un acord de securitate bazat pe eradicarea tuturor armelor de distrugere in masa din regiune.
3630	1.6	traficantii de droguri se confrunta cu pedeapsa cu moartea conform legii tajik.	traficantul de droguri afgan a fost prins in Tadjikistan.
3631	5.0	asociatia internationala de energie atomica este cainele de paza al natiunilor unite.	agentia internationala de energie atomica este cainele de paza nuclear al ONU.
3632	4.8	wen afirma ca scopul principal al vizitei din Germania este de a promova schimburile comerciale, economice si tehnologice.	wen a declarat ca scopul vizitei sale in Germania este de a avansa schimburile comerciale, economice si tehnologice.
3633	1.2	oficialii Statelor Unite nu stiu cat de mult a progresat programul de armament nuclear al Coreei de Nord.	Hill este principalul negociator american al programului de armament nuclear din Coreea de Nord.
3634	4.6	7 ofiteri de politie au fost ucisi si 4 ofiteri au fost raniti.	in timpul conflictului, sapte ofiteri de politie au fost ucisi si 4 raniti grav.
3635	2.8	sefii apararii din Estonia, Letonia, Lituania, Germania, Italia, Spania si Slovacia vor semna acordul pentru furnizarea de personal si finantare pentru centru.	sefii apararii din Estonia, Letonia, Lituania, Germania, Italia, Spania si Slovacia au semnat acordul.
3636	3.4	proiectul de lege care propune noua lege care permite utilizarea programelor spatiale pentru aparare a fost deja aprobat de camera deputatilor a guvernului japonez saptamana trecuta.	proiectul de lege pentru noua lege a fost deja aprobat de camera deputatilor a guvernului japonez saptamana trecuta.
3637	2.6	van der merwe a condamnat geiges la un total de 13 ani inchisoare.	van der merwe a suspendat condamnarea lui Geiges la 5 ani inchisoare.
3638	1.8	zahedan este un oras in sud-est	bam este un oras in sud-est
3639	4.4	presedintele putin a declarat ca Rusia va lua contramasuri.	putin a avertizat ca Rusia va lua masuri de represalii.
3640	4.0	China s-a opus pana acum presiunii Statelor Unite asupra Chinei de a opri si a perchezitiona nave nord-coreene.	China a declarat ca presiunea Statelor Unite asupra Chinei pentru a opri si a perchezitiona nave nord-coreene ar putea declansa ciocniri militare.
3641	3.8	Ministrul afacerilor strategice al Braziliei, Roberto Mangabeira Unger, a declarat ca noul plan al apararii nationale a Braziliei solicita stabilirea de parteneriate cu tari, inclusiv Rusia si Franta, pentru a construi o industrie de arme de ultima generatie.	Unger a declarat ca noul plan de aparare national al Braziliei solicita stabilirea de parteneriate cu tari, inclusiv Rusia si Franta, pentru a construi o industrie de arme de ultima generatie.
3642	1.6	acuzatul va fi acuzat de trafic international de droguri.	unii dintre invinuiti vor fi de asemenea acuzati de spalare de bani, evaziune fiscala si coruptie.
3643	3.6	variantele elicopterului de atac (alh) contin lansatoare de rachete din Belgia; rachete, tunuri si motoare din Franta; sisteme de franare din Italia; rezervoare de combustibil si cutii de viteze din Marea Britanie; echipamente de autoprotectie de la o companie suedeza si au primit dezvoltarea de design si fabricarea controlului motorului importanta de la companii germane.	arsenalul alh include - lansatoare de rachete din rachete belgiene, arme si motoare din Franta sisteme de franare din Italia rezervoare de combustibil si cutii de viteze din Marea Britanie echipamente de autoprotectie de la o companie suedeza.
3644	3.6	ministerul indian al apararii a crescut cheltuielile pentru achizitiile de aparare.	ministerul indian al apararii a crescut cu 33% cheltuielile pentru aparare pentru achizitii noi.
3645	0.0	raportul iaea este restrictionat.	ucigasii au scapat.
3646	2.2	Tratatul fortelor conventionale din Europa a fost semnat de membrii rusi si NATO in 1990.	Tratatul privind fortele conventionale din Europa a fost modificat in 1999.
3647	3.6	seicul doon salad ilmi a spus ca victimele civile rezultate din atacurile cu mortar si rachete peste noapte au loc in fiecare zi.	seicul doon salad ilmi a declarat ca victimele civile rezultate din atacurile de mortar si rachete peste noapte sunt internate in spital aproape in fiecare zi.
3648	1.2	guvernul sud-african mentine relatii foarte bune cu guvernul statelor unite.	CFE este una din mai multe probleme care au un impact negativ asupra relatiilor Rusiei cu Statele Unite si Europa.
3649	4.2	sistemele de arme nucleare la un nivel ridicat de pregatire cresc riscul utilizarii acestor arme, inclusiv neintentionat, cu consecinte catastrofale.	rezolutia spune ca nivelul ridicat de pregatire creste riscul utilizarii acestor arme si ca utilizarea neintentionata sau accidentala ar avea consecinte catastrofale.
3650	3.4	blix a afirmat ca este esentiala cresterea eforturilor de eliminare a armelor nucleare si a armelor de distrugere in masa.	blix a vizitat Noua Zeelanda si a spus ca este esential sa se depuna eforturi mai mari pentru eliminarea armelor nucleare si a armelor de distrugere in masa.
3651	0.0	provincia helmand este cel mai mare producator de opiu din lume.	grupul areva este cea mai mare firma de inginerie nucleara din lume.
3652	3.8	regiunea de frontiera afganistan-iran a fost scena unor ciocniri frecvente intre politisti si traficanti de droguri.	zona din apropierea orasului Mirjaveh a fost scena unor conflicte frecvente intre politia iraniana si traficantii de droguri.
3653	4.4	fizicianul danilov a fost condamnat pentru vanzarea de informatii clasificate despre tehnologia spatiala catre China.	fizicianul Valentin Danilov a fost gasit vinovat pentru vanzarea de informatii clasificate despre tehnologia spatiala catre China.
3654	3.4	Myanmar este cel mai mare producator mondial de opiu ilegal, dar resursele financiare si tehnice sunt limitate pentru a pune capat comertului cu droguri.	Myanmar este cel mai mare producator de opiu ilicit din lume, conform celui mai recent raport anti-stupefiant al departamentului de stat a Statelor Unite.
3655	3.0	grupul de sprijin pentru rapiti spera ca parlamentul va schimba legile in curand.	grupul de sprijin pentru rapiti va folosi sondajul pentru a presa parlamentul sa adopte noi legi.
3656	4.0	Santos a declarat ca politia colombiana a gasit dovezile in 2 computere descoperite cu liderul rebel ucis, Raul Reyes.	francisco santos a declarat ca politia colombiana a gasit dovezile pe doua computere descoperite cu raul reyes.
3657	0.8	do quy gratis este purtator de cuvant al ministerului vietnamez al culturii si informatiei.	grenell este purtatorul de cuvant al misiunii Statelor Unite pentru natiunile unite.
3658	4.0	un purtator de cuvant al Siemens din Germania a declarat ca Heinrich von Pierer a declarat ca Siemens incepe discutii cu partile chineze interesate despre vanzarea instalatiei de procesare a plutoniului.	un purtator de cuvant al Siemens din Germania a declarat ca Heinrich von Pierer a declarat ca Gerhard Schroeder a declarat ca Gerhard Schroeder nu este in principiu impotriva vanzarii instalatiei de procesare a plutoniului.
3659	5.0	Vietnam are printre cele mai stricte legi din lume privind drogurile.	legile drogurilor din Vietnam este printre cele mai stricte legi din lume.
3660	1.0	initiativele guvernamentale de dezarmare au fost ineficiente.	institutiile de guvernanta au fost ineficiente pentru un timp indelungat in somalia.
3661	5.0	putin a declarat ca guvernul rus se poate retrage din tratat in totalitate daca natiunile occidentale refuza ratificarea tratatului modificat.	putin a declarat ca Rusia ar putea renunta la tratat in intregime daca natiunile occidentale refuza sa ratifice versiunea sa modificata.
3662	5.0	Rusia a ratificat versiunea modificata a tratatului.	Rusia a ratificat tratatul modificat.
3663	2.2	osce a discutat despre posibila extindere a misiunii osce in kosovo.	Osce a discutat despre oferta Kazahstanului de a detine presedintia Osce in 2009.
3664	4.8	elbaradei este seful agentiei internationale de energie atomica.	Mohammed Elbarade este directorul general al agentiei internationale pentru energie atomica.
3665	1.8	tratatul de neproliferare nucleara are 37 de ani.	tratatul de neproliferare nucleara este revizuit la fiecare 5 ani.
3666	2.2	Purtatorul de cuvant al ministerului chinez de externe, Jiang Yu, a declarat ca hacking-ul cibernetic este o problema globala.	Purtatorul de cuvant al ministerului chinez de externe qin gang a fost rugat sa raspunda la discursul lui Cheney despre dezvoltarea militara a Chinei.
3667	2.6	uzina va fi construita langa o uzina existenta si este proiectata sa fie operationala in 7 ani.	uzina va fi construita langa o uzina existenta, furnizata tot de China si operationala din 1999.
3668	4.4	atacurile cibernetice sunt considerate o amenintare tot mai mare pentru retelele de calculatoare militare si civile.	NATO considera atacurile cibernetice o amenintare tot mai mare pentru retelele de calculatoare militare si civile.
3669	1.2	daca India da vina pe militantii straini, aceasta face parte din propaganda sa de a induce in eroare comunitatea internationala.	abe a cerut o politica externa mai hotarata pentru Japonia si comunitatea internationala.
3670	4.8	Academia Naif Araba pentru Stiinte de Securitate din Riad a spus intr-o declaratie ca organizeaza un atelier de doua saptamani pentru 50 de experti antiterorism.	intr-o declaratie a anuntat Academia Naif Araba pentru Stiinte de Securitate - va sponsoriza un atelier de 2 saptamani pentru 50 de experti antiterorism.
3671	3.8	88 la suta din partidul democratic liberal sustine sanctiunile economice.	80 la suta din partidul democratic de opozitie sustine sanctiunile economice.
3672	1.2	sharia este lege islamica.	Iranul este o republica islamica.
3673	3.0	un numar de militanti islamici suspectati de presupuse legaturi cu Al-Qaida au fost arestati in Malaezia si Singapore, si oficialii au declarat ca reteaua militantilor se extinde in Indonezia.	militanti islamici suspectati, cu presupuse legaturi cu Al-Qaida au fost arestati in Malaezia si Singapore.
3674	4.6	in septembrie 2007, Iordania a semnat un acord cu Statele Unite pentru a sprijini dezvoltarea pasnica a noului program nuclear al Iordaniei.	in septembrie 2007, Statele Unite au semnat un acord cu Iordania pentru a sprijini dezvoltarea pasnica a noului program nuclear al Iordaniei.
3675	3.2	conform declaratiei, RS-24 intareste potentialul militar al fortelor strategice pentru a depasi sistemele de aparare antiracheta.	conform declaratiei, prototipul rachetei RS-24 este diferit de topol-m prin faptul ca este echipat cu mai multe focoase care pot fi directionate independent pentru a coplesi sistemele de aparare.
3676	0.2	naeem m. a fost spanzurat in zabol, provincia sistan-baluchestan.	zahedan este capitala provinciei sistan-baluchestan.
3677	4.8	Iranul se afla pe o cale majora de droguri intre afganistan si Europa si statele golfului persan.	Iranul se afla pe un traseu important de trafic de droguri intre Afganistan si Europa, precum si statele golfului persan.
3678	0.0	va fi gazduit de guvernul australian.	planurile Statelor Unite au suparat guvernul rus.
3679	3.6	cei 5 membri permanenti ai consiliului de securitate al Natiunilor Unite sunt Marea Britanie, China, Franta, Rusia si Statele Unite.	Membrii p5 + 1 sunt Marea Britanie, China, Franta, Rusia, Germania si Statele Unite.
3680	4.2	in iulie 2006, prim-ministrul iordanian maaruf bakhit a declarat ca - ragdad hussein si familia traiau sub protectia regelui abdullah II.	Primul ministru iordanian, Maaruf Bakhit, a declarat in iulie 2006 ca Raghdad Hussein si familia ei locuiau sub protectia regelui Abdullah II dupa ce Irakul a emis
3681	2.6	un purtator de cuvant al Siemens din Germania a declarat agentiei france-presse ca Siemens este increzator in rezultatul discutiilor de vanzare a instalatiei de procesare a plutoniului.	un purtator de cuvant al Siemens din Germania s-a abtinut sa comenteze aspectul politic al vanzarii instalatiei de procesare a plutoniului.
3682	3.8	atacul cibernetic a avut loc dupa ce intalnirea presedintelui francez sarkozy cu dalai lama a suparat guvernul chinez.	atacul cibernetic a avut loc dupa intalnirea presedintelui francez Nicolas Sarkozy cu liderul spiritual tibetan exilat, dalai lama.
3683	3.8	guvernul sud-african a impus o interdictie care interzice recrutarea de persoane in interiorul sau in afara Africii de Sud pentru asistenta mercenara sau militara straina.	ministerul de externe al Africii de Sud a declarat ca legea de asistenta militara externa a Africii de Sud interzice recrutarea de persoane in interiorul sau in afara Africii de Sud pentru asistenta mercenara sau militara externa.
3684	1.6	Ucraina are aproape toate aprobarile necesare pentru a se alatura programului agentiei spatiale europene.	Franta este un lider in agentia spatiala europeana.
3685	3.2	guvernul nord-coreean a avertizat guvernul sud-coreean impotriva participarii la programul de initiativa de securitate a proliferarii.	guvernul nord-coreean a declarat ca daca guvernul sud-coreean participa la programul de initiativa de securitate a proliferarii, acesta va avea consecinte catastrofale nespecificate.
3686	3.2	Consiliul pentru agricultura din China deschide un birou special responsabil cu transferurile de tehnologie agricola si managementul drepturilor de proprietate intelectuala si consultanta pentru a spori dezvoltarea agriculturii bazate pe cunostinte a Chinei si a aplicatiilor tehnologiei agricole.	Lee a declarat ca CoA a petrecut ultimii ani stabilind mecanisme relevante si elaborand un set de masuri promotionale pentru a spori dezvoltarea agriculturii bazate pe cunostinte a Chinei si a aplicatiilor tehnologiei agricole.
3687	3.0	presedintele parlamentar iranian gholam-ali haddad-adel a vizitat Cuba.	acordurile au fost semnate in timpul vizitei in Cuba a purtatorului de cuvant iranian de majlis (parlament), gholam-ali haddad-adel.
3688	2.6	tibetul suspecteaza guvernul chinez ca a creat virusul pentru a spiona exilatii tibetani si dalai lama.	tibetul suspecteaza guvernul chinez ca a lansat atacul.
3689	1.0	autoritatile chineze nu au fost disponibile imediat pentru comentarii.	Godzhayev si avocatii lui Godzhayev nu au fost disponibili imediat pentru a comenta.
3690	0.4	Uniunea Europeana si Statele Unite au inghetat activele lui Al-Qadi.	guvernele occidentale includ Statele Unite si Franta.
3691	1.0	guvernul chinez a intarit capacitatea de anti-proliferare a Chinei in ultimii ani.	guvernul chinez a cenzurat strict importurile si exporturile de produse chimice din China in conformitate cu legea in ultimii ani.
3692	4.2	un grup reprezentand in principal sud-africani albi, numit afriforum, a declarat ca va organiza proteste de-a lungul rutei catre Zimbabwe.	afriforum a declarat ca grupul va organiza proteste de-a lungul rutei catre Zimbabwe.
3693	3.6	putin a anuntat ca tratatul CFE nu protejeaza in mod corespunzator interesele de securitate ale Rusiei.	tratatul cfe nu protejeaza in mod corespunzator interesele de securitate ale federatiei ruse.
3694	3.4	ahmad lupta impotriva extradarii in Statele Unite si a depus o plangere oficiala in care sustine ca politia britanica a inventat rapoarte de informatii pentru a-l implica pe Ahmad in activitati teroriste si a profanat Coranul.	ahmad a depus o plangere oficiala la comisia de plangeri a politiei independente, sustinand ca politia britanica a inventat rapoarte de informatii pentru a-l implica pe Ahmad in activitati teroriste si a profanat copia lui Ahmad a cartii sfinte islamice a Coranului, punand coranul pe podea in timpul unei perchezitii in casa lui Ahmad.
3695	3.6	Rusia a ratificat versiunea modificata, dar Statele Unite si alti membri ai NATO au refuzat sa faca acest lucru pana cand guvernul rus retrage trupele din fostele republici sovietice ale Moldovei si Georgiei.	Statele Unite si alti membri ai NATO au refuzat sa ratifice versiunea modificata pana cand Rusia retrage trupele din fostele republici sovietice moldova si georgia.
3696	0.8	partea planului Statelor Unite este de a creste presiunea asupra Coreei de Nord.	Statele Unite si aliatii statelor Unite considera ca Iranul urmareste arme nucleare.
3697	0.4	Tshinvali este capitala Georgiei.	Paris este capitala Frantei.
3698	1.4	un oficial guvernamental indian a declarat ca India nu acorda prea multa credinta rapoartelor amnistiei internationale.	un oficial guvernamental indian care a studiat planurile a declarat ca stiinta era veche si datata, dar inca functionala.
3699	2.4	cabinetul chinez, consiliul de stat a anuntat ca va modifica reglementarile privind tehnologia nucleara „cu dubla utilizare” pentru a preveni terorismul nuclear.	modificarea reglementarilor privind tehnologia nucleara cu dubla utilizare va preveni terorismul nuclear.
3700	1.2	Primul ministru japonez Junichiro Koizumi a spus ca schimbarea lansetelor a fost proactiva.	in 2002, premierul japonez Junichiro Koizumi a participat la un summit in Coreea de Nord cu liderul nord-coreean Kim Jong Il.
3701	3.2	partidul comunist japonez de opozitie era impotriva noii legi si se temea ca va duce la o armata mai puternica.	partidul comunist japonez de opozitie a fost impotriva proiectului de lege care propune noua lege.
3702	3.6	unii oficiali din asean au declarat ca o astfel de standardizare ar fi dificila din cauza sistemelor politice ale diferitelor tari.	unii oficiali au declarat ca sarcina ar fi dificila pentru membrii din asean din cauza sistemelor juridice si politice variate.
3703	4.0	Irakul a facut presiuni pentru ca consiliul de securitate sa nu mai foloseasca veniturile petroliere din tara pentru a plati despagubiri victimelor razboiului din Golful din 1991 si a salariilor inspectorilor comisiei de monitorizare, verificare si inspectie a natiunilor unite si pentru ca toti banii care au ramas in contul de petrol pentru alimente a natiunii unite sa fie transferati la fondul de dezvoltare al guvernului.	noii lideri irakieni au facut presiuni pentru ca consiliul de securitate al natiunilor unite sa nu mai foloseasca veniturile din petrolul irakian pentru a plati salariile inspectorilor si pentru ca toti banii ramasi in contul petrolului pentru alimente al natiunii unite sa fie transferati catre guvernul irakian.
3704	2.2	tratatul cheie european de control al armelor trebuie mentinut	tratatul cfe este un tratat cheie european de control al armelor.
3705	2.6	regiunea triunghiului auriu a fost unul dintre cei mai mari producatori de opiu din lume.	provincia helmand este cel mai mare producator de opiu din lume.
3706	2.2	Statele Unite au respins actiunea ca santaj nuclear.	Statele Unite au declarat ca vor rezista santajului nuclear si au exclus negocierile.
3707	2.8	intalnirea a durat 3 zile.	intalnirile au durat 2 zile.
3708	3.6	ministrii din China, Laos, India, Myanmar si Thailanda vor aborda, de asemenea, initiativele de substituire a culturilor pentru minoritatile etnice sarace care inca se bazeaza pe cultivarea opiului.	ministrii din China, Laos, India, Myanmar si Thailanda vor discuta despre cum sa gaseasca piete pentru bunurile produse in locul substituirii culturilor si alte programe conexe, cum ar fi eco-turismul si fabricarea de artizanat.
3709	3.0	China este o energie nucleara si membru al Consiliul de Securitate ONU	China este membru permanent al securitatii ONU
3710	2.0	oficialii nord-coreeni sunt banuiti pentru construirea armelor nucleare.	Coreea de Nord se afla in prezent in procesul de demontare a programului sau de arme nucleare.
3711	3.4	Reporterul australian Peter Lloyd se confrunta cu 3 noi acuzatii de droguri in Singapore.	conform documentelor instantei - pe 25 iulie reporterul australian de televiziune Peter Lloyd s-a confruntat cu 3 noi acuzatii de droguri in Singapore.
3712	3.0	presedintele Vladimir Putin a semnat un decret prin care suspenda participarea Rusiei la tratatul privind fortele conventionale din Europa.	presedintele rus Vladimir Putin a semnat un decret prin care suspenda participarea Rusiei la tratatul fortelor conventionale din Europa din cauza circumstantelor care afecteaza securitatea federatiei ruse si necesita masuri imediate.
3713	2.6	conditiile de extradare stipuleaza ca tunisianul poate fi urmarit penal doar pentru acuzatia unica de falsificare a documentelor pe care autoritatile italiene le pot oferi suficiente dovezi pentru urmarirea penala.	Purtatorul de cuvant al ministerului elvetian al justitiei, folco galli, a declarat ca conditiile de extradare prevad ca mejri poate fi urmarit penal doar pentru o singura acuzatie de falsificare a documentelor, pentru care autoritatile italiene ar putea furniza suficiente dovezi pentru urmarirea penala.
3714	3.0	Se crede ca atacurile provin de la adresele IP ale administratiei rusesti ca raspuns la mutarea unei statui sovietice in estonia.	atacurile au avut loc dupa o disputa intre guvernele din Rusia si Estonia cu privire la mutarea unui memorial de razboi sovietic.
3715	2.0	India si Pakistanul raman in afara tratatului.	Israelul ramane in afara tratatului.
3716	0.0	China este membru al clubului de rachete balistice.	Rusia este membru al cvartetului din Orientul Mijlociu.
3717	4.4	Rusia se poate retrage din tratat daca SUA si alti aliati ai NATO refuza sa ratifice versiunea modificata.	a avertizat ca Rusia se va retrage din tratat daca natiunile occidentale refuza sa ratifice versiunea sa modificata.
3718	0.4	acest lucru este valabil mai ales in tarile cele mai sarace.	acest lucru a fost in special dupa ce Etiopia si-a retras fortele.
3719	3.6	Iranul a crescut considerabil numarul de executii in ultimele luni, in timp ce oficialii aplica o campanie menita sa promoveze virtutea si sa sporeasca securitatea in	oficialii iranieni au crescut executiile in 2007, deoarece oficialii aplica o campanie presupusa pentru a promova virtutea si a spori securitatea in societate.
3720	0.6	intr-o declaratie emisa de agentia oficiala de stiri spa se spunea ca al-dosari a fost condamnat pentru trafic de droguri.	violatorul a fost identificat ca hossein safarlou si a fost de asemenea condamnat pentru trafic de droguri.
3721	1.8	atat Tadjikistanul, cat si Uzbekistanul impartasesc granita cu Afganistanul si au experimentat raiduri ale militantilor islamici sustinuti de talibani in ultimii ani.	vecinul Kargazstan a suferit, de asemenea, raiduri ale militantilor islamici sustinuti de talibani in ultimii ani.
3722	1.8	Rusia a declarat ca sistemul reprezinta o amenintare clara pentru securitatea rusa.	este o amenintare grava la adresa securitatii internationale.
3723	3.0	banda s-a angajat in activitati ilegale, inclusiv huliganism, santaj, contrabanda cu arme, contrabanda cu tigari si spalare de bani si ar fi folosit incasari pentru finantarea grupurilor teroriste din Cecenia.	dansii au declarat ca banda s-a angajat in activitati ilegale, inclusiv huliganism, santaj, contrabanda cu arme, contrabanda cu tigari si spalare de bani.
3724	3.4	la centrul stiintific de stat al microbiologiei aplicate exista tot felul de bacterii mortale care au fost studiate pentru a fi utilizate in programul secret al armelor biologice al uniunii sovietice.	centrul stiintific de stat al microbiologiei aplicate a lucrat cu oamenii de stiinta occidentali pentru a transforma complexul intr-un sit de fabricare biomedicala.
3725	1.2	agentia internationala pentru energie atomica nu are acces la oameni, documente, situri.	agentia internationala de energie atomica are sediul in
3726	0.0	cartea afirma ca medicamentul transmite o imagine complet pozitiva.	oficialul a declarat ca acesta a fost un transfer complet de tehnologie.
3727	1.4	40 de detinuti executa pedepse pentru crima.	105 detinuti executa pedepse pentru trafic de droguri.
3728	2.0	Rusia isi indeplineste obligatiile si scade fortele.	suspendarea obligatiilor de catre Rusia in temeiul tratatului CFE este temporara.
3729	3.6	directorul executiv al asociatiei de control al armelor din Washington, Daryl Kimball, a declarat ca - raportul iaea este 1 dintr-o serie de semne proaste.	directorul executiv al asociatiei de control al armelor din Washington, Daryl Kimball, a declarat ca documentul israelian ar putea afecta dezbaterea asupra Indiei.
3730	4.0	CFE este una dintre problemele care au un impact negativ asupra relatiilor Rusiei cu Statele Unite si Europa.	tratatul este una dintre numeroasele probleme care cauzeaza relatii tensionate intre guvernele din Rusia si SUA. si Europa.
3731	3.2	laboratorul korobeynichev a lucrat cu laboratorul national Lawrence Livermore al Statelor Unite.	laboratorul korobeynichev a lucrat cu alte institute stiintifice.
3732	1.8	lugar si nunn sunt senatori.	lugar si nunn au acordat premierului o medalie.
3733	4.0	oficialii declara ca decizia cu privire la tratat va depinde de actiunea Statelor Unite asupra planurilor sale de desfasurare a sistemelor de aparare antiracheta in Polonia si Republica Ceha.	Oficialii militari rusi au declarat ca decizia va depinde de faptul daca Statele Unite continua cu planul sau de desfasurare a componentelor de aparare antiracheta in Polonia si Republica Ceha.
3734	3.0	semnarea acordului este o problema periferica a reuniunii sefilor de personal al apararii din cele 26 de tari aliate ale NATO.	acordul a fost semnat in timpul unei sedinte regulate a sefilor de personal al apararii din cei 26 de aliati ai NATO.
3735	3.6	la inceputul lunii mai 2002, oficiali din Filipine, Malaezia si Indonezia au semnat un acord antiterorist pentru a impartasi listele de pasageri ai companiilor aeriene si alte informatii.	la inceputul lunii mai 2002, Filipine, Malaezia si Indonezia au semnat un acord pentru partajarea informatiilor despre terorism.
3736	3.2	dupa prima intalnire dintre liderii uniunii europene si liderii din albania, bosnia si hertegovina, croatia, macedonia si serbia si muntenegru, liderii din tarile balcanice occidentale se angajeaza sa diminueze criminalitatea organizata si coruptia din Balcani pentru a indeplini cerintele de aderare la uniunea europeana .	lideri din albania, bosnia si hertegovina, croatia, macedonia si serbia si muntenegru s-au intalnit pentru prima data cu liderii uniunii europene urmarind aderarea la uniunea europeana.
3737	3.6	rezolutia impune tuturor celor 192 de state membre ale natiunilor unite sa adopte legi pentru a impiedica teroristii, comerciantii negri si alti actori nestatali sa fabrice, sa achizitioneze sau sa traficeze cu arme nucleare, biologice sau chimice sau cu materialele cu care le fabrica.	rezolutia 1540 impune tuturor tarilor sa adopte legi pentru a impiedica actorii nestatali sa fabrice, sa achizitioneze sau sa traficeze arme nucleare, biologice sau chimice, materialele cu care le fabrica si rachetele si alte sisteme care sa le livreze.
3738	2.0	Asociatia internationala de energie atomica a declarat ca Iordania a fost de acord cu masurile suplimentare.	asociatia internationala de energie atomica este cainele de paza al natiunilor unite.
3739	0.4	exista multa ingrijorare cu privire la droguri.	este mult de lucru.
3740	3.0	raportul amnistiei internationale a sugerat ca Belgia incepe discutii imediate cu India pentru a preveni vanzarile viitoare de alh, componente sau tehnologie militara catre Myanmar.	raportul a indemnat Belgia sa inceapa discutii imediate cu India pentru a preveni vanzarea viitoare de arme catre Myanmar.
3741	3.0	infractiunile capitale in Iran includ crima, viol, jaf armat, apostazie, blasfemie, trafic serios de droguri, sodomie repetata, adulter, prostitutie, tradare si spionaj.	infractiunile capitale in Iran includ crima, viol, jaf armat, trafic serios de droguri si adulter.
3742	3.4	Arabia Saudita este o monarhie absoluta care a facut pasi spre reforma.	Arabia Saudita este o monarhie absoluta si are un consiliu consultativ numit de guvern.
3743	3.0	purtatorul de cuvant a spus ca va avea loc un schimb de opinii cu privire la chestiuni de actualitate internationale si regionale, bazat pe o relatie de lucru comuna in centrul ONU. Kamynin a spus ca Rusia recunoaste participarea Libiei la lucrarile al Consiliul de Securitate ONU.	Kamynin a spus ca va avea loc un schimb de opinii cu privire la chestiuni de actualitate internationale si regionale, bazat pe o relatie de lucru comuna in centrul ONU.
3744	2.6	vizita lui shalgam la Londra este prima de catre un ministru libian de externe din 1969.	a fost anuntata o vizita in Libia a ministrului rus de externe.
3745	1.8	guvernele indian si pakistanez aproape s-au angajat intr-un al patrulea conflict in 1999.	Guvernele indian si pakistanez au efectuat teste nucleare in mai 1998.
3746	3.8	Iguaran a declarat ca detinutii vor fi acuzati de omucidere, colaborare criminala, rapiri si finantarea terorismului.	Iguaran a declarat ca detinutii au fost implicati si in asasinarea unor membri ai politiei dintr-un grup anti-rapire.
3747	2.4	3 suspecti extremisti au fost eliberati pe cautiune.	1 extremist suspectat a fost eliberat provizoriu fara cautiune.
3748	0.8	6 angajati din spitalul ceh sunt acuzati de trafic de organe umane.	acuzatul va fi acuzat de trafic international de droguri.
3749	2.0	acest lucru a agravat si mai mult situatia.	Coreea de Nord nu ar trebui sa actioneze in continuare pentru a agrava situatia.
3750	2.6	Stapan al drogurilor capturat de marini in Mexic	Suspect de stapan al drogurilor cunoscut sub numele de „El Taliban” detinut in Mexic
3751	4.4	SC respinge pledoaria de revizuire a guvernului in cazul fiscal Vodafone	SC respinge petitia de revizuire a guvernului privind verdictul fiscal Vodafone
3752	2.6	Explozia loveste conducta de petrol din Siria Homs	Explozia loveste conducta in timp ce Assad ataca orasele
3753	3.8	Soldatul NATO ucis in atacul afgan	Soldat NATO ucis in S. Afganistan
3754	4.2	Castro sarbatoreste 86 de ani luni	Fidel Castro sarbatoreste 86 de ani
3755	3.0	Fostul spion israelian avertizeaza impotriva razboiului „mesianic” din Iran	Fost sef israelian de spionaj: nicio incredere in conducerea asupra Iranului - video
3756	3.8	Deschiderea ochilor: Curtea Suprema se pronunta asupra legii imigratiei din Arizona	Curtea Suprema a SUA emite o hotarare divizata privind legea imigratiei din Arizona
3757	3.2	NATO urmareste drumul din Afganistan	Liderii NATO se angajeaza in tranzitia din Afganistan
3758	4.0	Siria spune ca un atentator sinucigas ucide 10 in Damasc	„Bombardamentul sinucigas” din Damasc ucide 10 persoane
3759	0.8	Sachin Tendulkar spune ca nu sunt Dumnezeu, sunt Sachin	Sachin Tendulkar marcheaza primul secol al 100-lea al cricketului
3760	2.4	Premierul australian Gillard urmeaza sa castige provocarea de lider	Premierul australian a sfidat sub presiunea asupra conducerii
3761	2.4	Obama sustine Filipine peste Marea Chinei de Sud	Obama spune ca sunt necesare reguli clare pentru a calma Marea Chinei de Sud
3762	3.2	Un adolescent din China ucide 8, raneste 5 in atacul cu cutitul	Adolescentul ucide 8 in atac cu cutitul
3763	3.8	Rebelii sirieni muta comanda din Turcia in Siria	Armata Siriana Libera muta sediul din Turcia in Siria
3764	0.4	Vorbitor Knesset: realegerea lui Obama este rea pentru Israel	7 state dau in judecata regulile de control al nasterilor din partea administratiei Obama
3765	2.8	Schimbul de obligatiuni din Grecia este cea mai mare restructurare a datoriilor din istorie	Grecia asigura cel mai mare acord de datorii din istorie
3766	1.0	"Putin ""castiga alegerile prezidentiale din Rusia"""	Sondajele deschise la alegerile prezidentiale din Rusia
3767	0.2	Ministrul indian de finante renunta sa candideze pentru presedintie	Julian Assange intentioneaza sa candideze pentru Senatul australian
3768	3.8	Jerry Sandusky a fost gasit vinovat in procesul de abuz sexual asupra copiilor	Sandusky a fost gasit vinovat in procesul de abuz sexual asupra copiilor
3769	2.4	Trei tibetani se autoimoleaza in vestul Chinei: raport	7 tibetani se autoimoleaza in China
3770	3.6	Casa Alba in controlul daunelor asupra observatiilor Curtii Supreme Obama	Verificarea faptelor: observatiile Curtii Supreme a lui Obama
3771	2.0	Annan avertizeaza discutiile despre riscurile Siriei	Putin, Annan se intalnesc cu privire la criza Siriei
3772	1.4	Cvartetul solicita israelienilor si palestinienilor sa puna capat iritantilor	Ocupatia de a confisca 30 de dunumuri de pamant palestinian in Deir Estia
3773	4.8	Sauditele vor permite femeilor sa concureze la olimpiade	Femeilor saudite li se permite sa concureze la Jocurile Olimpice
3774	2.2	O multime de oameni din cadrul Univeristatii Nigeria au fost atacati de oameni inarmati	Nigeria: Universitatea bombardata in nord
3775	3.2	Cabinetul Chinei promite sa stimuleze economia	China Wen promite crearea de locuri de munca
3776	1.0	Furtuna tropicala Isaac creste cererile de somaj	Furtuna tropicala Joyce se formeaza, ramane in Atlantic deschis
3777	3.2	Freddie Starr a fost arestat in ancheta Savile pentru abuz	Al treilea barbat arestat in ancheta Savile pentru abuzuri sexuale
3778	5.0	Romney il anunta pe Paul Ryan ca coleg de candidat	Romney il numeste pe Ryan ca coleg de candidat
3779	3.6	Actiunile cresc devreme dupa acordul grecesc, apoi se aplatizeaza	Actiunile cresc mai mult dupa acordul datoriei grecesti
3780	4.0	Atentatul sinucigas stapaneste tabara militara de elita a Yemenului	Atacatorii sinucigasi ataca posturile militare din Yemen
3781	2.2	NATO: 2 soldati internationali ucisi in Afganistan	Trei soldati NATO ucisi intr-o singura zi in Afganistan
3782	1.8	Protestatarii de la Moscova cer demisia lui Vladimir Putin	Protestul Moscovei impotriva lui Vladimir Putin mai mic si mai linistit
3783	1.0	Participarea la alegerile din Franta este mai mare decat se astepta	Alegerile prezidentiale franceze: primul tur - actualizari live
3784	4.4	Australia va infiinta cea mai mare rezervatie marina din lume	Australia creeaza cele mai mari rezerve marine din lume
3785	1.6	Doi soldati americani au fost impuscati, ucisi de soldatul afgan	Doi soldati britanici ucisi de un politist afgan
3786	1.4	Soldatii italieni mor in Afganistan	Doi soldati britanici ucisi in Afganistan
3787	4.0	Abbas va conduce guvernul de unitate palestinian	Abbas propus ca prim-ministru in guvernul de unitate interimar
3788	2.8	Biserica copta din Egipt numeste noul Papa	Biserica copta din Egipt se pregateste sa-l aleaga pe papa
3789	3.6	Malawi confirma oficial moartea presedintelui	Malawi confirma moartea presedintelui Mutharika
3790	3.8	Rebelii tuareg din Mali declara independenta	Rebelii din Mali declara „Azawad” independent
3791	1.4	Lance Armstrong a pierdut titlurile din Turul Frantei	Lance Armstrong planifica strategia dupa pierderea titlurilor
3792	1.0	Egiptul voteaza in ultima zi a alegerilor prezidentiale	Sondajele deschise in Franta pentru alegerile prezidentiale
3793	0.6	Madeleine McCann este inca in viata?	Redeschideti cazul Madeleine, indeamna politia
3794	1.4	Surferii australieni gasesc solicitanti de azil afectati	Mayday: temeri pentru solicitantii de azil
3795	3.0	ISAF: 4 soldati ai coalitiei au fost ucisi intr-un atac care implica politie afgana	NATO spune ca patru soldati ucisi in atacul „din interior” din sudul afganului
3796	3.2	Votul unanim al Consiliului de Securitate al ONU asupra Siriei	Consiliul de Securitate al ONU va vota pe pana la 300 de monitori sirieni
3797	5.0	Un om inarmat a ucis 6 persoane in impuscaturi in templul sikh din Wisconsin	Un om inarmat a ucis sase in impuscaturi la templul sikh din Wisconsin
3798	0.6	Audi va cumpara producatorul de motociclete Ducati	Sondaj pe piata asigurarilor auto
3799	4.2	Agentia de stiri din China: inca mai speram pacea Siriei	Agentia de stat de stiri din China: Exista inca speranta pentru pacea Siriei
3800	0.4	22 de morti in atacul sinucigas in academia de politie din Yemen	Fortele UA intensifica atacul asupra rebelilor somali
3801	1.2	Coreea de Sud comanda oprirea imediata a 2 reactoare nucleare	Coreea de Sud va stimula energia nucleara?
3802	1.6	SUA, aliati pentru a stabili cereri pentru negocierile nucleare din Iran	„Iranul nu va accepta conditiile prealabile pentru negocierile nucleare”
3803	4.8	AOL spune sa vanda 800 de brevete catre Microsoft pentru 1,0 miliarde de dolari	AOL va vinde 800 de brevete catre Microsoft pentru 1 miliard de dolari
3804	1.2	Mii de soldati marsaluiesc pentru Jubileu	Mii de oameni merg la Amsterdam pentru Ziua Reginei
3805	0.8	Orientul Mijlociu: Israel: Liderul Hamas condamnat	Orientul Mijlociu: Irak: 17 prizonieri evadeaza in Kirkuk
3806	4.2	Navy Jet se prabuseste in cladire de apartamente	US Navy Jet se prabuseste in bloc de apartamente
3807	0.6	Femeia moare dupa refuzul avortului	Femeia moare dupa ce stanca se prabuseste in Dorset
3808	2.2	SUA si Turcia cantaresc zone fara zbor pentru Siria	SUA si Turcia strang coordonarea in Siria
3809	3.6	Numarul mortilor creste la 236 dupa exploziile din Brazzaville	Rep. Congo: 236 morti dupa explozii din depozitul de arme
3810	1.0	Voi avea un alt cal batran in herghelie	Voi avea un altul sa castige Preakness
3811	0.6	Oferta de salvare a jurnalistilor sirieni esueaza	Jurnalistii au facut contrabanda din Homs
3812	1.8	O noua reclamatie sexuala ajunge la Serviciul Secret	Noi reguli pentru serviciul secret al SUA
3813	0.0	Rimsha inca eliberat pe cautiune	Mandela a fost eliberat din spital
3814	0.0	1 persoana ucisa in ciocniri sectare in Liban	180 de morti in cutremurul din Iran
3815	0.0	Castigurile din stocurile financiare cresc actiunile europene	Crestinii britanici duc plangeri la instanta europeana
3816	1.6	Turcia trage o alarma asupra refugiatilor sirieni	Turcia incearca sa mute unii refugiati sirieni
3817	1.6	Suspectat finantator al-Qaeda arestat in Franta	Trei suspecti al Qaeda arestati in Spania
3818	1.6	Fara daune, tsunami-ul dupa cutremurul 6.6 a lovit Sumatra din Indonezia	5.9 cutremur a lovit Sumatra Indoneziei: USGS
3819	2.2	Atacurile aeriene israeliene ucid 16 persoane in Gaza	Atacurile aeriene din Israel ucid 4 in Gaza; numarul mortilor acum la 38
3820	1.4	18 morti, 108 raniti in valul de bombardamente din Irak	9 morti, 31 raniti cu bombe in autoturisme in Kirkuk din Irak
3821	2.0	Prizonierul palestinian pune capat grevei de foame dupa acord	Israelul va elibera grevistul de foame
3822	3.4	Hezbollah confirma ca a trimis drona cazuta peste Israel	Hezbollah spune ca a trimis drone peste Israel
3823	3.2	Luptatorii rebeli „captureaza” soldatii sirieni	Armata siriana libera ii captureaza pe ofiteri sirieni
3824	2.4	Suspectul de impuscare din Colorado se afla in grija psihiatrului	Doctorul care il trata pe suspectul impuscarii Aurorei a fost mustrat medical
3825	4.8	6.6 cutremur stanjeneste Papua din Indonezia: USGS	6.6 cutremur stanjeneste Papua din Indonezia: Studiul Geologic SUA
3826	0.4	La ce ora este Andy Murray si Roger Federer in finala masculina de la Wimbledon? Tot ce trebuie sa stiti despre marele joc	La ce ora este ceremonia de deschidere paralimpica? Tot ce trebuie sa stiti despre ridicatorul de perdele mare
3827	3.6	Scoala din New Jersey interzice imbratisarea	Scoala americana interzice imbratisarea
3828	4.6	Iran (Republica Islamica a): Iranul intensifica eforturile de ajutorare dupa ce cutremurele au ucis 227	Iranul intensifica eforturile de ajutorare dupa ce cutremurele au ucis 227
3829	2.4	Avertisment de tsunami emis pentru sudul Alaska	Avertisment de tsunami dupa cutremurul din Canada
3830	0.8	„Fara dovezi” in cazul masacrului din Afganistan	Taxa americana in Afganistan atinge 2.000
3831	3.8	Marea companie Apple este nevoita sa plateasca dividende, sa rascumpere actiuni	Apple trebuie sa plateasca dividendul de 2,65 USD / actiune si sa cumpere inapoi actiuni de 10 miliarde USD
3832	4.6	Doi raportati morti in impuscaturi la Empire State Building din NY	2 morti in impuscaturi in fata Empire State Building
3833	1.0	Somajul australian pana la 5,1%	Rata somajului in Franta creste la 10%
3834	0.4	Actiunile cresc mai sus pe Wall Street	Sandy se intareste pe masura ce se apropie de coasta; Wall Street inchis
3835	2.6	Venitul Halliburton 1T creste cu 23%	Profiturile Halliburton T1 cresc in urma vanzarilor puternice din America de Nord
3836	0.8	4 oameni ucisi in bombardamentele de altar in nord-vestul Pakistanului	12 morti in atacurile Statelor Unite cu drone in nord-vestul Pakistanului
3837	1.6	Actiunile din China se inchid vineri mixte	Actiunile din China se deschid vineri mai jos
3838	0.8	India interzice textele in vrac dupa revolte	Tunisia ridica starea de asediu dupa revolte
3839	2.4	ONU monitorizeaza inca site-ul „masacrului” sirian - video	Monitori ai ONU au fost impuscati in drum spre locul masacrului sirian
3840	3.6	Soldatul din Yorkshire ucis in explozia bombei afgane	Soldatul ucis in explozia din Afganistan
3841	3.75	Islamistii radicali din Mali inroleaza noi militii	Militia locala consolideaza militantii islamisti din Mali
3842	4.2	Ceremonia de deschidere a olimpiadelor un success in jurul globului	Ceremonia de deschidere ofera Jocurilor Olimpice un inceput dragut
3843	4.8	Om ucis in raidul terorist francez	Omul moare in „operatiunea antiterora” franceza
3844	5.0	Capello renunta ca manager al Angliei	Capello demisioneaza din functia de manager al Angliei
3845	3.2	Un mort in impuscaturile scolii din Ohio	1 mort, 4 raniti in impuscaturile scolii din Ohio
3846	2.4	2 palestinieni ucisi in atacurile aeriene israeliene	Patru palestinieni ucisi in atacul IAF
3847	3.2	Pakistanul condamna atacurile Statelor Unite cu drone	Convoaiele din Pakistan se indreapta sa proteste impotriva atacurilor cu drone americane
3848	4.0	Uraganul masiv Sandy coboara pe coasta de est a SUA	Uraganul Sandy castiga viteza si bate coasta de est a SUA
3849	3.6	Sarkozy va depune o plangere in cererea de finantare Gadhafi	Sarkozy va da in judecata dupa ce revendicarea in numerar a lui Gaddafi a intrat in campanie
3850	2.0	Din nota citirea obligatorie pentru miercuri, 4 iulie 2012	Din nota citirea obligatorie pentru miercuri, 30 mai 2012
3851	4.4	„Iranul va ataca Tel Avivul daca Israelul loveste”	Cleric senior: Iranul va ataca Tel Aviv daca Israelul loveste
3852	0.0	Gusmao isi consolideaza puterea in alegerile din Timorul de Est	Posibilitatile Curtii Supreme daca Romney castiga alegerile
3853	0.6	Pena Nieto castiga votul prezidential din Mexic: iesiti din sondaje	Sondaj: Putin va castiga votul prezidential al Rusiei
3854	3.4	Siria spune Rusiei ca unele trupe s-au retras din Homs	Siria spune ca trupele au inceput retragerea - video
3855	2.6	Accident avion Nigeria: Nu exista supravietuitori	4 chinezi printre victimele accidentului de avion din Nigeria
3856	2.8	Explozia la rafinaria din Venezuela ucide cel putin 39	Venezuela jeleste mortii exploziei rafinariei de petrol
3857	3.6	Cutremur puternic a lovit Mexicul	Cutremur puternic a lovit langa Acapulco
3858	3.8	Rusia si China vetoeaza rezolutia ONU cu privire la uciderile din Siria	Rusia si China in dublu veto la rezolutia ONU pentru Siria
3859	2.6	Avionul pakistanez se prabuseste cu 127 la bord	Avionul pakistanez se prabuseste cu 130 de persoane la bord
3860	4.4	Consiliul de securitate al ONU dispune sanctiuni globale impotriva retelei Haqqani din Afganistan	ONU dispune sanctiuni globale impotriva retelei Haqqani
3861	0.0	Erdogan si Putin au vorbit cu voce ridicata	Militantii straini ucisi in Somalia in lovitura cu masina
3862	4.0	Arabia Saudita aresteaza militanti suspectati cu legaturi cu Al-Qaeda	Arabia Saudita aresteaza militanti suspectati, relateaza presa de stat
3863	4.8	Uraganul Sandy se inchide pe coasta de est a SUA	Uraganul Sandy vizeaza coasta de est a SUA
3864	2.2	Greva profesorilor din Chicago: Vacante pentru studenti, pentru bine sau pentru rau	Greva profesorilor din Chicago ridica anumite probleme pentru sindicate
3865	1.6	Panetta spune ca rolul Afganistanului va trece de la lupta in 2013	Panetta: Afganistanul sustine subiectele Conferintei NATO
3866	4.0	Patru barbati admit complotul cu bomba de la Bursa din Londra	Patru barbati recunosc complotul bombelor din Londra
3867	1.6	Israelul ameninta actiunea impotriva navei de ajutor din Gaza	Israelul ataca in Fasia Gaza dupa focul de racheta
3868	3.8	Trupuri neinsufletite gasite la accidentul de avion rusesc in Indonezia	12 cadavre au fost gasite la un accident de avion rusesc in Indonezia
3869	1.0	Siria indeamna refugiatii sa se intoarca	Armasarul tenu al Siriei ia stapanire
3870	4.2	Soldatul american ucide pana la 16 civili in Afganistan	Soldatul american ucide pana la 16 civili afgani in impuscaturi
3871	1.2	Rupert Murdoch: Am fost victima unei musamalizari	Rupert Murdoch stabilit pentru a doua zi de interogare
3872	0.4	Garzile de corp ale lui Barack Obama au fost trimise inapoi in SUA dupa scandalul prostitutiei	Seful Barclays incepe sa evalueze rezolvarea scandalului
3873	3.8	Yuanul Chinei creste la un nou nivel fata de USD miercuri	Yuanul Chinei avanseaza la 6,3103 fata de USD miercuri
3874	4.0	Nissan va vinde masini orientate dupa fire	Nissan va oferi sisteme de directie prin cablu la unele masini Infiniti
3875	3.8	Calugar tibetan moare dupa ce si-a dat foc ca protest impotriva stapanirii chineze	Un calugar tibetan adolescent moare dupa ce si-a dat foc in China
3876	1.0	Mumbai este al doilea cel mai scump oras indian in care se poate locui	Capitala tehnologica Bangalore, cel mai scump oras indian in care se poate locui: sondaj
3877	3.8	Barbat, in varsta de 19 ani, chestionat in legatura cu crima unui adolescent	Omul chestionat in legatura cu crima lui Megan-Leigh
3878	3.4	Israel il ucide pe comandantul Hamas si bombardeaza tintele Gaza	Atacurile aeriene din Israel il ucid pe comandantul Hamas, alti 5
3879	3.6	Gusmao isi consolideaza puterea in alegerile din Timorul de Est	Gusmao porneste in Timorul de Est
3880	4.4	echipa de monitorizare ONU urmeaza sa ajunga pe terenul „masacrului” sirian - video	echipa de monitorizare ONU incapabil sa ajunga la locul uciderilor din Siria
3881	4.8	NATO condamna doborarea siriana a jetului militar turc	NATO condamna cu tarie doborarea jetului turc de catre Siria
3882	0.8	Rebelii sirieni ataca posturile libaneze langa granita: armata	Armata turca organizeaza exercitii de tancuri langa granita cu Siria
3883	0.2	Cinci ucisi in prabusirea cladirii din China	Cel putin 20 ucisi in Siria sambata
3884	3.4	Fortele siriene lanseaza noi atacuri	Fortele siriene lanseaza atacul de la Alep
3885	1.4	Gazanii trag 2 rachete in Israel; fara rani	Gazanii trag 89 de rachete; cabinetul aproba apelul de rezerva
3886	4.6	Fostul paznic nazist al lagarului de exterminare Demjanjuk a murit la 91 de ani	John Demjanjuk, condamnat paznic al lagarului de exterminare nazist, moare la varsta de 91 de ani
3887	3.8	Boris Johnson reales ca primarul Londrei	Johnson reales primar pentru Londra
3888	1.0	Breivik renunta la salutul de extrema dreapta in instanta	Breivik primeste o pedeapsa de 21 de ani
3889	1.4	Al doilea adolescent acuzat de crima	Fratele actritei EastEnders, Gemma McCluskie, este acuzat de uciderea ei
3890	0.8	Francezii se tem de un nou criminal in serie dupa crime	Procesul de crima din Jersey: Ucigas „aude voci”
3891	4.2	SUA: Fratele Madoff va pleda vinovat in NY pentru frauda	Fratele lui Madoff va pleda vinovat de frauda
3892	1.8	Hollande il invinge pe Sarkozy la votul presedintiei franceze	Sondajele se deschid in toata Franta la alegerile prezidentiale
3893	3.2	Guvernul libian relua aeroportul Tripoli	Militia libiana preia controlul asupra aeroportului din Tripoli
3894	4.6	Clinton avertizeaza Kenya cu privire la costul violentei electorale	Clinton avertizeaza Kenya cu privire la costul tulburarilor electorale
3895	4.6	Curtea Suprema din Arkansas anuleaza legea executarii	Judecatorii din Arkansas anuleaza pedeapsa cu moartea
3896	4.2	Fostul presedinte din Africa de Sud, Mandela, a fost externat din spital	Mandela externat din spital
3897	0.2	Trimis al ONU in Turcia pentru discutii despre Siria	NZ va spori exporturile catre China
3898	1.0	Islamistul Morsi castiga alegerile prezidentiale din Egipt	Al-Shater va candida la alegerile prezidentiale din Egipt
3899	1.6	Donna Summer, regina discotecii	Donna Summer, Regina discotecii, moare la 63 de ani
3900	3.6	Musulmanii din Bangladesh ard altarele budiste, spune politia	Musulmanii ard pe templele budiste
3901	0.4	Drona Statelor Unite ucide cinci militanti in Pakistan	Sase ofiteri de politie ucisi in atacuri in Dagestan
3902	0.0	Viitorul presedinte interimar din Mali se pregateste sa intre in functie	Papa se ia de preotii disidenti in legatura cu celibatul
3903	1.2	9 morti, 168 raniti in ultimele ciocniri din Cairo	10 morti, 12 raniti in explozia sinucigasa a aeroportului din Afganistan de Est
3904	3.8	Romney castiga caucuze republicane din Maine	Romney, in revenire, are o victorie ingusta in Maine
3905	3.8	Curtea din Bahrain respinge apelul ultimului miting al medicilor	Bahrain respinge apelul activistilor
3906	3.6	Uraganul Sandy se indreapta spre estul marii	Uraganul Sandy se indreapta spre SUA
3907	0.0	Clinton cere prietenilor Siriei sa se uneasca	Artistul plastic solicita un sprijin mai mare pentru noile talente
3908	0.0	JK Rowling lanseaza primul ei roman pentru adulti	Siria lanseaza un atac terestru in Alep
3909	2.4	Partidele guvernului algerian domina alegerile	Participarea la votul parlamentar national algerian ajunge la 44,38%
3910	0.6	Oficial de securitate ucis in Yemen	Personal de securitate ucis in raidul din Pakistan
3911	3.2	Actiunile americane scad pe masura cum discutiile grecesti se poticnesc; Apple cade	Actiunile SUA scad pe Wall Street pe masura ce discutiile grecesti continua
3912	5.0	Romney il alege pe Ryan ca vicepresedinte candidat: sursa	Romney il va alege pe Ryan candidat de vicepresedinte
3913	1.0	NATO ramane la foaia de parcurs a tranzitiei in Afganistan: Rasmussen	Elicopterul NATO aterizeaza greu in estul Afganistanului
3914	1.4	Mubarak se confrunta cu verdictul in procesul crimei	Fiii lui Mubarak se confrunta cu noi acuzatii de tranzactionare din interior
3915	2.0	Nu exista blocaje in investitii	India permite investitiile din Pakistan
3916	2.6	Explozia ucide 11 in nord-vestul Pakistanului	Bomba ucide 19 in nord-vestul Pakistanului
3917	0.8	5 voluntari eliberati in operatiune in Afganistan	Un atentat sinucigas ucide 37 la moscheea din Afganistan
3918	3.6	Doi soldati NATO ucisi in Afganistan	Soldatul NATO ucis in explozia afgana
3919	4.0	Nadal se nimereste in finala Open din Franta	Nadal pana la a saptea finala a Openului Frantei
3920	3.2	Rapoartele TV ruse au stricat tentativa asupra lui Putin	Rusia, Ucraina au stricat complotul pentru uciderea lui Putin, se arata in raport
3921	4.4	Putin revendica victoria la alegerile prezidentiale din Rusia	Putin castiga alegerile prezidentiale ruse contestate
3922	5.0	Ramasite de 167 de cadavre gasite in pestera mexicana	Ramasite de 167 de persoane gasite in pestera Mexicului
3923	4.0	fata orfana de la masacra din Alpi se intoarce in Marea Britanie	Atac Alpi: Fata se intoarce in Marea Britanie
3924	2.8	Echipa Obama ridica miza dezbaterii	Obama ia ofensiva impotriva lui Romney in dezbatere
3925	0.8	Doi ministri kenyeni dintre cei 6 ucisi intr-un accident de avion	Polonia il onoreaza pe presedintele ucis in accidentul aerian din 2010
3926	2.8	Mii de oameni se aduna pentru noul miting rus anti-Putin	Mii de oameni se aduna la Moscova pentru mitinguri rivale
3927	3.8	Google numeste noul director executiv pentru Motorola Mobility	Google il numeste pe Dennis Woodside pentru a conduce Motorola Mobility
3928	4.4	Uraganul masiv Sandy coboara pe coasta de est a SUA	Uraganul Sandy vizeaza coasta de est a SUA
3929	3.4	O alta racheta loveste Eshkol; fara rani	2 rachete au lovit Eshkol; niciunul ranit
3930	3.8	Inca peste mii de refugiati sirieni fug in Turcia peste noapte	8.000 de refugiati sirieni fug in Turcia peste noapte
3931	4.0	Assange face apel la extradare la instanta superioara din Marea Britanie	Assange va face apel la extradare la instanta superioara din Marea Britanie
3932	2.0	Cutremur puternic zguduie majoritatea partilor din Pakistan	Un cutremur puternic a lovit estul Indoneziei
3933	1.0	Armati libanezi se ciocnesc asupra crizei din Siria	Sirienii au solutia pentru stoparea crizei din Siria
3934	4.0	Mafia ucide un individ pentru arderea Coranului	Mafia pakistaneza il ucide pe individ „pentru arderea Coranului”
3935	1.8	Atacul Statelor Unite cu drone ucide patru in Waziristan de Nord	Atacul Statelor Unite cu drone ucide 10 persoane in nord-vestul Pakistanului: oficiali
3936	4.6	Pictura lui Salvador Dali smulsa din galeria din New York	Pictura lui Salvador Dali a fost smulsa in New York
3937	1.8	Putin revendica victoria la alegerile prezidentiale din Rusia	Victoria alegerilor lui Putin in Rusia va fi intampinata cu proteste?
3938	4.2	Sarkozy anunta o oferta de realegere	Francezul Nicolas Sarkozy isi face oficiala oferta de reelectie
3939	4.6	SUA, Marea Britanie in pact pentru eliberarea stocurilor de petrol de urgenta	SUA, Marea Britanie vor fi de acord cu eliberarea stocurilor de petrol de urgenta
3940	3.0	Somajul in zona euro ramane la un record de 11%	Somajul in zona euro este la un nivel record in iunie
3941	3.8	Partidul Socialist Francez castiga victoria parlamentului	Socialistii francezi castiga majoritatea absoluta a parlamentului
3942	0.6	Islamisti salafi, politisti se ciocnesc in Tunis - martori	Al doilea islamist grevist al foamei moare intr-o inchisoare tunisiana
3943	3.8	Strauss-Kahn este investigat in legatura cu reteaua de prostitutie franceza	Dominique Strauss-Kahn se confrunta cu intrebari legate de reteaua de prostitutie franceza
3944	1.8	Romney castiga alegerile preliminare republicane	Romney priveste etapa preliminara a alegerilor republicane
3945	2.6	Atacul american cu drone ucide patru in Waziristan de Nord	Suspectatul atac cu drone ucide 4 persoane in Pakistan
3946	2.4	2 accidente de circulatie s-a soldat cu 47 de morti in China	3 accidente rutiere s-a soldat cu 56 de morti in China
3947	0.0	Seful CIA demisioneaza din cauza aventurii amaroase	Hall of Fame ii face semn lui Capriati
3948	4.0	Francezul Strauss-Kahn a fost acuzat de implicare in reteaua vicioasa de prostitutie	Strauss-Kahn a fost acuzat de prostitutie
3949	3.6	Sony raporteaza record pierderi anuale	Previziunile Sony inregistreaza record pierderi anuale de 6.4 miliarde de dolari
3950	0.4	12 ucisi in Gaza in urma atacurilor aeriene israeliene	Ictu, Ibec incep greva companiei aeriene
3951	1.4	9 morti in atacuri dupa o zi mortala in Irak	19 Ucisi in atacuri din Irak inainte de sfarsitul Ramadanului
3952	4.4	Barclays lovit de noi investigatii a Statelor Unite	Barclays lovit de o noua sonda a Statelor Unite
3953	0.4	SUA inchide ambasada in Siria (AP)	Drumuri inchise in Armenia
3954	4.4	UE ridica noi sanctiuni asupra Siriei	UE impune noi sanctiuni regimului sirian
3955	3.4	Rusii se manifesta impotriva guvernarii lui Putin	Zeci de mii se manifesta impotriva guvernarii lui Putin (AP)
3956	4.0	Grand Prix in Bahrain se desfasoara concomitent cu protestele	Cursa din Bahrain merge inainte in mijlocul nelinistilor
3957	1.4	Stocurile Chinei se deschid plat luni	Bursele chineze se deschid mixte miercuri
3958	4.6	Sheryl Crow spune ca are o tumoare cerebrala benigna	Sheryl Crow are o tumora cerebrala benigna
3959	3.8	Parlamentul afgan aproba pactul de securitate SUA-Afganistan	Parlamentul afgan aproba parteneriatul SUA
3960	0.6	Doi turisti germani, doi piloti ucisi in accidentul aerian din Kenya	Senatorul Reid implicat in accidentul cu masina din Las Vegas: CNN
3961	3.6	Negociatorii israelieni, palestinieni se intalnesc in liniste	Negociatorii israelieni, palestinieni se intalnesc in Iordania
3962	3.6	Astronautul american Neil Armstrong a murit la 82 de ani	Astronautul american Neil Armstrong moare
3963	4.2	Amnistie: rebelii sirieni comit si ei abuzuri	Anchetatorul amnistiei: rebelii din Siria comit si ei abuzuri
3964	1.6	Mitt Romney castiga alegerile republicane preliminare	Romney castiga alegerile republicane preliminare
3965	4.0	Activistul pentru drepturi est-german Gauck a fost ales presedinte	Joachim Gauck ales ca presedinte german
3966	2.4	Africa de Sud incepe sa investigheze violenta minelor	Africa de Sud gazduieste „discutii de pace” in asteptarea mea
3967	0.4	3 morti, 27 raniti in accidentul din China de Sudvest	35 de morti si 165 disparuti in accidentul cu barca din India
3968	1.0	Santorum razboinic la victoria din Minnesota	Santorum castiga caucusurile din Kansas
3969	4.0	Legenda spatiului Neil Armstrong moare	Primul om de pe Luna, Neil Armstrong, moare la 82 de ani
3970	4.8	SUA si Turcia cantaresc zone fara zbor pentru Siria	Turcia, SUA cantaresc zone fara zbor pentru Siria
3971	0.8	Om arestat pentru o dubla crima	Om din WA arestat in raidul politiei impotriva drogurilor
3972	2.8	Judetele din Florida extind votul anticipat	Democratii Fla. doresc prelungirea programului de votare timpurie
3973	3.8	Nava de razboi navigheaza spre Falklands	Nava de razboi britanica navigheaza spre Falklands
3974	1.0	Newcastle 2-0 Liverpool: raport de meci, imagini si momente video	QPR 1-2 West Ham: Raport de meci, imagini si momente video
3975	2.8	Prizonierii palestinieni vor pune capat grevei foamei	Progrese raportate in discutiile de greva a foamei a detinutilor palestinieni
3976	1.0	Politie: Patru ucisi in incidentul german de luare de ostatici	Palestinieni: 12 morti in atacul IDF in nordul Fasiei
3977	4.25	Egiptul il lasa pe premierul Mubarak sa revina in cursa prezidentiala	Egiptul il confirma pe premierul lui Mubarak inapoi in cursa presedintiei
3978	0.6	Jurnalisti sirieni ucisi in capitala	Marinarii americani ucisi in atacul de baza
3979	2.4	Candidatul GOP Romney va apela la inarmarea rebelilor sirieni	SUA ajuta sa obtina arme rebelilor sirieni
3980	4.4	Patrula observatorului ONU ajunge la locul masacrului din Siria	Observatorii ONU ajung in satul masacrului din Siria
3981	0.0	American Airlines si pilotii sunt de acord cu un nou contract	Romney se angajeaza sa „stea cu Israelul” in legatura cu amenintarea Iranului
3982	2.8	Premierul grec va anunta noi alegeri	Premierul grec solicita alegerile generale pentru 6 mai
3983	1.6	Guvernul Canadei sprijina femeile din Montréal care conduc schimbarea	Guvernul Canadei sprijina siguranta femeilor in Regina
3984	3.2	Nicio problema daca Mulayam formeaza al treilea front: Congresul	Nicio problema daca Mulayam formeaza al treilea front: Digvijay
3985	0.0	Bradley triumfa la Firestone pe masura ce Furyk dispare	Instanta din Bahrain confirma sentintele impotriva liderilor rascoalei
3986	2.2	Accidentul avionului din Ghana ucide cel putin 10 persoane	Accident de avion in Ghana: Cum a raportat media internationala
3987	1.8	Sase soldati americani ucisi in atacul cu bomba afgan	6 soldati NATO ucisi in Afganistan
3988	1.6	Fortele siriene lanseaza atacul de la Alep	Fortele siriene ucid 54 inaintea misiunii de pace Annan
3989	1.0	Romney, Obama lupta pentru avantajul Medicare	Obama, Romney intra in competitie pentru indecisi, principala batalie
3990	3.6	Directorul general al BBC demisioneaza din cauza „jurnalismului de calitate”	Directorul general al BBC demisioneaza pe fondul scandalului Newsnight
3991	4.8	Rick Santorum castiga caucusurile din Kansas	Rick Santorum obtine o victorie in caucusurile din Kansas
3992	3.2	In Egiptul condus de islamisti, Biserica copta numeste noul papa	Crestinii egipteni aleg un nou papa
3993	5.0	Angajamentul SUA de a reconstrui Haiti nefiind indeplinit	Angajamentul SUA de a reconstrui Haiti nefiind indeplinit
3994	1.0	Actiunile chineze se inchid joi mai sus	Bursele chineze se deschid mixte miercuri
3995	3.6	Grecia va vota bugetul 2013; protestatarii se aduna	Grecia va vota bugetul 2013
3996	4.0	SUA, UE saluta cu prudenta propunerea Iranului de a relua discutiile nucleare	SUA, UE saluta oferta Iranului de a relua discutiile nucleare
3997	2.8	Clinton avertizeaza Kenya cu privire la costul violentei electorale	Clinton il avertizeaza repetat pe Kenia cu privire la haosul votarii din 2007
3998	3.8	Protestele anti-americane asupra filmului se extind in aproape 20 de tari	Furia anti-americana strabate Orientul Mijlociu asupra filmului
3999	1.0	Jurnalistii sustin deschiderea Jocurilor Olimpice de la Londra	Delegatia israeliana marsaluieste in deschiderea Jocurilor Olimpice din 2012
4000	1.5	Actiunile Aust sunt in scadere	Actiunile Tokyo sunt in scadere
4001	3.4	WikiLeaks incepe sa publice doua milioane de emailuri siriene	WikiLeaks publica o colectie importanta de documente siriene
4002	3.0	Palestinienii: 2 militanti din Gaza ucisi intr-un atac aerian israelian in zona de coasta	Reprezentantii autoritatilor: un barbat din Gaza ucis intr-un atac aerian israelian (AP)
4003	4.6	Presedintele statului Mali inainteaza demisia	Presedintele statului Mali demisioneaza formal
4004	1.4	Trei persoane ucise in atacul sinucigas cu bomba comis in Nigeria	60 de oameni ucisi in atacul din piata de vite din Nigeria
4005	1.6	Evenimente: Evolutii in domeniul securitatii in Irak, 1 februarie	Evenimente: Evolutii in domeniul securitatatii in Pakistan, 13 martie
4006	4.2	HRW: Iordania are o atitudine prejudecata fata de palestinienii din Siria	Iordania este impotriva palestinienilor din Siria
4007	3.8	Raport: Israel printre cei mai mari exportatori de arme din lume	Israel printre cei mai mari exportatori si importatori de arme
4008	0.8	Egiptenii vor vota pentru noul presedinte	Membrii parlamentari somalieni vor alege un nou presedinte
4009	5.0	Federer castiga al 7-lea titlu la Wimbledon	Federer a castigat cel de-al 7-lea titlu de la Wimbledon
4010	3.6	Liderul Al-Qaida solicita rapirea occidentalilor in Egipt	Liderul Al-Qaida indeamna la rapirea occidentalilor
4011	2.6	Actiunile din China s-au inchis mixt vineri	Actiunile chineze se inchid in crestere vineri la amiaza
4012	1.6	43 de persoane ucise intr-un accident de autobuz	15 persoane ucise intr-un accident in India
4013	4.0	Putin investit in functia de presedinte al Rusiei	Putin investit in functia de presedinte al Rusiei pentru 6 ani
4014	0.0	China revine pe excedent comercial in martie	Starea de tensiune revine in sudul orasului Tel Aviv
4015	2.2	Repere ale dezbaterii viceprezidentiale	Cinci lucruri de urmarit in dezbaterea prezidentiala
4016	1.4	Episod complet: Linia de noapte 6/29: Katie Holmes si Tom Cruise divorteaza	Custodia, imagini in joc in divortul Cruise-Holmes
4017	3.0	Regimul sirian neaga implicarea in masacrul Hula	Siria ii acuza pe rebeli pentru masacrul de la Hula de peste 100 victime
4018	4.4	Sudanul de Sud acuza Sudanul de atentate inainte de tratative	Sudanul de Sud acuza Sudanul de bombardament in timpul discutiilor
4019	0.0	Noua persoane ucise in atac armat in Pakistan	Cinci milioane de cetateni obtin un salariu neoficial in Ucraina
4020	3.2	Siria cere garantii, rebelii spun ca planul de pace este compromis	Siria cere garantie scrisa pentru retragerea trupelor
4021	3.8	Terminalul Minn se redeschide dupa evacuare	Terminalul Minn se redeschide dupa ce un bagaj a cauzat evacuarea
4022	4.0	Golf: Westwood preia conducerea in competitia Dubai Desert Classic	Westwood participa la Dubai Desert Classic
4023	2.8	Sudan blocheaza YouTube din considerente ce tin de filme anti-Islam	Premierul Pakistanului ordona oprirea YouTube datorita filmelor anti-Islam
4024	1.4	Sondajele se deschid la alegerile prezidentiale din Rusia	Sondajele se inchid la alegerile prezidentiale din Senegal
4025	4.4	Chavez pleaca din nou in Cuba pentru radioterapie	Chavez este programat pentru o serie de sedinte de radioterapie in Cuba
4026	0.6	Presedintele roman a declarat victoria	Presedintele chinez incheie vizita de stat in Danemarca
4027	3.6	Rusii au sprijinit biserica ortodoxa in controversele Pussy Riot	Biserica Ortodoxa Rusa mobilizeaza credinciosi dupa critica
4028	1.4	Clinton aterizeaza in India pentru a revitaliza legaturile	Clinton avertizeaza impotriva subminarii bancii Grameen
4029	4.2	Liderul interimar al statului Mali preia functia	Presedintele interimar al Mali a depus juramantul in birou
4030	3.8	Putin declara victorie in votul prezidential rus	Putin 'castiga' alegerile prezidentiale din Rusia
4031	1.6	AL reinnoieste condamnarea pentru violenta din Siria	SUA inchide ambasada din Damasc din cauza violentei din Siria
4032	3.4	UE aplica sanctiuni familiei Assad	UE aplica sanctiuni sotiei lui Assad; mortarele lovesc Homs
4033	1.8	Instructor in cadrul Fortelor Aeriene se confrunta cu condamnarea pentru viol	Femeile depun marturie la condamnarea instructorului din cadrul Fortelor Aeriene
4034	3.8	Peste 30 de mineri in greva au fost ucisi	Peste 30 de mineri in greva au fost ucisi in Africa de Sud
4035	2.6	Iron Drome intercepteaza 17 rachete	Iron Drome intercepteaza doua rachete tintite catre Beersheba
4036	4.5	Islamistii din Mali distrugand „mai multe temple Timbuktu”	Islamistii din Mali distrug mai multe locuri sfinte din Timbuktu
4037	1.8	Actiunile din China inchid sesiunea la un pret mai ridicat la mijlocul zilei	Actiunile chineze se deschid la o valoare mai ridicata joi
4038	0.0	Oamenii de stiinta reinvie flori din seminte preistorice	Nintendo reduce pierderile, micsoreaza prognoza pentru anul curent
4039	2.6	Un barbat condamnat in cazul dezvaluirilor de informatii din Vatican	Butler urmeaza a fi judecat in cazul „Vatileaks”
4040	2.8	Romney, Paul se lupta pentru castigarea alegerilor interne in Maine	Romney a castigat la limita alegerile interne in Maine
4041	3.8	Ciocniri sectare zdruncina orasul libanez Tripoli	Ciocniri sectare zdruncina orasul libanez, 3 persoane ucise
4042	3.4	Repsol ataca Argentina pentru nationalizarea YPF	Repsol denunta Argentina asupra nationalizarii petrolului
4043	1.4	Mai multe persoane decedate, 550 de ranite in accidentul de tren din Argentina	49 de morti presupusi in accidentul de tren din Buenos Aires
4044	4.0	Aung San Suu Kyi se adreseaza parlamentarilor britanici	Aung San Suu Kyi a Burmei se va adresa parlamentului in vizita din iunie
4045	4.0	Serif: Un om a recuperat masina furata cu 42 de ani inainte	Un barbat din SUA isi recupereaza masina la 42 de ani de la furt
4046	4.0	CEO-ul Google spune ca Android este important, nu este critic	Larry Page spune ca Android este important, nu critic
4047	3.6	Iranul ar putea reduce exporturile de petrol catre mai multe state UE	Parlamentarii din Iran sunt gata sa interzica exporturile de petrol catre unele state UE
4048	0.8	Incendiile din fabrica ucid cel putin 260 de persoane in Pakistan	Cel putin sase morti in impuscaturile din Pakistan
4049	0.0	Unul din cei patru din avionul pierdut din Indonezia este australian.	Pictorul iranian Mansoureh Hosseini moare
4050	3.8	Romney promite sa restabileasca „promisiunea Americii”	Romney promite sa „restabileasca America”
4051	0.6	Fiica lui Santorum, in varsta de 3 ani, a fost internata in spital	Directorul „Kony 2012” internat in spital
4052	1.2	Mandela externat din spital	Presedintele israelian externat din spital
4053	3.8	Jaya Prada este pregatita sa se alature BJP	Este probabil ca Jaya Prada sa se alature BJP, Amar Singh urmeaza sa decida pentru ea
4054	2.8	Nasrallah (Hezbollah) avertizeaza SUA cu privire la filmul anti-islamic	Hezbollah solicita mai multe proteste impotriva filmelor anti-islamice
4055	3.2	Nadal il depaseste pe Djokovic pentru al 7-lea titlu al Openului Frantei	Tenis: Nadal il invinge pe Djokovic pentru titlul de la Monte Carlo
4056	3.0	Costurile ingrijirii copiilor cresc cu aproape 6%	Ingrijirea copiilor „costa 15.000 de lire sterline pe an”
4057	3.4	Obama cere o actiune decisiva asupra crizei datoriilor din Europa	Obama indeamna Europa sa actioneze rapid in timp de criza
4058	1.0	Amestecul de carne de vita pentru hamburgeri retras datorita pericolului de salmonella	Pudra de ciocolata retrasa din cauza posibilei contaminari cu salmonella
4059	4.2	Obama si Romney se pregatesc pentru prima dezbatere	Obama si Romney se pregatesc pentru dezbatere
4060	0.8	Primele zacaminte semnificative de gaz au fost gasite in largul Keniei	Sunt ucise 38 de persoane in ultimele ciocniri terestre din Kenya
4061	2.2	Muncitor al Crucii Rosii ucis in Pakistan	Lucrator voluntar din Marea Britanie rapit si ucis in Pakistan
4062	3.4	8 rachete au fost lansate din Gaza catre sudul Israelului; nimeni nu a fost ranit	Zece rachete din Gaza aterizeaza in sudul Israelului; nimeni nu a fost ranit
4063	1.6	Soldat american ucis intr-un incident cu impuscaturi in sudul Afganistanului	Cinci soldati NATO ucisi in Afganistan
4064	0.8	Sondajele se inchid la alegerile prezidentiale egiptene	Comunicate de presa: Alegeri prezidentiale din Yemen
4065	1.2	Politia nu a confirmat afirmatiile lui Savile	BBC se confrunta cu intrebari cu privire la cazul Savile
4066	3.4	Somajul in zona euro ramane la un record de 11%	Somajul in zona euro atinge un nivel maxim record
4067	4.2	James Murdoch paraseste BSkyB	James Murdoch renunta la rolul de la BSkyB
4068	4.8	Ray Bradbury, scriitorul de science fiction emblematic, moare la 91 de ani	Legendarul scriitor de science fiction Ray Bradbury mort la 91 de ani
4069	0.6	Alegerile prezidentiale din Egipt, 23-24 mai	Alegerile prezidentiale din SUA, 2012
4070	3.4	Patru soldati francezi ucisi in explozia sinucigasa afgana	Patru soldati straini ucisi in estul afgan
4071	4.0	Observatorii ONU gasesc urmele masacrului sirian	Echipa ONU investigheaza masacrul sirian
4072	3.6	Sondaj AP: Majoritatea din SUA are prejudicii impotriva negrilor	Sondaj AP: Majoritatea are prejudecati impotriva negrilor
4073	4.2	Sursa AP: Redskins se tranzactioneaza ca alegerea nr. 2	Redskins vor sa faca un schimb pentru alegerea numarul 2
4074	4.0	China spune ca bugetul apararii va creste cu 11.2% in 2012	Cheltuielile de aparare ale Chinei vor creste cu 11.2%
4075	0.0	Un sir de explozii din Irak ucide cel putin 32 de persoane	Cutremurul puternic din Italia ucide cel putin sase persoane
4076	3.8	Presedintele Ecuadorului, Correa, declara ca nu s-a luat nicio decizie cu privire la azilul lui Assange	Ecuador inca nu a decis asupra azilului lui Assange
4077	3.8	SUA ofera 10 mil. USD pentru militantul pakistanez	SUA ofera 10 milioane de dolari pentru conducatorul militant pakistanez
4078	3.8	6 trupe NATO ucise in atacul IED din Afganistan	6 trupe NATO ucise in Afganistan
4079	0.8	Sotiile lui Osama Bin Laden vor fi trimise la inchisoare	Filmul lui Osama Bin Laden va fi realizat in India
4080	4.0	Egiptenii voteaza in alegerile prezidentiale de referinta	Egiptenii merg la urne la o alegere istorica
4081	3.8	Pilotul JetBlue care a intrerupt zborul a fost declarat nebun, nu vinovat	Pilotul JetBlue care a provocat intreruperea de zbor declarat nevinovat
4082	2.2	Avertisment de tsunami: nu este nevoie ca SA sa intre in panica	Avertisment de tsunami dupa cutremurul Aceh
4083	4.8	SUA preda inchisoarea Bagram catre autoritatile afgane	SUA transfera controlul inchisorii Bagram afganilor
4084	2.0	Jeremy Hunt se distanteaza de consilierul care „a intrecut limita”	Jeremy Hunt nu demisioneaza in timp ce SpAd renunta ca urmare a mailurilor News Corp
4085	0.4	Obama lauda legaturile comerciale dintre SUA si America Latina	Agentii din Serviciile Secrete ai lui Obama trimisi acasa
4086	2.0	Blitzbokke eliminat de Fiji	Blitzbokke batut de Noua Zeelanda
4087	0.4	Obama si Romney se concentreaza asupra statelor indecise	Echipa Anna nu a decis inca sa conteste sondajele de stat
4088	0.2	Atacul cu grenade ucide unul si raneste cel putin 11	Un atac sexual asupra unei femei este investigat
4089	1.4	„Zeci de decedati” gasiti in Siria	Inca opt cadavre gasite pe nava
4090	0.8	Atacatorul acuzat de uciderea unui adolescent negru din SUA	Ganduri asupra relatiilor rasiale sub un presedinte negru
4091	1.8	Jonny Bairstow si Eoin Morgan castiga pentru Anglia in Mumbai	Bairstow loveste cu succes in turneul din India
4092	4.4	Cum dezvoltatorii de parcuri eoliene folosesc trucurile camerei pentru a face turbinele sa para mai mici decat sunt in realitate	Dezvoltatorii de parcuri eoliene care folosesc „trucuri” pentru a face turbinele sa para mai mici
4093	2.4	Drona americana ucide sase militanti in Pakistan: conform oficialilor	Rachetele americane ucid 15 in Pakistan: conform oficialilor
4094	2.6	Nigeria: trupele nigeriene roiesc dupa ce 40 au fost omorati in masacrul studentesc	Politia din Nigeria face arestari dupa masacrul din colegiu
4095	2.2	Nervii s-au calmat - momentan: pietele cresc pe seama relaxarii provocate de salvarea Bancii Spaniole	Focusul se muta in Grecia dupa ce Spania a asigurat salvarea bancii
4096	1.4	Lupte intense raportate in Alep din Siria	Lupte intense raportate la Damasc
4097	1.8	Franta spune ca Grecia trebuie sa dea dovada de credibilitate pentru zona euro	Hollande al Frantei sustine Grecia dar solicita o reforma credibila
4098	1.2	Avengers stabileste recordul la box-office	Filmul Jocurile Foamei bate recordul de box-office din SUA
4099	1.0	4 soldati francezi au fost raportati ucisi in Afganistan	Soldat britanic ucis in Afganistan
4100	3.4	Dilema salvarii Spaniei devine mai acuta	Dilema spaniola devine mai acuta
4101	0.6	Soldat NATO ucis in Afganistan	Doi soldati Australieni raniti in Afganistan
4102	2.4	Bursele chineze se deschid miercuri la valori mai scazute	Titlurile de valori din China se deschid vineri la valori mai reduse
4103	1.0	Conducerea palestiniana condamna apelul FM israelian de a-l elimina pe Abbas	Conducerea palestiniana sustine acordul Fatah-Hamas Doha
4104	4.8	Mitt Romney castiga alegerile preliminare in Maryland	Romney castiga primul tur de alegeri din Maryland
4105	3.6	Omul gaseste masina pe eBay la 42 de ani dupa ce a fost furata	Un barbat din Texas isi gaseste masina la 42 de ani dupa ce a fost furata
4106	3.4	Fiul lui Sylvester Stallone a fost gasit mort la Hollywood	Fiul lui Sylvester Stallone, Sage Stallone, a fost gasit mort in Hollywood
4107	2.8	NATO: 4 lucratori salvati de la insurgentii afgani	5 lucratori eliberati in operatiunea din Afganistan
4108	1.8	Rusia intemniteaza punkerii de la protestele Pussy Riot pentru doi ani	Curtea rusa se va pronunta in procesul Pussy Riot
4109	4.4	Israelul ii interzice scriitorului german Grass intrarea in tara din cauza poemului	Israelul ii interzice accesul autorului german Grass datorita poemului
4110	1.8	"Lista de ""Trebuie-Citite"" data de The Note, 1 august 2012"	"Lista de ""Trebuie-Citite"" ale The Note, miercuri, 4 iulie 2012"
4111	2.4	Trupa americana NATO a fost retinuta din cauza impuscarii civililor afgani	SUA se declara intristata in privinta impuscarii civililor afgani
4112	1.6	Hollande castiga alegerile prezidentiale franceze	Timorul de Est voteaza in alegerile prezidentiale
4113	1.8	Armata: stocurile chimice siriene ameninta Israelul	Rusia ii transmite Siriei ca amenintarea cu arme chimice este inacceptabila
4114	3.6	Fitch ridica Ford la gradul de investitie	Fitch readuce creditul Ford la gradul de investitie
4115	2.0	Conditiile planului de pace din Siria catalogate ca „inacceptabile” de opozitie	Pacea din Siria s-a prabusit odata cu depasirea termenului limita
4116	2.4	Conflicte in timp ce grecii protesteaza impotriva mai multor reduceri	Conflictele izbucnesc pe masura ce votul grecilor se apropie
4117	2.4	9 morti, 11 raniti, 4 disparuti in avalansa din Mont Blanc	6 morti, mai multi disparuti in avalansa din Mont Blanc
4118	4.6	Talibanii se posteaza ca „femei atragatoare” pe Facebook pentru spionaj	Soldati talibani se prezinta drept femei frumoase pe Facebook pentru a obtine secretele trupelor
4119	1.2	Activistul chinez Chen aterizeaza in SUA	Activistul chinez reinnoieste chemarea de a combate nedreptatea
4120	3.2	City Room: Impuscaturile din cladirea Empire State	2 morti in impuscaturi in fata cladirii Empire State
4121	4.4	Mohamed Morsi investit ca presedintele Egiptului	Mursi investit ca presedintele Egiptului
4122	1.0	In atacul asupra bazei NATO in Afganistan au fost ucise 15 persoane	Lucratorii eliberati in raidul din Afganistan
4123	1.0	Explozie suicida din Yemen, atac cu drone ucide cel putin 30 de persoane	Atacurile din Irak au ucis cel putin sase persoane
4124	3.0	Torres continua dupa ce pariul olimpic esueaza	Torres termina pe locul 4, rateaza a sasea olimpiada
4125	2.8	Pakistanul incepe demolarea complexului bin Laden	Pakistanul demoleaza ascunzatoarea lui Osama bin Laden
4126	3.6	Sudanul da vina pe Israel pentru focul de arme de la Khartoum	Sudanul acuza Israelul de atac aerian asupra fabricii de arme
4127	3.8	S-a ajuns la un acord Casa-Senat cu privire la masura de impozitare a salariilor	Negociatorii ajung la o intelegere cu privire la factura Congresului de reducere a impozitului pe salariu
4128	1.4	Furtuna tropicala Isaac afunda Haiti si loveste puternic Cuba	Furtuna tropicala Isaac ameninta barajul
4129	2.2	Activistii pro-palestinieni straini cauta sa intre in West Bank	100 de pro-palestinieni cauta sa intre in Israel la Allenby
4130	3.0	Bursele mondiale cresc pe baza sperantelor de stimulare a UE si SUA	Actiunile cresc in speranta unui stimulent al Bancii Federale
4131	4.0	Gore Vidal mort la 86 de ani: legendarul autor, dramaturg si politician moare	Gore Vidal, autor celebru, dramaturg, moare la 86 de ani
4132	2.4	Actiunile mondiale scad inainte de termenul limita pentru acordul datoriei grecesti	Actiunile din Asia scad inainte de termenul limita pentru acordul datoriei grecesti
4133	4.2	Politia din Africa de Sud a impuscat mortal 30 de mineri	Politia din Africa de Sud spune ca a ucis peste 30 de mineri
4134	2.4	Isaac loveste Haiti, se indreapta spre Cuba, Florida	Isaac se apropie de Haiti care are o populatie fara adapost datorita cutremurului
4135	1.2	Marea Britanie apeleaza la opozitia Siriei	Cui ii pasa de poporul sirian?
4136	4.0	Obama relaxeaza regulile de deportare pentru tinerii imigranti	SUA relaxeaza regulile de deportare pentru tineri: Napolitano
4137	3.8	Analisti: Microsoft Surface este un mare pariu pe viitor	Tableta Microsoft Surface promitatoare, dar anumite intrebari raman
4138	3.6	Iubita lui „Whitey” Bulger condamnata la 8 ani	Iubita mafiotului „Whitey” Bulger condamnata la 8 ani
4139	3.8	Presedintele mauritanian impuscat de armata	Presedintele mauritan impuscat
4140	4.6	Omul isi da foc in procesul Breivik	Un om isi da foc in fata locului unde se deruleaza procesul Breivik
4141	3.8	Atacul american cu drone ucide 10 persoane in nord-vestul Pakistanului	Drona americana ucide 10 militanti suspecti in Pakistan
4142	5.0	9.000 de marinari americani vor parasi Okinawa	9.000 de marinari americani se vor muta din Okinawa: declaratie
4143	1.8	Toys R Us renunta la taxe pentru programul layaway	Wal-Mart reduce taxa pentru programul layaway de vacanta
4144	3.0	Iranul extinde activitatile de imbogatire nucleara: raportul AIEA	Iranul intensifica munca ascunsa in privinta armelor nucleare - AIEA
4145	3.0	Donna Summer, Regina Disco, moare la 63 de ani	Donna Summer, regina discotecii
4146	4.0	Atacurile irakiene ucid generalul si patru politisti	Atacurile din Irak ucid generalul si alti 4
4147	2.6	Cel putin 80 de morti in cutremurele din nord-vestul Iranului	180 de morti, 1.300 de raniti in cutremurele din nord-vestul Iranului
4148	5.0	„Preotul pop-star” al Braziliei primeste o noua scena gigantica	„Preotul pop-star” al Braziliei primeste o scena noua gigantica
4149	0.6	Washington: Mai mult de 100 sunt acuzati de in cadrul investigatiei de frauda Medicare	Washington: Curtea confirma Legea drepturilor de vot in cazul Alabama
4150	4.2	Putin revendica victoria la alegerile prezidentiale din Rusia	Putin revendica victoria in votul prezidential
4151	1.0	Clinton gata sa lupte pentru Obama	Actiunile lui Clinton sunt greu de urmat pentru Obama
4152	4.4	Romney il anunta pe Paul Ryan ca partener de candidatura	Romney il alege pe Ryan ca partener de candidatura din partea Partidului Republican
4153	2.2	Pietele europene cresc in perspectiva sperantelor de salvare a Greciei	Ministrii europeni sunt pregatiti sa aprobe salvarea greceasca
4154	4.6	Edwards este achitat pentru un cap de acuzare, restul au fost anulate	Edwards a fost gasit nevinovat pentru un singur cap de acuzare; erori judiciare pentru restul
4155	4.2	Halterofilul ucrainean primeste interdictie pe patru ani pentru dopaj	Ucraineanul Korobka primeste interdictie de patru ani datorita dopajului
4156	3.0	Este posibil ca atacatorul sa fi filmat masacrul scolar	Ucigasul este posibil sa fi filmat impuscaturile din scoala din Franta
4157	1.6	Actiunile din Hong Kong se inchid la 0.28%	Actiunile din Hong Kong se deschid cu 0.62% mai mult
4158	0.8	Un sinucigas cu bomba ataca baza de securitate algeriana	Un atentat sinucigas vizeaza biserica nigeriana
4159	1.0	Thailanda: Iranienii au planificat sa atace israelienii	Malaezia va extrada iranianul pentru atacul asupra israelienilor
4160	1.2	Curtea militara israeliana respinge apelul palestinianului intrat in greva foamei	Israelul ajunge la un acord cu grevistii foamei palestinieni
4161	1.6	Avengers stabileste recordul la box-office	„Hunger Games” stabileste recorduri la box-office
4162	4.2	"Putin ""castiga alegerile prezidentiale rusesti"""	Putin „castiga” alegerile prezidentiale din Rusia
4163	1.4	Putin voteaza in timp ce rusii sunt in proces electoral	Putin va castiga alegerile prezidentiale din Rusia
4164	4.8	Seful ONU isi gaseste vocea, ramane prudent asupra Chinei	Perspectiva: seful ONU reincepe sa vorbeasca, dar ramane precaut cu privire la China
4165	3.2	Libienii incep sa predea armele	Libienii transfera armele armatei
4166	2.4	Arhiepiscopul britanic de Canterbury se transfera la Cambridge	Arhiepiscopul de Canterbury urmeaza sa demisioneze in mijlocul unor sciziuni
4167	4.2	Punjab Mail deraiaza langa Rohtak, 19 raniti	Punjab Mail deraiaza langa Rohtak in Haryana, 19 raniti
4168	4.0	George Zimmerman „va fi acuzat” de uciderea lui Trayvon Martin	George Zimmerman va fi acuzat in cazul Trayvon Martin, spune oficialul
4169	3.8	Rebelii indieni maoisti ofera tratative pentru a elibera ostatici italieni	India: rebeli maoisti in tratative despre eliberarea italienilor
4170	2.8	Doi au fost raportati morti in impuscaturi in cladirea Empire State din NY	City Room: Impuscaturi in cladirea Empire State
4171	1.0	Cinci morti in urma exploziei sinucigase din Pakistan	Cel putin 63 de morti in incendiul fabricii din Pakistan
4172	2.4	Jucatorii de fotbal Penn State reactioneaza la sanctiuni	Echipa de fotbal Penn State a fost sanctionat de NCAA
4173	0.5	Israelul trebuie sa-l elibereze sau sa-l judece pe palestinianul in greva foamei prelungita	Ministrul israelian vrea destituirea liderului palestinian
4174	1.0	Raportul ONU spune ca ambele parti din Siria abuzeaza de drepturi	Liderul NATO reduce riscul confruntarii Turcia-Siria
4175	3.2	Fata acuzata de arderea Coranului se ascunde	Fata acuzata de arderea Coranului a iesit pe cautiune
4176	2.2	Franta avertizeaza Siria cu privire la utilizarea armelor chimice	ONU ingrijorata de posibile arme chimice in Siria
4177	4.4	Furtuni care pun viata in pericol temute in Midwest	"Furtuni ""care pun viata in pericol"" prezise pentru Midwest"
4178	0.8	Greva profesorilor din Chicago se apropie de sfarsit cu un acord „cadru” in vigoare	Greva generala se incheie: Histadrut, Trezoreria ajung la un acord
4179	1.4	Presedintele indonezian va vizita Marea Britanie	Presedintele indonezian va vizita Australia
4180	4.4	Furtuna intarzie inceputul conventiei republicane	Furtuna loveste Florida, amanand conventia republicana
4181	0.8	Cel putin doua persoane din NATO ucise in accidentul cu elicopterul din Afganistan: militar	Cel putin 18 ucisi in atacuri cu bombe in Afganistan: oficiali
4182	2.6	Presedintele Mills trebuie sa renunte - lector	Presedintele John Evans Atta-Mills trebuie sa demisioneze acum - NPP Germania
4183	5.0	Miami Heat castiga finala NBA	Miami Heat castiga Campionatul NBA
4184	4.2	Japonia inchide ultimul reactor nuclear	Japonia opreste ultima centrala nucleara in acest weekend
4185	1.2	Ryanair lanseaza o noua oferta pentru Aer Lingus	Seful Ryanair saluta concluziile raportului
4186	4.4	Fortele aeriene rusesti sarbatoresc aniversarea de 100 de ani	Aniversarea de 100 de ani ale fortelor aeriane rusesti
4187	2.2	6 trupe NATO ucise in Afganistan	Soldatul NATO ucis in Afganistan
4188	1.6	O zi de marti nu prea grozava pentru Mitt Romney	Romney conduce Santorum in competitiile GOP Super Tuesday
4189	2.4	Putin investit pe masura ce cresterea rusa se clatina	Putin investit ca presedintele Rusiei pentru 6 ani
4190	3.4	ArQule, Daiichi intrerupe trial-ul pentru cancer pulmonar, actiunile scad	Stocul ArQule scade in timp ce studiul cancerului pulmonar stagneaza
4191	1.6	Adolescentul si tatal ucisi in accident	Trei morti identificati intr-un accident ingrozitor
4192	4.2	Un cutremur cu magnitudinea de 6,1 loveste Indonezia	Un cutremur cu magnitudinea de 6,1 loveste Papua, Indonezia - USGS
4193	4.2	2 americani ucisi in timp ce tulburarile afgane intra in a cincea zi	Doi ofiteri americani au fost asasinati in timp ce tulburarile afgane continua
4194	0.6	Oficiali: Romney va beneficia de protectia Serviciilor Secrete	Obama abordeaza scandalul Serviciului Secret
4195	1.0	Premierul japonez solicita prelucrarea mai rapida a deseurilor generate de tsunami	Japonia marcheaza un an de la dezastrul produs de cutremur si de tsunami
4196	1.4	Pilotul de vanatoare sirian dezerteaza in Iordania	Premierul sirian dezerteaza in Iordania
4197	1.2	Republica Araba Siriana: Refugiati sirieni (incepand cu 28 iunie 2012)	Republica Araba Siriana: peste 70 de morti in Siria inainte de revenirea lui Annan
4198	1.2	Un atentat sinucigas cu bomba ucide 16 persoane in Afganistan	Un atentat sinucigas cu bomba ucide 12 persoane intr-o biserica in Nigeria
4199	3.2	Companiile aeriene anuleaza biletele activistilor „flytilla” catre TA	Compania aeriana britanica anuleaza biletele „Flytilla” la obiectiile Israelului
4200	0.2	Spania cere salvarea bancilor	Spaniol judecat pentru moartea disidentului cubanez
4201	1.4	Apele tulburi ale Marii Chinei de Sud	Pacea se asterne peste Marea Chinei de Sud
4202	0.6	Sri Lanka incearca sa recupereze impotriva Pakistanului	Jurnalist senior ucis in Pakistan
4203	3.8	SpaceX docheaza cu Statia Spatiala Internationala: Ce urmeaza, calatoria publica?	Docuri SpaceX Dragon cu statie spatiala internationala
4204	4.0	Marsul Un Milion de Muppets pentru sprijinirea lui Obama a PBS	Million Muppet March a planificat sa apere sprijinul SUA pentru PBS
4205	1.4	Opozitia siriana in discutiile de reconciliere	Consiliul de opozitie sirian va trimite un delegat in Franta
4206	1.0	Sensex a scazut cu 193 de puncte dupa problemele de la buget	Romney nu va oferi voluntar informatii asupra diferentelor de buget
4207	3.6	Facebook mareste oferta publica initiala cu 25 de puncte procentuale pentru a strange 15 miliarde de dolari	Facebook mareste oferta publica initiala cu 25%
4208	4.0	Parlamentul iranian contesta un Ahmadinejad demis	Parlamentul iranian il contesta pe presedintele Ahmadinejad
4209	1.6	Atacul sinucigas din Yemen ucide 7 soldati: oficial	Masina cu bomba suicida afgana ucide cel putin sapte persoane: oficial
4210	0.8	Votul prezidential polarizeaza egiptenii	Aspirantii prezidentiali ai GOP se ciocnesc in cursele sudice
4211	1.8	Inca trei soldati americani ucisi in Afganistan	Soldatul NATO ucis in Afganistan
4212	0.4	Politia ridica numarul de morti in accidentul de autobuz la 8	Moartea lui Rodney King a fost considerata un accident
4213	0.8	Patru soldati straini ucisi in estul afgan	2 soldati britanici ucisi in atacul intern al afganilor
4214	3.6	Muncitor al Crucii Rosii ucis in Pakistan	Un medic de la Crucea Rosie britanic rapit in Pakistan a fost gasit decapitat
4215	3.8	Guvernele afgane si americane semneaza un acord asupra controversatul raid de noapte	Afganii si SUA semneaza un acord asupra raidurilor nocturne
4216	1.6	10 persoane ucise in accidentul minier din China	20 de persoane ucise in accidentul unui camion din China
4217	0.4	Australia poate eclipsa Anglia in Windies	Premierul australian sfidat sub presiunea asupra conducerii
4218	3.4	Proteste la verdictul Pussy Riot	Verdictul Pussy Riot a fost intampinat cu sfidare
4219	2.2	Serviciul secret se confrunta cu „cel mai mare scandal” asupra prostituatelor	„Regretul” scandalului sexual al serviciului secret
4220	3.4	Kuweit: activistii asalteaza ambasada Siriei; doi raniti	Activistii asalteaza ambasada Siriei in Kuweit
4221	3.4	Detalii despre vizita lui Aung San Suu Kyi in Irlanda	Bun venit fermecator pentru calatoria istorica a lui Aung San Suu Kyi
4222	2.2	Key spune ca vizita lui Marae s-a soldat cu o oportunitate pierduta	Key doreste ca vizita lui Waitangi Marae sa se prelungeasca
4223	3.8	Norvegia marcheaza aniversarea masacrului	Norvegia marcheaza aniversarea masacrului lui Breivik
4224	0.0	Femeie ucisa de resturi cazute	Cand un aliat refuza
4225	1.0	Actiunile Aust cresc cu 1% dupa reducerea ratei dobanzii	RBA ofera o alta reducere a ratei
4226	2.6	Germania avertizeaza Grecia: Nu mai sunt bani fara reforme	Zona euro catre Grecia: Nicio salvare fara reforme
4227	3.2	Obama urmeaza sa intalneasca familiile victimelor impuscate	Obama va intalni victimele impuscate de Batman
4228	1.0	Obama conduce in fata lui Romney in ciuda datelor despre locurile de munca: sondaj Reuters / Ipsos	Romney preia conducerea fata de Obama cu un „salt” conventional: sondaj Reuters / Ipsos
4229	1.4	Doi morti, 19 raniti in impuscaturile din Toronto	Doi morti, 7 raniti in impuscaturile din Finlanda
4230	3.4	Ceea ce a vazut majordomul Papei - asistent arestat din cauza scurgerilor de informatii la Vatican	Majordomul Papei a fost arestat in scandalul asupra scurgerilor de informatii de la Vatican
4231	3.8	Protestatarii anti-Putin formeaza un lant uman la Moscova	Protestatarii anti-Putin formeaza un lant uman
4232	2.6	Actele Congresului de la Washington se vand cu 9,8 milioane de dolari	Copia Constitutiei SUA a lui George Washington se vinde cu 9,8 milioane de dolari
4233	4.4	Lakers il concediaza pe antrenorul Mike Brown dupa 1-4 de la start	Lakers il concediaza pe Mike Brown dupa 1-4 de la start
4234	3.4	Musulmanii canadieni emit fatwa impotriva „uciderii pentru onoare”	Imamii americani si canadieni emit fatwa impotriva uciderilor pentru onoare
4235	3.6	ONU adopta rezolutia Siriei	Adunarea ONU va vota asupra rezolutiei Siriei
4236	4.4	Soldatul nu-si poate aminti masacrul	Soldatul SUA „nu-si aminteste masacrul”
4237	1.2	Premierul Libiei numeste noul cabinet dupa protestele impotriva celui curent	Adunarea libiana respinge noul cabinet si il demite pe premier
4238	3.8	4 soldati straini ucisi in estul afgan	4 soldati francezi au fost raportati ucisi in Afganistan
4239	2.5	Fortele siriene asalteaza orasul central	Fortele siriene bombardeaza Homs, Rusia avertizeaza asupra razboiului civil
4240	2.2	Pak: 20 de morti in protestele filmelor anti-islamiste	25 raniti in protestul filmului anti-islam in Islamabad, Pakistan
4241	1.8	Stabilirea cauzei mortii lui Whitney Houston ar putea dura cateva saptamani	Anchetatorii cauta raspunsuri in ceea ce priveste moartea lui Whitney Houston
4242	3.6	Coreea de Nord avertizeaza asupra represaliilor pentru exercitiul din Coreea de Sud	Nordul avertizeaza cu privire la represalii pentru planul de foraj naval din Seul
4243	1.4	O poveste a doua victorii: cum au castigat gigantii din New York Super Bowl-ul	Cel mai mic dintre doua rele triumfa in Super Bowl
4244	3.6	Un mort in noua greva israeliana in Gaza	Doi ucisi in noua greva israeliana in Gaza: medici
4245	1.0	Este probabil ca Germania sa preseze Rusia in criza siriana	Ce gandeste Rusia despre Siria? Un scurt ghid
4246	3.6	Patru raniti grav in accidentul de pe autostrada M23	Patru raniti intr-un accident de autostrada
4247	2.0	Seful ajutorului ONU, Amos, intra in Baba Amr cu Semiluna Rosie	Baba Amr, asediata in Siria, este pustie, spune Crucea Rosie
4248	1.0	Zeci de oameni ucisi in revolte nigeriene	Zeci de oameni ucisi in ciocnirile din Kenya
4249	1.2	Profilurile principalilor candidati prezidentiali din Egipt	A doua zi ale alegerilor prezidentiale egiptene
4250	4.4	Actorul Gazzara mort la 81 de ani	Actorul Ben Gazzara moare la 81 de ani
4251	0.6	Goana britanica dupa aur reduce la tacere discutiile legate de costuri	2 soldati britanici ucisi in atacul afgan din interior
4252	4.6	Avalansa ingroapa cel putin 100 de soldati pakistanezi	Avalansa ingroapa peste 100 de soldati pakistanezi
4253	4.6	Ce spun analistii: inflatia scade la minimul ultimelor 15 luni	Inflatia scade la minimul ultimelor 15 luni
4254	3.0	Komen nu va reduce finantarea Planificarii Parentale	Susan G Komen, schimbare la 180 de grade asupra reducerii finantarii pentru programul de Planificare Parentala
4255	2.2	Forex&Gold la 25 august 2012	Forex&Gold la 19 iulie 2012
4256	2.8	Iranul spune ca negocierile nucleare ale ONU vor continua	Iranul spune ca discutiile nucleare cu ONU sunt „constructive”
4257	4.2	Afacerile agricole: Boala vacii nebune gasita in California	USDA confirma cazul bolii vacii nebune in California
4258	3.6	BP vinde cateva active din Golful Mexic cu 5,55 miliarde de dolari	BP vinde active din Golful Mexic catre Campii pentru 5,55 miliarde de dolari
4259	3.6	Politia: 300 de potentiale victime ale lui Jimmy Savile	Marea Britanie: apar 300 de potentiale victime ale abuzului Savile
4260	4.6	Armstrong demisioneaza din conducerea Livestrong	Armstrong renunta la sefia Livestrong
4261	1.8	Atacul american cu drone ucide 5 militanti in Pakistan	Atacul american cu drone ucide 16 militanti suspectati in Yemen
4262	1.0	Guvernul sirian nu va opri atacurile	Opozitia siriana raporteaza „masacru”
4263	4.6	Actiunile chineze se inchid la o valoare mai mare vineri la pranz	Actiunile chineze sunt mai mari vineri la pranz
4264	3.2	Myanmar: Opozitia sustine ca Suu Kyi castiga	Alegatorii din Myanmar spera ca partidul lui Suu Kyi va castiga
4265	1.0	Ratingul lui Obama in scadere, favorizand rivalii republicani	Marele castig hispanic al lui Obama ii ingrijoreaza pe republicani
4266	1.2	Doi soldati Aust raniti in Afganistan	4 soldati straini ucisi in estul afgan
4267	1.0	Noul sef al opozitiei siriene doreste ajutor fara alte implicatii	Opozitia Siriei se uneste in timp ce Israelul trage focuri de avertizare
4268	0.8	Confruntarea din minele din Africa de Sud ucide cel putin 30	Accidentul de tren din Africa de Sud ucide 26 de persoane
4269	2.6	Fortele siriene bombardeaza Homs, Rusia avertizeaza asupra razboiului civil	Fortele siriene bombardeaza Homs, Lavrov ajunge pentru discutii
4270	4.2	Rezultatele alegerilor prezidentiale din Egipt amanate	Rezultatul alegerilor egiptene a fost amanat
4271	1.6	Termenul limita trece fara noi sanctiuni din partea Iranului	UE se apropie de noi sanctiuni pentru Iran
4272	0.8	Criminalul rus arestat neaga legaturile cu Pussy Riot	Zeci arestati in protestul din turnul TV rusesc
4273	2.8	Memorialul Norvegiei onoreaza 77 de victime ale masacrului	Norvegia marcheaza aniversarea masacrului
4274	3.8	Generalul american din Afganistan legat de scandalul Petraeus	Generalul senior din SUA legat de scandalul Petraeus
4275	2.0	Actiunile chineze scad dupa reducerea RRR - 14 mai	Bursele chineze castiga luni la pranz
4276	2.8	Coreea face progrese „semnificative” cu reactorul nuclear - AIEA	Coreea de Nord promite sa extinda factorul de descurajare nucleara
4277	3.4	Presedintele Maldivei demisioneaza dupa protestele politiei	Presedintele Maldive demisioneaza dupa saptamani de protest
4278	0.8	Greva NATO „ucide civili” in Afganistan	Doi soldati NATO ucisi in Afganistan
4279	1.4	Al-Qaida spune ca captureaza 70 de soldati yemeniti in batalia lui Abyan	In confruntarile Al Qaeda, exploziile ucid 35 de soldati in Yemen
4280	3.4	Avionul marinei se prabuseste intr-o cladire de apartamente din SUA, pilotii se salveaza prin ejectare	Avionul marinei americane se prabuseste in cladirile de apartamente din Virginia
4281	0.8	Actiunile din China se deschid la un pret mai mare miercuri	Actiunile americane se deschid la un pret mai mare in ciuda ratarii tintei de PIB
4282	0.0	IDF va implementa Iron Dome in centrul Israelului	Furtuna de zapada majora loveste Campiile Centrale
4283	3.0	4 ucisi in atacul cu drone americane in Pakistan	Atacul cu drone americane ucide 3 persoane in Pakistan
4284	3.4	Un adolescent american a fost retinut in complotul „jihad” cu masina-bomba din Chicago	Un adolescent din Chicago a fost arestat in complotul cu masina cu bomba din Chicago
4285	0.2	PC David Rathband: fricile fratelui geaman pentru „cel mai bun partener”	David Miliband: fratele meu si o intoarcere la vechiul serviciu
4286	4.4	Fortele siriene incep recastigarea Alepului	Regimul sirian incearca preluarea orasului Alep
4287	0.0	20 de membri parlamentari, echipa de schimburi comerciale pleaca in India	Secretarul Comertului va lua concediu
4288	2.0	Wall Street se deschide la valori mai scazute	Wall Street se termina mixt
4289	0.8	Actiunile din Europa cresc pe masura ce se observa mai multe stimulente din China	Preturile petrolului cresc in speranta unor stimulente
4290	4.4	Indicele bursier indica un start viitor mai scazut	Indicele bursier futures semnaleaza pierderi timpurii
4291	1.4	Barbat acuzat dupa ce parlamentarul a fost ranit in atac	Om acuzat de crima in apartament
4292	0.0	Nokia isi cere scuze pentru anuntul „fals”	SUA renunta la o serie de reguli pentru a debloca ajutorul Pakistanez
4293	3.0	Atacul american cu drone ucide 5 militanti in Pakistan	Atacul cu drone ucide patru militanti suspecti in Pakistan
4294	4.4	Rebelii sirieni parasesc pe asediul din Homs	Rebelii sirieni se retrag din districtul asediat Homs
4295	4.0	SUA ordona personalului neesential sa paraseasca Sudanul si Tunisia	SUA ordona personalului neesential sa paraseasca Tunisia si Sudanul
4296	4.6	Starea lui Mubarak din Egipt este critica	Mubarak din Egipt este intr-o conditie critica
4297	3.33333333333333	Assad spune ca mercenarii sunt in spatele tulburarilor siriene	Assad acuza SUA ca a alimentat revolta siriana
4298	0.0	Premierul Japoniei dizolva Camera inferioara pentru alegeri	Iranul si puterile mondiale urmeaza sa aiba negocieri pe tema nucleara
4299	2.0	Doi medici ucisi in noul atac israelian asupra Gaza	5 mor in actacuri in Gaza, militantii baricadeaza Israelul
4300	3.2	Avioanele marinei s-au prabusit peste cladirile din Virginia, ranind sase persoane	Avionul marinei s-a prabusit peste apartamentele din Virginia, 9 raniti
4301	3.2	Un soldat NATO ucis in S. Afganistanului	Soldat britanic ucis in sudul Afganistanului
4302	4.2	Rata somajului in Spania atinge un nou nivel maxim	Cererile de ajutor de somaj din Spania au atins un nou maxim
4303	3.6	Turcia lanseaza de urgenta avioane in apropierea frontierei	Turcia trimite avioane catre frontiera siriana
4304	0.0	Doi mor in violenta din Siria dupa ce ONU monitorizeaza aterizarea	Contandor a primit 2 ani suspendare pentru dopaj
4305	1.0	Civil, dezertor ucis in Siria, spune ONG-ul	Puscasi sirieni ucid trei ofiteri sirieni: ONG
4306	1.2	Taiwan zguduit de un cutremur puternic	China zguduita de cutremure gemene
4307	2.8	Paul Tucker de la Banca Angliei este afectat de incurcatura Libor	Adjunctul Bancii Angliei neaga ordonarea alterarii ratelor
4308	4.4	Crucea Rosie indeamna la negocierea intreruperii luptelor din Siria pentru a oferi ajutor	Crucea Rosie negociaza cu Siria sa inceteze focul pentru a aduce ajutor
4309	0.8	Fortele siriene impusca civili in autobuz	Fortele siriene si rebelii se ciocnesc langa Turcia
4310	4.4	Parlamentul german sustine in majoritate acordul de salvare al Greciei	Parlamentul german aproba salvarea greceasca
4311	3.4	Bombardamentele si confruntarile continua in Siria	Bombardamente si confruntari in timp ce opozitia Siriei se inarmeaza
4312	2.4	Reformele Birmaniei aduc relaxarea sanctiunilor SUA	Activistii din Birmania sustin reducerea sanctiunilor
4313	0.2	Usain Bolt castiga 200 de metri - reactia lui Steven Howard	Castigurile Facebook de pe mobil duc la cresterea veniturilor: reactie
4314	0.4	Zeci de morti in urma atacului taliban asupra statiunii	„Politia din India identifica 3 iranieni in atacul asupra ambasadei”
4315	3.8	Lupte grele cutremura estul Siriei inainte de sondaj	Lupte grele cutremura estul Siriei - rezidenti
4316	2.8	Yuanul Chinei se depreciaza la 6,3282 fata de USD luni	Yuanul Chinei se depreciaza la 6.2697 fata de USD joi
4317	1.4	7 morti in impuscaturi dintr-o scoala crestina	5 raniti in impuscaturile scolii din Ohio
4318	3.2	Echipa antiterorista din Indonezia ucide doi militanti suspectati	Politia din Indonezia impusca mortal militanti suspectati in Bali
4319	4.0	Alegeri americane: Mitt Romney recunoaste infrangerea in timp ce Barack Obama castiga al doilea mandat	Romney admite alegerea lui Obama prin apel telefonic
4320	3.2	Armenii voteaza la alegerile parlamentare	Parlamentul Armeniei voteaza un test pentru presedinte
4321	1.6	Sachin Tendulkar este investit ca senator indian	Deputatul Sachin Tendulkar spune nu bungalowului guvernamental
4322	3.6	Navy Jet se prabuseste in cladirea de apartamente	Avionul marinei americane se prabuseste in cladirile de apartamente din Virginia
4323	1.5	Romney castiga in majoritate primaria din Puerto Rico	Romney castiga primaria din Illinois
4324	4.2	Raport: Yahoo! urmeaza a-l numi pe Mayer de la Google ca CEO	Yahoo il numeste pe executivul de la Google Mayer ca CEO
4325	2.0	Soldat american acuzat de masacrul afgan angajeaza un avocat criminal proeminent	Soldat american acuzat de uciderea civililor afgani a fost identificat
4326	1.6	Cutremur cu magnitudinea de 6,0 a lovit nordul Italiei: USGS	Cutremur cu magnitudinea de 5,9 a lovit stramtoarea Sunda, Indonezia: USGS
4327	4.4	Guvernul SUA desemneaza oficial reteaua Haqqani drept terorista	SUA desemneaza reteaua Haqqani drept terorista
4328	3.0	Motor Racing: Button cel mai rapid in prima practica de F1 din anul curent	Button se mandreste cu cel mai bun timp obtinut dupa primul antrenament
4329	4.8	Rangers au fost votati in Divizia Trei	Rangers au fost votati in a treia divizie
4330	4.2	Primarul Newark salveaza un vecin din incendiu	Primarul din Newark il salveaza pe vecin din casa incendiata
4331	2.25	Proteste F1 in Bahrain	O zi de furie in Bahrain
4332	3.0	Bursa din New York se va redeschide miercuri	DealBook: Bursele se pregatesc pentru deschidere
4333	2.6	Focul de mortare din Homs ucide 105	Ofensiva lui Homs ucide 200
4334	2.0	Sute aduc omagiu studentului ucis in atacul din Ohio	Inmormantare stabilita pentru victima impuscata din Ohio
4335	3.0	Bombele din sudul Thailandei ucid 5, ranesc 50	Bombele ucid 14, ranesc 340 in Tailanda
4336	0.2	Legislatorii americani fac urmatorul pas cu privire la noile sanctiuni impuse Iranului	Legislatorii din Somalia vor vota pentru noul presedinte
4337	0.4	Barack Obama recunoaste ca SUA are „mai multe arme nucleare decat are nevoie”	Un puscas francez vrea sa „moara cu armele in maini”
4338	1.8	2 rachete au lovit in regiunea Eshkol; fara raniti	10 rachete in 20 de minute in Consiliul Regional Eshkol
4339	0.6	Muncitorii cu dizabilitati „tradati” protesteaza impotriva inchiderilor Remploy	Ziua de mai, marcata de proteste impotriva reducerilor de austeritate
4340	4.0	Rebelii din RD Congo ucid padurarii din parcuri	Rebelii ucid doi padurari in Congoul de est
4341	0.8	Noua trupe pakistaneze ucise intr-o ambuscada militanta	Comert: Pakistanul si India sunt de acord sa faca un pas inainte
4342	3.2	74 de morti in violenta meciului de fotbal din Egipt	Cel putin 73 mor in invazia de pe teren in timpul meciului de fotbal din Egipt
4343	0.2	Agitatia din Nigeria se soldeaza cel putin 95 de morti	Cutremurele din sud-vestul Chinei ucid cel putin 50
4344	3.0	Uraganul Sandy ajunge in sud-estul Jamaicii: NHC	Uraganul Sandy ajunge in Jamaica
4345	1.5	Comentarii cu primul ministru Elkeib dupa intalnirea lor	Comentarii cu ministrul de externe Koichiro Gemba
4346	1.2	Barrick discuta cu firma chineza asupra activelor africane	Asistentul lui Obama poarta discutii in China dupa vetoul Siriei
4347	3.0	Atacatorii din mall au folosit strategia „mai putin este mai mult”	In Kenya, atacatorii au folosit strategia „mai putin este mai mult”
4348	3.8	Castigurile slabe trag in jos valoare actiunilor	Castigurile slabe trag in jos valoare actiunilor pe Wall Street
4349	3.2	Un cutremur de 6.8 a lovit insulele Solomon	Cutremurul cu magnitudinea 6.3 a lovit insulele Solomon: USGS
4350	4.6	Scurgerea de amoniac lichid ucide 15 in Shanghai	Scurgerea de amoniac lichid ucide cel putin 15 in Shanghai
4351	4.0	Prietenii Siriei recunosc coalitia opozitiei ca reprezentant legitim al poporului sirian	SUA, Prietenii Siriei recunosc opozitia ca reprezentant unic
4352	3.0	Weiner ramane in cursa pentru primarie din New York, pe fondul unui nou scandal sexual	Weiner denunta recentul scandal sexual online
4353	0.0	Numarul mortilor creste in cazul accidentului aerian din Rusia	Numarul mortilor creste la 39 in cazul accidentului de autocar din Italia
4354	2.8	Mass-media indiana: Summit-ul Commonwealth-ului	Primul ministru indian impiedica summit-ul Commonwealth-ului
4355	5.0	Seful politiei militare siriene trece de partea opozitiei	Seful politiei militare siriene trece de partea rebelilor
4356	4.6	Boeing 787 Dreamliner ia foc; actiunile primesc o lovitura	Actiunile Boeing se prabusesc dupa incendiul din 787 Dreamliner
4357	2.6	Yvette Cooper sustine legea casatoriei homosexuale	Casa Alba sustine casatoria homosexuala
4358	3.8	Cinci morti in accidentul autocarului belgian	Adolescenti printre cei 5 morti intr-un accident de autobuz belgian
4359	3.4	Oameni inarmati rapesc sapte muncitori straini in Nigeria	Sapte muncitori straini rapiti in Nigeria
4360	5.0	Turista elvetiana „violata in grup” in India	Turista elvetiana violata in grup in India, spune politia
4361	4.2	Palestinienii se confrunta cu fortele israeliene din West Bank, Ierusalim	Palestinienii se ciocnesc cu fortele de securitate din W. Bank
4362	4.6	Avioanele Israelului lovesc in interiorul Siriei	Israelul lanseaza un atac aerian in Siria
4363	0.4	Iranienii voteaza la alegerile prezidentiale	Keita castiga alegerile prezidentiale din Mali
4364	2.8	100 de morti in noi ciocniri tribale in Darfur	„9 morti” in noi confruntari tribale in Darfur
4365	1.4	Protestul impotriva atacurilor americane cu drone din Pak a fost amanat	6 morti in greva americana a dronelor in nord-vestul Pakistanului
4366	3.2	12 morti intr-un accident de autobuz in Pakistan	10 morti intr-un accident rutier in nord-vestul Pakistanului
4367	5.0	Carney stabileste standarde inalte pentru a schimba BoE	Carney stabileste standarde inalte pentru schimbarile din Banca Angliei
4368	2.4	8 arestati dupa prabusirea mortala a cladirii din Bangladesh	Patru arestati, in timp ce numarul victimelor constructiei din Bangladesh se ridica la 352
4369	2.8	Un sinucigas cu bomba ucide 3 persoane in baza SUA din Afganistan	Atacatorii sinucigasi cu bomba ataca baza SUA din Afganistan
4370	0.6	Afganii merg la universitati, chiar si in timp ce talibanii se apropie	Un guvernator de district afgan trece de partea talibanilor
4371	5.0	Coreea de Nord amana reuniunile familiale cu sudul	Coreea de Nord „amana” uniunile familiale cu Coreea de Sud
4372	0.6	Tinta pentru veniturile Apple este ratata din nou, iPhone dezamageste	Agentia de comert americana decide in favoarea Samsung, interzice importurile de iPhone 4
4373	3.4	Oamenii inarmati ucid 10 turisti straini in nordul Pakistanului	Omul inarmat ucide 11 alpinisti straini in Pakistan
4374	4.4	David Beckham isi anunta retragerea din fotbal	David Beckham se retrage din fotbal
4375	4.0	Matt Smith va parasi Doctor Who dupa 4 ani	Matt Smith pleaca de la Doctor Who al BBC-ului
4376	0.0	Pareri impartite ale generatiilor asupra casatoriei homosexuale	Summitul G20 se incheie impartit in ceea ce priveste Siria
4377	1.6	23 de morti in atentatele cu bombe din Irak	10 morti in atacul cu bomba din Irak
4378	5.0	Omul care s-a incendiat pe National Mall a murit din cauza ranilor	Omul „care s-a incendiat” pe National Mall moare
4379	1.4	Atacurile talibanilor ucid 17 civili in Afganistan	O serie de atacuri ucid 10 politisti in Afganistan
4380	1.6	Ministrul Egiptului supravietuieste tentativei de asasinat	Premierul sirian „supravietuieste tentativei de asasinat”
4381	4.6	Ex-prima doamna Barbara Bush paraseste spitalul din Texas	Fosta prima doamna Barbara Bush paraseste spitalul
4382	4.0	Schumacher in coma dupa un accident de schi	Michael Schumacher inca in coma luptandu-se pentru viata sa dupa un accident de schi
4383	5.0	11 morti in atacul sectiei de politie chineze	Unsprezece ucisi in atacul sectiei de politie din China
4384	4.0	Bradley Cooper si JJ Abrams vorbesc despre filmarea unui film biografic al lui Lance Armstrong	Bradley Cooper in discutii pentru a-l interpreta pe Lance Armstrong in biografie
4385	3.8	Un avion Boeing s-a prabusit in Rusia, 50 de morti	Un avion Boeing s-a prabusit in orasul rus Kazan, 50 de morti
4386	4.4	Ministrii UE sunt „hotarati” sa rezolve scandalul carnii de cal	Ministrii UE poarta discutii de criza in legatura cu scandalul carnii de cal
4387	4.8	Partidul de opozitie thailandez va boicota alegerile generale	Opozitia thailandeza anunta boicotarea alegerilor
4388	2.6	Prabusirea cladirii din Bangladesh aduce numarul mortilor la 540: armata	Numarul mortilor in urma prabusirii cladirii din Bangladesh depaseste 1000
4389	4.2	Jagan Reddy s-a mutat la spital, criza de putere continua in Seemandhra	Telangana: Jagan va petrece joia in spital; criza continua in Seemandhra
4390	2.6	Presedintele Republicii Centrafricane rasturnat de rebeli	Presedinte al Republicii Centrafricane si prim-ministrul demisioneaza
4391	5.0	Brazilia a egalat cu 2-2 de Anglia, Maracana se redeschide	Brazilia tinuta de Anglia cu 2-2 la redeschiderea Maracana
4392	3.8	Incendii necontrolate in California: 1.900 de apeluri telefonice, in timp ce pompierii lucreaza pentru a limita daunele (+ video)	Incendiile necontrolate din California se amplifica, dar oficialii spun ca echipajele de pompieri fac progrese
4393	3.0	George W. Bush avertizeaza impotriva dezbaterii amare pe tema imigratiei	George W. Bush isi da cu parerea asupra dezbaterii pe tema imigratiei
4394	3.4	Mandela spitalizat, raspunde la tratament	Mandela spitalizat dupa ce a incetat sa mai vorbeasca
4395	1.2	Rusia condamna testul nuclear nord-coreean	Coreea de Sud confirma faptul ca Coreea de Nord a efectuat al treilea test nuclear controversat
4396	4.4	Sute de muncitori ai fabricii de haine din Bangladesh sunt bolnavi	Sute se imbolnavesc in fabrica din Bangladesh
4397	2.0	Bombardamentul sinucigas din Yemen ucide soldati	Femeie cu bomba sinucigasa ucide 16 persoane in baza rusa
4398	2.8	18 captivi in explozia din mina de carbune din Rusia	Zece ucisi in explozia din mina de carbune din Rusia
4399	4.6	Protestatarii thailandezi intra in cartierul general al armatei	Protestatarii thailandezi au asaltat cartierul general al armatei
4400	4.4	Israelul opereza un atac aerian asupra Siriei	Israelul lanseaza un nou atac aerian impotriva Siriei
4401	2.2	Politia trage gaze lacrimogene pentru a dispersa protestatarii din Tunis	Politia trage gaze lacrimogene asupra protestatarilor din Cairo
4402	3.8	Principala opozitie a Egiptului respinge apelul presedintelui la dialog	Opozitia din Egipt isi reconsidera raspunsul la apelul pentru dialog din partea lui Morsi
4403	1.4	Tokyo va gazdui Jocurile Olimpice din 2020	Luptele vor participa ca proba la Jocurile Olimpice din Tokyo 2020
4404	4.6	Pretul locuintelor creste cu 6,8% in luna mai	In mai locuintele se scumpesc cu 6,8%
4405	5.0	Castro presedinte al Cubei isi asuma presedintia CELAC	Castro presedinte al Cubei va prelua presedintia CELAC
4406	0.2	Un cutremur cu magnitudinea 6,9 a lovit Noua Zeelanda	Un cutremur cu magnitudinea 5,6 zguduie Iranul
4407	3.0	Zeci de persoane sunt presupuse prinse in prabusirea cladirii din India	Salvatorii depun eforturi pentru a gasi 20 inca prinsi in prabusirea cladirii din India
4408	1.2	Daily Press Briefing: Sudanul de Sud	Daily Press Briefing: Siria
4409	3.2	Islamistii ataca nordul orasului Mali dupa atentate sinucigase	Islamistii ataca trupele maliene in Gao
4410	2.2	Marea Britanie pregatita sa deporteze pe Abu Qatada	Marea Britanie nu reuseste deportarea clericului radical Abu Qatada
4411	0.8	Parlamentul francez sustine reforma legii privind prostitutia	Parlamentul rus va lua in considerare interzicerea adoptarilor din SUA
4412	2.6	Impuscaturi, explozii auzite in timp ce thailandezii continua sa protesteze in Bangkok	Impuscaturi, explozii zguduie ziua protestelor thailandeze inainte de alegeri
4413	1.6	Armata israeliana se concentreaza pe granita de nord	Armata Egiptului preia controlul asupra Fratiei Musulmane
4414	1.0	Coreea de Nord blocheaza accesul lui Kaesong	Coreea de Nord promite sa reporneasca instalatiile nucleare
4415	0.4	Manning a fost condamnat la 35 de ani de inchisoare	Ariel Castro a fost condamnat la 1.000 de ani de inchisoare
4416	3.4	Senatul SUA aproba acordul in urma prapastiei fiscale	Este oficial: acord incheiat inurma „prapastiei fiscale”
4417	5.0	Zimmerman oprit pentru viteza in Texas, eliberat cu avertisment	Zimmerman oprit in Texas pentru depasirea vitezei, primeste un avertisment
4418	1.4	Iranianul Rouhani avertizeaza asupra talibanizarii in Siria	Rusia si China sunt ingrijorate de atacurile aeriene israeliene din Siria
4419	0.0	Siria neaga rapoartele despre atacul mortal cu gaze din Damasc	Aliatii americani primesc ajutor pentru a respinge atacurile cibernetice iraniene
4420	3.4	Actiunile chineze cresc in urma intalnirii economice	Actiunile chineze inchid in crestere miercuri
4421	3.4	Rusia dezvaluie legatura petroliera de 30 de miliarde de dolari catre Pacific	Rusia dezvaluie legatura petroliera de 25 mld. dolari catre Pacific
4422	2.0	Politistii ucid omul inarmat, gasesc inca 3 morti in casa din Colo	4 morti dupa ce politia s-a confruntat cu un armat baricadat intr-o casa din SUA
4423	3.0	Dolce si Gabbana condamnati pentru evaziune fiscala	Dolce si Gabbana amendati in cazul fiscal italian
4424	3.8	Un cutremur cu magnitudinea 7,2 a lovit Pakistanul: CENC	Un cutremur cu magnitudinea 7,7 a lovit sud-vestul Pakistanului
4425	4.4	Un asteroid zboara intre Pamant si sateliti	Asteroidul trece aproape de Pamant in zbor
4426	2.0	Lupta pentru orasul Mali reflecta tactica islamista	UE va pregati armata Mali pentru a lupta impotriva militantilor islamisti din nord
4427	0.0	Doi urmaritori ai lui Mos Craciun se intrec in acest Craciun	Spania intoarce ceasul inapoi la sieste
4428	2.6	Nave se antreneaza pentru transportul armelor chimice siriene	Siria incarca arme chimice in bombe, in asteptarea ordinului lui Assad
4429	2.2	2 morti, 11 raniti in atacurile din Irak	15 morti, 90 raniti in atacuri noi in Irak
4430	1.0	Poate SUA sa aiba incredere in Siria ca va preda arme chimice?	SUA spune ca Siria ar fi folosit gazul sarin in armele chimice
4431	3.4	Cantareata mexicana Jenni Rivera presupusa decedata intr-un accident de avion	Jenni Rivera, vedeta de muzica mexicana, moare intr-un accident de avion
4432	1.8	Un tribunal din Bangladesh il condamna la moarte pe primul parlamentar pentru crime de razboi	Premierul britanic acuza Sri Lanka de crime de razboi
4433	4.0	Mugabe declarat castigator al alegerilor disputate	Zimbabwe: Mugabe declarat castigator in votul disputat
4434	3.6	Numarul mortilor urca la 15 in scufundarea barcii din Indonezia	Indonezia: Numarul mortilor creste la 11 in rasturnarea barcii din Indonezia
4435	3.8	Curtea egipteana interzice Fratia Musulmana	Curtea Egiptului interzice „activitatile” Fratiei Musulmane
4436	4.2	Rouhani conduce in votul prezidential al Iranului - rezultate preliminare	Rouhani conduce in numaratoarea initiala a voturilor din Iran
4437	0.6	Politia a atacat in protestele cu pavilion din Belfast	Politicieni in discutii despre violenta pavilionului
4438	1.0	S. Korea propune o „finala” discutie a lui N. Korea despre Kaesong	Coreea de Nord propune discutii la nivel inalt cu SUA
4439	1.8	Victima violului in grup din India „lupta impotriva sanselor”	Victima unui viol din India moare intr-un spital din Singapore
4440	2.8	Atacatorii ucid 9 turisti straini, 1 pakistanez	Atacatorii ucid 11 turisti straini in Pakistan
4441	3.2	Declaratia purtatorului de cuvant al Inaltului Reprezentant, Catherine Ashton, despre ultimul val de atacuri din Irak	Declaratia purtatorului de cuvant al Inaltului Reprezentant al UE, Catherine Ashton, privind reluarea executiilor in Irak
4442	3.0	Egiptul sporeste securitatea inainte de protestele pro-Morsi	Egiptul se pregateste pentru proteste masive
4443	2.0	Yacimovich cere cabinetului sa aprobe eliberarea prizonierilor palestinieni	Israelul este de acord sa elibereze 104 prizonieri palestinieni
4444	0.4	Palestinienii construiesc o alta tabara de proteste in Cisiordania	Palestinienii voteaza pentru prima oara in ONU, un moment simbolic, insa istoric
4445	3.6	Numarul de morti in urma prabusirii cladirii din Bangladesh atinge 362	Numarul de morti in urma prabusirii cladirii din Bangladesh atinge 580
4446	2.5	Trimisii israelieni au fost convocati asupra planurilor de asezare	Marea Britanie il cheama pe trimisul israelian legat de unele acorduri
4447	5.0	2 morti, 2 raniti in impuscaturile din liceul din Nevada	Nevada: 2 morti, 2 raniti in impuscaturile din liceu
4448	4.2	Interzicerea scolilor de sex mixt de catre Hamas intra in vigoare	Hamas interzice scoala de sex mixt
4449	0.4	Om arestat dupa ce un ofiter de politie a fost impuscat in Leeds	Panoul marin solicita demiterea ofiterului care s-a prefacut mort
4450	0.6	Premierul ucrainean demisioneaza pe fondul protestelor	Prim-ministrul turc semnaleaza revenirea pe linia dura contra protestatarilor
4451	2.2	Obama se concentreaza asupra economiei in Starea Uniunii	Factbox: Ce trebuie sa stiti in discursul lui Obama despre Starea Uniunii
4452	1.0	Google lanseaza baloane care permit accesul la internet	Google „joaca un joc fiscal international”
4453	4.8	Irak sprijina Egiptul in represiunea suporterilor lui Morsi	Irak sprijina Egiptul in represiunea suporterilor lui Modhamed Morsi
4454	3.8	Rusia isi da OK-ul initial in interdictia adoptiilor de catre americani	Rusia isi da acordul initial in interdictia adoptiilor de catre americani
4455	2.8	Cinci condamnati in cazul traficului de organe din Kosovo	Kosovo: 3 primesc inchisoare in cazul traficului de organe
4456	4.4	Hrithik Roshan, sotia Sussanne se despart	Hrithik Roshan, Sussanne divorteaza
4457	5.0	Atacatorul printre cei 7 morti dupa impuscaturile din apartamentul din Florida	Atacatorul printre cei 7 morti dupa schimbul de focuri din apartamentul din Florida
4458	1.0	Obama lauda progresele in ceea ce priveste drepturile homosexualilor in discursul inaugural	Mii de oameni protesteaza impotriva casatoriei homosexuale in Franta
4459	2.2	Valul de bombardamente ucide 15 in Irak	Bombele auto ucid cel putin 49 de persoane in Irak
4460	4.6	Intr-o miscare socanta, Obama pune in asteptare atacul impotriva Siriei	Obama pune in asteptare atacul impotriva Siriei
4461	1.8	Israelul loveste Siria in timp ce tensiunile cresc asupra armelor	Atacurile aeriene ranesc civili in Deraa din Siria
4462	2.6	Oamenii inarmati ucid noua persoane in nord-vestul Pakistanului	Militantii ucid 6 soldati in nord-vestul Pakistanului
4463	1.2	Prabusirea avionului din San Francisco pe scurt	Doi morti, 181 raniti in accidentul aerian din San Francisco
4464	2.2	8 arestati dupa prabusirea cladirii Bangladesh	Muncitorii protesteaza dupa prabusirea cladirii din Bangladesh
4465	0.0	Pasageri de croaziera de Craciun loviti de Norovirus	Pasager de croaziera disparut intr-o ambuscada NSW
4466	3.5	Revendicare asupra decesului Dianei - noi informatii care au fost transmise politiei cu privire la decesele Printesei Diana si Dodi Fayed includ o acuzatie cum ca ar fi fost ucisi	Informatie noua despre moartea Diana si Fayed - decesele printesei Diana si Dodi Al Fayed sunt examinate din nou de politisti dupa ce au primit noi informatii.
4467	1.4	Snowden cere sa ramana in Rusia	Snowden lanseaza primul videoclip din Rusia
4468	2.2	Actiunile chineze se inchid miercuri	Actiunile chineze se inchid vineri in crestere
4469	3.4	O afectiune de stomac il face pe Nadal, aflat in dificultate, sa rateze Open-ul Australian	Rafa Nadal va lipsi de la Open-ul Australian
4470	4.8	Narendra Modi promite o pozitie dura impotriva Pakistanului	Modi din India promite o pozitie dura impotriva Pakistanului
4471	3.4	Curtea egipteana are in vedere eliberarea lui Mubarak	Curtea din Egipt dispune eliberarea lui Mubarak
4472	5.0	Cercetasii intarzie decizia de admitere a homosexualilor	Cercetasii Americani intarzie votul cu privire la ridicarea interdictiei pentru homosexuali
4473	1.4	2 bombe auto ucid 8 in sudul Irakului	Bombardamentele auto au ucis 14 persoane in nordul Irakului
4474	4.0	Van der Sloot se va casatori in inchisoare	Joran Van Der Sloots intentioneaza sa se casatoreasca in inchisoarea din Peru
4475	3.0	Actiunile din Tokyo inchid in scadere cu 0,26 puncte	Bursa din Tokyo inchide in scadere cu 1,53%
4476	2.2	Indicii bursieri din China inchid in crestere - 4 decembrie	Indicii bursieri din China inchid in scadere - 24 ianuarie
4477	2.8	Imagini ale zilei: 7 august 2013	Imagini ale zilei: 11 aprilie 2013
4478	2.8	Palestinienii „loviti” de foc israelian in Gaza	Doi palestinieni ucisi intr-un atac aerian israelian in Gaza
4479	4.6	Jesse Jackson Jr. si sotia vor pleda vinovati de frauda	Jesse Jackson Jr., sotia pledeaza vinovati de frauda
4480	4.4	SUA ii expulzeaza pe diplomati venezueleni in masa	SUA ii expulzeaza pe diplomatii venezueleni
4481	3.4	Veteranul BBC Hall admite abuzuri sexuale asupra copiilor	Stuart Hall admite agresiuni sexuale asupra copiilor
4482	0.6	7 morti, 3 raniti in accidentul rutier din sudul Chinei	20 de morti, 44 de raniti in accidentul rutier din Filipine
4483	3.4	Ryanair raporteaza profituri record, dar avertizeaza ca probabil cresterea va incetini anul acesta	Stansted: Ryanair raporteaza o crestere de 13% a profiturilor anuale, dar avertizeaza cu privire la o crestere mai lenta in acest an
4484	3.0	Actiuni de urmarit la inchiderea de luni	Actiuni de urmarit la inchiderea de joi
4485	4.0	A 50-ea aniversare a decesului lui JFK rememorata	La 50 de ani de la moartea lui JFK, Dallas tine primul sau memorial
4486	1.2	Un cutremur cu magnitudinea 6,3 a lovit Taiwanul	Un cutremur cu magnitudinea 7,7 a lovit sud-vestul Pakistanului
4487	0.8	Carti pentru a ajuta copiii sa vorbeasca despre stirile Boston Marathon	Raportul a doua explozii la linia de sosire a maratonului Boston
4488	2.6	Sectorul tehnic se incalzeste: Google si IBM posteaza castiguri puternice	Actiunile Google cresc peste 1.000 de dolari pe baza castigurilor puternice
4489	1.0	Profilurile candidatilor la presedintie din Kenya	Jurnalistul italian a fost ales ca candidat la presedintie
4490	3.4	Israelul elibereaza prizonierii palestinieni	Comitetul guvernamental aproba eliberarea a 26 de prizonieri palestinieni
4491	4.0	Cladirea Philadelphia se prabuseste, 8-10 persoane ar putea fi prinse	Cladirea Philadelphia se prabuseste; rapoarte despre persoane prinse
4492	3.0	Obama se intalneste cu familia Mandela	Obama se intalneste cu Zuma si ii aduce omagiu lui Mandela
4493	3.4	Senatul SUA declanseaza dezbaterea privind controlul armelor	Senatul SUA urmeaza sa voteze proiectul de lege privind controlul armelor
4494	1.4	Bombardamentele auto au ucis 53 de persoane in Damasc	Bombardamentele auto au ucis 13 civili in capitala irakiana
4495	2.6	„Prietenii Siriei” din Doha discuta despre inarmarea rebelilor	Siria este de acord cu ajutorul militar acordat rebelilor
4496	2.0	Siria condamna atacurile aeriene israeliene.	O serie de atacuri mortale loveste Irakul
4497	5.0	Liderul Egiptului impune starea de urgenta in 3 orase	Presedintele Egiptului declara starea de urgenta in trei orase
4498	2.8	Protestatarii ABVP se confrunta cu politia la Jantar Mantar, arunca pietre	Protestatarii se confrunta cu politia la Jantar Mantar, 5 persoane retinute
4499	2.8	Premierul turc indeamna sa puna capat protestelor din Istanbul	Politia turca trage cu gaze lacrimogene asupra protestatarilor din Istanbul
4500	1.8	Doi barbati acuzati de terorism	Nigerian nascut in Arabia Saudita acuzat de terorism la New York
4501	3.6	UE primeste Premiul Nobel pentru Pace	UE primeste Premiul Nobel pentru Pace 2012
4502	2.6	Inceputul festivalului de curse de tauri San Fermin a fost amanat pentru scurt timp din cauza obstructionarii vederii de catre un steag basc	Incepe festivalul de curse de tauri San Fermin
4503	2.8	Cel putin 21 de oameni, majoritatea straini, au fost ucisi in atacul sinucigas din Kabul	Un britanic mort in atacul sinucigas din Kabul
4504	0.0	Fost ofiter LAPD cautat in uciderile din Irvine	Fost ofiter CIA condamnat la 30 de luni de inchisoare pentru scurgeri de informatii
4505	0.8	Actiunile de la Tokyo inchid cu aproape in scadere cu 0.88%	Actiunile din Singapore inchid in scadere cu 0,44%
4506	0.6	Instanta pakistaneza cere raspunsuri in cazul revoltei „blasfemiei”	Raportul Pakistan-ONU releva niveluri alarmante de consum de droguri
4507	3.8	McAfee (al Intel) cumpara Stonesoft pentru 389 milioane de dolari in numerar, companie specializata in firewall-uri in cloud	McAfee va achizitiona firewall-ul Stonesoft pentru 389 milioane de dolari
4508	1.0	Un cutremur cu magnitudinea de 4.1 loveste SUA	Un cutremur cu magnitudinea de 7,2 loveste Filipine
4509	3.6	Liderul opozitiei din Bangladesh condamnat la moarte pentru crime de razboi	Bangladesh: Fugar condamnat la moarte de Tribunalul pentru crime de razboi
4510	4.2	Presupusul ucigas de politisti a murit in urma unei impuscaturi in cap	Presupusul ucigas de politisti a murit in urma unei impuscaturi
4511	4.8	Explozia unei masini capcana la consulatul suedez din Benghazi, Libia, fara victime	Explozia unei masini capcana loveste consulatul suedez din Benghazi, niciun ranit
4512	3.0	Musharraf a fost arestat in cazul Lal Masjid	Musharraf arestat in Pakistan
4513	4.4	Iranul spera ca discutiile nucleare vor genera un „plan de urmat”	Discutiile nucleare ale Iranului in Geneva produc mari asteptari
4514	2.8	Oficial: 35 de militanti ucisi in raidurile afgane	Minister: 12 militanti ucisi in raidurile afgane
4515	4.0	Coreea de Nord se pare ca testeza rachete cu raza scurta de actiune	Coreea de Nord lanseaza rachete cu raza scurta de actiune
4516	2.8	Protestatarii thailandezi impiedica votul; 1 mort in violente	Protestatarii thailandezi blocheaza sectiile de votare din Bangkok
4517	1.8	Hugo Chavez al Venezuelei moare de cancer	Hugo Chavez: oficiali venezueleni pentru unitate
4518	2.2	Al treilea test nuclear al Coreei de Nord o apropie de statutul de putere nucleara	NATO spune ca testele nucleare din Coreea de Nord reprezinta o amenintare grava la adresa pacii mondiale
4519	4.6	Coreea de Nord efectueaza al treilea test nuclear	Coreea de Nord confirma al treilea test nuclear
4520	3.6	Bursa indiana se deschide la aceeasi valoare	Bursa indiana se deschide in scadere
4521	5.0	Veniturile din jocurile de noroc din Macao au inregistrat un record de 38 de miliarde de dolari in 2012	Veniturile din jocurile de noroc din Macau au atins un record de 38 miliarde de dolari in 2012
4522	3.8	Israelienii si palestinienii reiau discutiile in SUA	Israelienii si palestinienii incep discutiile
4523	2.4	Comemorarea lui Nelson Mandela	Transmisiune in direct: Nelson Mandela a murit
4524	3.8	Comitat din NM se pregateste pentru audieri in cazul casatoriilor intre persoane de acelasi sex	Unii oficiali judeteni deschid calea casatoriei intre persoane de acelasi sex
4525	4.0	Patru membri ai echipajului elicopterului Fortelor Aeriene SUA au murit intr-un accident in Marea Britanie	Echipajul elicopterului Fortelor Aeriene SUA a murit intr-un accident in Marea Britanie
4526	4.2	Tokyo va gazdui Jocurile Olimpice din 2020	Tokyo castiga cursa pentru a gazdui Jocurile Olimpice din 2020
4527	4.0	Malaezia il retine pe aeroport pe senatorul australian	Malaezia il aresteaza pe parlamentarul australian pe aeroport
4528	2.2	Coreea de Sud declara ca Nordul a lansat rachete	Coreea de Nord lanseaza rachete cu raza scurta de actiune
4529	3.0	Marea Britanie inchide fabricile in timp ce scandalul carnii de cal ajunge in Franta	Ministrii UE sunt „hotarati” sa rezolve scandalul carnii de cal
4530	3.2	SUA avertizeaza Siria asupra armelor chimice	Ingrijorarile SUA cu privire la armele chimice ale Siriei cresc
4531	1.2	37 de morti in accidentul de autobuz din Italia	12 morti intr-un accident de autobuz in Pakistan
4532	3.0	Yuanul chinezesc se consolideaza la 6.2689 fata de USD	Yuanul chinezesc slabeste la 6.2816 fata de USD
4533	2.0	SUA recunoaste opozitia siriana	Rusia invita opozitia siriana la discutii
4534	4.8	Egiptul voteaza in noua constitutie	Egiptenii voteaza asupra noii constitutii
4535	4.4	Legenda lui Preston si a Angliei, Tom Finney, moare la 91 de ani	Fostul mare britanic Tom Finney a murit la 91 de ani
4536	3.0	Masina capcana ucide un om si raneste alti cinci in Benghazi	Masina capcana loveste Ministerul Libian de Externe din Benghazi
4537	3.4	Bombe plasate la marginea drumului ucid 5 oameni in Afganistan	Bomba plasata la marginea drumului ucide 3 politisti in Afganistan
4538	0.4	Tamilii din Sri Lanka voteaza pentru o mai mare autonomie	Cameron si Putin discuta despre Siria
4539	3.6	Trupele conduse de francezi se apropie de Timbuktu	Trupele conduse de francezi controleaza accesul in Timbuktu
4540	1.2	Un atac aerian NATO ucide doi copii afgani	Soldat NATO ucis in Afganistan
4541	4.0	Oameni inarmati ucid 11 turisti straini in Pakistan	Oameni inarmati ucid 11 alpinisti straini in Pakistan
4542	4.0	Coreea de Nord va activitatea lucrarile in zona industriala comuna	Coreea de Nord blocheaza accesul la zona industriala comuna
4543	1.8	Suspectul unui viol in grup din Delhi „batut, otravit”	Verdictul violului in grup din Delhi a fost amanat din nou
4544	1.4	Franta promite ajutor militar in Mali	Majoritatea francezilor sprijina operatiunea militara din Mali
4545	4.0	Egiptenii voteaza asupra constitutiei dezbinatoare	Egiptenii voteaza asupra schimbarii constitutiei
4546	2.8	Reid citeaza „un progres extraordinar” in discutiile privind plafonul datoriilor	Liderii Senatului par aproape de acordul asupra plafonului datoriei SUA
4547	2.0	Un cutremur cu magnitudinea de 6,2 zguduie Sarangani	Cutremur cu magnitudinea de 4,3 zguduie sud-vestul Chinei
4548	1.2	Un mort, 11 raniti in haosul masinilor din Los Angeles	6 morti, 33 raniti in explozia din Cotabato
4549	4.2	Presedintele easyJet demisioneaza	Presedintele companiei aeriene britanice easyJet demisioneaza
4550	0.8	Asistent: Obama reinnoieste oferta de a taia protectia sociala intr-un mare acord bugetar	Japonia indeamna SUA sa rezolve rapid blocajul bugetar
4551	2.4	Atentator sinucigas ucide 14 persoane la Consiliul provinciei afgane	Atentator sinucigas ucide 11 persoane in Afganistan
4552	3.4	Comitetul se apropie de marile decizii finale privind imigratia	Comitetul judiciar al Senatului se apropie de marile decizii finale in elaborarea proiectului de lege privind imigratia
4553	3.8	Trupe americane ucise in atacul afgan din interior	Trupe NATO ucise in „atac din interior” afgan
4554	1.8	Mama arestata sub suspiciunea de omucidere dupa ce cainele a ucis-o pe fiica	Barbat arestat sub suspiciunea de crima dupa injunghierea din Suffolk
4555	3.2	Cinci morti, 40 disparuti in dezastrul feroviar din Canada	40 inca sunt disparuti in accidentul feroviar canadian
4556	3.0	Politician tunisian din opozitie impuscat mortal	Liderul opozitiei din Tunisia ucis; izbucnesc proteste
4557	4.8	ONU subliniaza necesitatea consolidarii puternice a ajutorului sirian	Seful ONU solicita consolidarea puternica a ajutorului sirian
4558	1.6	Bursa de valori creste impulsionata de Wall St	Bursa de valori scade pe Wall Street
4559	2.6	George Zimmerman nu a fost gasit vinovat de uciderea lui Trayvon Martin	Proteste si apeluri pentru calm dupa ce Zimmerman a fost achitat ​​de uciderea lui Trayvon Martin
4560	3.6	Denuntatorul Edward Snowden zboara la Moscova	Denuntatorul NSA, Edward Snowden, paraseste Hong Kong-ul in zbor spre Moscova
4561	0.6	17 morti, 133 raniti in atacuri cu bomba in nordul Irakului	2 morti, 6 raniti in ciocniri in nordul Libanului
4562	1.2	Insider dezvaluie secretele alegerilor din 2012	Toata atentia pe Capriles cu ocazia stabilirii alegerilor din Venezuela
4563	2.8	Durere in familia regala din cauza mortii asistentei	Farsorul de la radio in lacrimi din cauza decesului asistentei
4564	4.2	Coreea de Nord spune ca ar putea intarzia controversata lansare a rachetelor	Coreea de Nord pare hotarata sa intarzie lansarea controversata a rachetelor
4565	4.0	Memoriul critic al lui Gates zguduie administratia Obama	Explozia Gates zguduie administratia Obama
4566	4.2	Jeff Bezos pariaza 250 de milioane de dolari pentru revigorarea Washington Post	Jeff Bezos plateste 250 de milioane de dolari pentru Washington Post
4567	3.8	Brooks se declara nevinovat in acuzatiile de hacking	Brooks se declara nevinovat la audierea pentru hacking-ul telefonului
4568	4.0	Eliminarea opozantilor trimite un mesaj infricosator elitei Coreei de Nord	Eliminarea unchiului Kim trimite un mesaj infricosator elitei Coreei de Nord
4569	1.4	Sud-africanii marcheaza cea de-a 95-a aniversare a lui Mandela	Fostul premier al Africii de Sud, Nelson Mandela, internat din nou
4570	3.0	Obama declara ca legea sanatatii functioneaza	Obama se angajeaza sa puna in aplicare noua lege a sanatatii
4571	3.0	Ploaia abundenta creste pericolul de inundatii de Craciun	Ploaia recenta aduce mai multe inundatii
4572	3.6	Mii de oameni protesteaza impotriva casatoriei homosexuale	Mii de oameni protesteaza impotriva casatoriei homosexuale la Paris
4573	0.4	Liderul unei bande din Taiwan prins la aeroport dupa 17 ani	Zambia il aresteaza pe fostul lider Banda din cauza acordului petrolier
4574	3.0	Discutiile nucleare din Iran incep intr-o atmosfera de speranta	Discutiile nucleare din Iran incep la Geneva
4575	4.2	Protestele politice thailandeze paralizeaza mai multe ministere	Protestatarii thailandezi asediaza mai multe ministere
4576	4.6	Bezos de la Amazon va cumpara Washington Post cu 250 de milioane de dolari	Bezos de la Amazon cumpara Washington Post cu 250 de milioane de dolari
4577	1.8	Turneul economic al lui Obama lovit de asteptari reduse	Obama incurajeaza cercetasii sa puna capat interzicerii homosexualilor
4578	0.6	Israelul promite sa nege Hezbollah dupa un atac aerian	Minister: Masina capcana ucide patru oameni in bastionul Hezbollah din Beirut
4579	2.4	Franta saluta acordul SUA-Rusia privind Siria	Liga Araba saluta acordul SUA-Rusia in legatura cu Siria
4580	2.0	Mai multi soldati francezi in Republica Centrafricana	Schimburile de focuri din capitala Republicii Centrafricane creeaza o noua panica
4581	1.0	Rezolutia ONU ordona distrugerea armelor chimice din Siriei	Germania este pregatita sa ajute misiunea chimica a Siriei
4582	4.6	Exclusiv-ACTUALIZARE 2-Alianta Egiptului pro-Mursi da semne de flexibilitate in discutii	EXCLUSIV-ACTUALIZARE 1-Alianta egipteana pro-Mursi da semne de flexibilitate in discutii
4583	4.2	David Beckham se va retrage la sfarsitul sezonului	David Beckham se retrage din fotbal
4584	3.4	Libia isi inchide brusc granitele cu patru tari	Libia inchide granitele, declara legea martiala in sud
4585	1.0	Un cutremur cu magnitudinea de 6,0 a lovit Grecia - USGS	Un cutremur cu magnitudinea de 5,0 zguduie Japonia
4586	0.2	Cautari dupa ce un om a fost tras in larg	Lara planifica o vizita in Nepal
4587	3.0	Militantii organizeaza o evadare din inchisoare in Pakistan	Talibanii evadeaza: 250 de militanti scapa dupa atacul asupra inchisorii din Pakistan
4588	3.0	Un meteorit loveste Rusia Centrala, peste 500 de oameni raniti	Un meteorit loveste Rusia Centrala, 400 raniti
4589	4.2	Viscolul paralizeaza nord-estul SUA	Viscolul loveste nord-estul SUA, drumuri inchise
4590	1.6	Protestatarii NATO achitati de acuzatiile de terorism	Protestatarii NATO condamnati pentru acuzatii de non-terorism
4591	1.4	„Credibilitatea in joc asupra Siriei”	Obama: Congresul, credibilitatea mondiala in joc
4592	0.0	Talibanii pe agenda SUA in Pakistan	Cel putin 33 de morti in urma unui cutremur mare care a lovit Pakistanul
4593	5.0	Ministrul de interne din Egipt supravietuieste bombei	Ministrul de interne din Egipt supravietuieste atacului cu bomba
4594	2.0	Yuanul Chinei slabeste la 6,2767 fata de USD joi	Yuanul Chinei slabeste la 6,1818 fata de USD marti
4595	1.4	Obama poarta discutii legate de actiunile asupra Siriei	Cameron pierde votul parlamentar asupra actiunii militare in Siria
4596	5.0	Egiptul „ingheata bunurile Fratiei Musulmane”	Egiptul ingheata fondurile Fratiei Musulmane
4597	0.0	Raport Zen: Nu este usor sa fii exigenta	Meteoritul rus lasa un gol in cladire
4598	4.6	Tony Abbott a depus juramantul ca nou prim-ministru al Australiei	Tony Abbott a depus juramantul ca prim-ministru al Australiei
4599	4.0	Armata Egiptului ia masuri severe asupra Fratiei	Armata Egiptului ia masuri severe asupra Fratiei Musulmane
4600	3.4	Legislativul din Venezuela se intruneste pe fondul crizei de sanatate a lui Chavez	Legislativul se intalneste pe fondul crizei lui Chavez
4601	2.0	Opozitia siriana ameninta ca renunte la discutii	Opozitia siriana este de acord cu discutiile
4602	2.6	Un atentator sinucigas ucide un politist in Pakistan	Atentatorii sinucigasi ucid 3 soldati in Pakistan
4603	0.8	Protestatarii anti-guvernamentali iau cu asalt strazile din Kiev	Protestatarii din Ucraina au rasturnat statuia lui Lenin
4604	1.0	Barbat din Chicago va fi condamnat pentru terorism	Sefii bancii Kabul condamnati pentru coruptie
4605	2.4	Atac american cu drone ucide trei persoane in nord-vestul Pakistanului	Atac american cu drone ucide sapte oameni in Waziristanul de Nord
4606	4.2	Defectiunea la calea ferata intrerupe serviciul de tren intre Raffles Place si Marina Bay	Serviciul feroviar intrerupt intre Raffles Place si Marina Bay
4607	1.0	Manning condamnat la 35 de ani pentru expunerea secretelor guvernamentale	Britanic inchis pentru 10 ani pentru ca a vandut detectoare de bombe false
4608	1.0	Politia britanica a declarat ca nu exista o legatura terorista cu accidentul elicopterului	Politia din China cauta opt suspecti in cazul accidentului
4609	1.8	Un atentator sinucigas ucide 13 persoane in sudul Rusiei	Un atentator sinucigas ucide 16 persoane in orasul rus Volgograd
4610	1.8	41 de morti, 22 de raniti in atacuri violente in Irak	15 morti, 90 raniti in atacuri noi in Irak
4611	2.5	Kerry va vizita Iordania, pacea israeliana-palestiniana pe ordinea de zi	Kerry amana vizita in Israel de saptamana viitoare
4612	4.4	Somajul in zona euro atinge un nou record superior	Somajul in UE atinge un nou record
4613	1.4	Adevaratul erou al lui Nelson Mandela nu a fost Gandhi, ci Nehru	Starea de sanatate a lui Nelson Mandela este „instabila”
4614	3.0	In fata taxei de salvare, cipriotii incearca sa isi scoata banii din banci	Conditiile de salvare atrag prompt asaltul bancilor din Cipru
4615	1.2	Obama se inscrie in Obamacare	Americanii se straduiesc sa se inscrie la Obamacare pana la termenul limita
4616	4.2	Lance Armstrong ii marturiseste totul lui Oprah	Lance Armstrong marturiseste ca s-a dopat in interviul cu Oprah
4617	5.0	Andy Murray merita sa fie numit cavaler, spune David Cameron	David Cameron: Andy Murray merita sa fie cavaler
4618	2.0	Indicele Hushen 300 inchide in crestere - 14 octombrie	Indicele Hushen 300 inchide in scadere - 12 martie
4619	2.4	Departamentul de Stat SUA tras la raspundere asupra Benghazi	Seful securitatii Departamentului de Stat demisioneaza dupa incidentul Benghazi
4620	0.0	Fotbal - Franta va gazdui Australia pentru prima data in octombrie	Oficialul ANR se va confrunta cu intrebari pentru prima data de la remarcile controversate
4621	3.6	Ambasadorul Hondurasului in Columbia a fost demis dupa o petrecere extrema	Ambasadorul Honduras demisioneaza dupa presupusa orgie la ambasada
4622	2.4	Siria trebuie sa distruga armele chimice	Libia „distruge ultimele arme chimice”
4623	0.0	Cutremur de intensitate medie in zona centrala a Marii Mediterane	Iran: Candidatul moderat castiga votul prezidential
4624	3.6	Trei afgani ucisi intr-un atac sinucigas	Trei afgani morti intr-o noua explozie la baza SUA din estul Afganistanului
4625	2.8	Atentatori sinucigasi au lovit armata Egiptului in Sinai, ucid 6	Atentatori sinucigasi au lovit armata Egiptului in Sinai, ucid 4
4626	3.4	Pietele din Asia castiga in urma datelor economice optimiste ale SUA	Pietele asiatice au fost ridicate de datele pozitive din SUA si China
4627	1.6	Un atentator sinucigas ucide 9 persoane la mitingul politic din Pakistan	Un atentator sinucigas ucide un paznic la ambasada SUA in Turcia
4628	2.2	Patru sustinatori ai lui Morsi ucisi in ciocnirile din Egipt	Zeci de raniti in timp ce sustinatorii lui Morsi se ciocnesc cu fortele de securitate
4629	0.0	Elevii vorbesc pe calea undelor radio	Un cutremur cu magnitudinea de 5,5 a lovit Taiwanul
4630	2.2	Ofiter in cazul Pistorius realocat	Ofiter in cazul Pistorius acuzat de tentativa de crima
4631	4.0	Vinnie Jones dezvaluie ca se lupta din nou cu cancerul	Vinnie Jones dezvaluie ca are cancer de piele
4632	2.6	Seful pakistanez al talibanilor, Hakimullah Mehsud, a fost ucis intr-un atac cu drone	Talibanii pakistanezi jura razbunare, vor plati uciderea lui Hakimullah cu varsare de sange
4633	5.0	Zeci de oameni ucisi intr-un atac aerian asupra unei brutarii din centrul Siriei	„Zeci de oameni ucisi” in atacul aerian sirian asupra unei brutarii
4634	2.0	Oameni inarmati ucid un soldat si ranesc alti doi in Pakistan	Oameni inarmati ucid 6 asistenti care tratau bolnavii de poliomielita in Pakistan
4635	2.2	Politia confirma modul in care suspectul a fost capturat	Descinderea asupra suspectului din exploziile de la Maratonului Boston capturata video
4636	2.8	Incepe distrugerea armelor chimice ale Siriei	Distrugerea armelor chimice din Siria s-ar putea dovedi dificila
4637	0.8	Inundatiile din Canada obliga evacuarea unui alt oras	Incendiile de vegetatie din California impun evacuarea caselor, universitatii
4638	4.4	ONU spune ca dronele americane incalca suveranitatea Pakistanului	ONU: Atacurile americane cu drone incalca suveranitatea Pakistanului
4639	4.8	Obama lauda „inspiratia” lui Mandela	Obama saluta efectul de inspiratie al lui Mandela
4640	0.8	Obama vine „sa asculte” Israelul, palestinienii	Kerry saluta planul arab pentru discutii israeliano-palestiniene
4641	4.2	E-mailurile - Firma petroliera l-a intrebat pe comerciant despre intalnirea cu ministrul	Firma petroliera l-a intrebat pe comerciantul rebel despre intalnirea cu ministrul
4642	1.4	Numarul mortilor in atacul asupra politiei din Nigeria se ridica la 30	Numarul mortilor in atacul unui autobuz din Kenya creste la sase
4643	2.6	Siria „va declara arme chimice si va semna conventia”	Rusia si Siria Lucreaza la un plan „concret” asupra armamentului chimic
4644	0.0	Australia va renunta la cresterea plafonului datoriei nationale	Premierul australian insista sa nu se certe cu Indonezia
4645	4.8	Pietele asiatice au atins cel mai ridicat nivel din ultimele 3 saptamani in speranta acordului datoriilor SUA	Actiunile asiatice au atins maximele de trei saptamani in speranta acordului datoriilor SUA
4646	1.4	Primul ministru italian Mario Monti demisioneaza	Primul ministru palestinian Fayyad demisioneaza
4647	3.2	Africa de Sud admite o greseala asupra semnatarului „schizofrenic” Mandela	Africa de Sud admite o posibila „greseala” asupra semnatarului surd la comemorarea lui Mandela
4648	1.6	Iranul spune ca in cadrul discutiilor nucleare raman probleme serioase	Iranul promite sa pastreze programul nuclear „pasnic”
4649	2.0	Multimi de oameni se aduna in Betleem de Craciun	Oh, oraselul Betleem - cu adevarat
4650	1.6	Sapte trupe de mentinere a pacii au fost ucise in Darfur din Sudan	Un mentinator al pacii ucis in ciocnirea din Abyei
4651	3.2	NATO: bateria de rachete Patriot functionala la frontiera siriana	Obama: baterii de rachete Patriot, trupele vor ramane in Iordania, langa granita cu Siria
4652	4.6	Actiunile din SUA se prabusesc in a treia zi de inchidere	Actiunile se prabusesc in a treia zi de inchidere a guvernului
4653	3.4	Guineea voteaza intr-un sondaj legislativ mult intarziat	Guineoecuatorenii voteaza in alegerile legislative
4654	3.0	NATO: 3 soldati ucisi in atacul din Afganistan	Trupe NATO ucise intr-un „atac din interior” afgan
4655	1.2	Soldat israelian loveste un copil palestinian in Hebron	Soldati israelieni ucid o femeie palestiniana in Cisiordania
4656	2.2	ONU isi exprima ingrijorarea cu privire la atacurile israeliene asupra Siriei	Oficial israelian confirma al doilea atac aerian asupra Siriei
4657	3.4	Armata Egiptului lanseaza noi raiduri aeriene asupra militantilor din Sinai	Egiptul lanseaza un nou atac impotriva militantilor din Sinai
4658	2.6	Fortele franceze ataca aliatii din Mali ai Al-Qaeda	O batalie pentru recucerirea nordului Maliului: Sute de trupe franceze alunga rebelii afiliati Al-Qaida
4659	1.2	Politia egipteana trage cu gaze lacrimogene asupra protestatarilor Fratiei	India: Gaze lacrimogene lansate asupra protestatarilor violului in grup
4660	3.0	Regimul sirian este de acord sa participe la conferinta de pace	Siria si opozitia sunt de acord „in principiu” sa participe la conferinta de pace
4661	3.8	Zeci de raniti in urma aterizarii fortate a unui avion Boeing 777 pe aeroportul din San Francisco	Un Boeing 777 al Asiana Air aterizeaza fortat pe aeroportul din San Francisco
4662	4.6	13 copii mor intr-un incendiu dintr-o moschee in Myanmar	Politia din Myanmar spune ca 13 copii au murit intr-un incendiu provocat de electricitate intr-o moschee
4663	2.8	Senatul SUA va vota acordul in legatura cu prapastia fiscala, pe masura ce termenul se apropie	Live-Prapastia fiscala: Camera intarzie votul in legatura acordul pentru prapastia fiscala
4664	2.2	Barbat cu cutit arestat la intrarea in Palatul Buckingham	Barbat acuzat dupa arestarea sa la Palatul Buckingham
4665	2.8	5 persoane ingropate in avalansa din Colorado	„5 snowboarderi ucisi in avalansa din Colorado”
4666	3.6	Ban Ki-moon va revizui acordul in legatura cu armele chimice din Siria	Ban va reanaliza acordul asupra armelor chimice din Siria
4667	3.6	Presedintele irakian in spital din cauza unei probleme de sanatate	Presedintele irakian in spital dupa un accident vascular cerebral
4668	3.8	Coalitia care a condus Malaezia mult timp se mentine la putere	Coalitia de guvernamant din Malaezia castiga majoritatea
4669	4.2	Explozii langa ambasada Iranului la Beirut	Doua explozii langa ambasada Iranului la Beirut
4670	4.2	19 raniti in impuscaturile din New Orleans	Politia: 19 raniti in impuscaturile de Ziua Mamei din New Orleans
4671	2.4	Hagel deplange modificarile „politice” aduse bugetului american al apararii	Hagel apara reducerile propuse ale cheltuielilor pentru aparare
4672	4.4	SUA interzice transportul de lichide, geluri pe zborurile catre Rusia	SUA interzice transportul lichidelor pe zborurile directe catre Rusia
4673	2.4	Fratia Egiptului nu da inapoi dupa ucideri	Egipt: Fratia Musulmana il sustine pe Morsi
4674	3.0	Trupe NATO ucid doi copii afgani	Atac NATO ucide 11 copii afgani
4675	2.0	Presedintele iranian solicita noi discutii nucleare	Ministrul iranian invinovateste Vestul pentru discutiile esuate cu privire la armele nucleare
4676	3.4	Inundatiile ucid doi oameni, impun evacuarea a 75.000 de case din Calgary	Inundatiile impun evacuarea a 75.000 de case din Canada
4677	2.6	4 trupe NATO ucise in Afganistan	Opt trupe NATO ucise in Afganistan
4678	3.8	Taifunul Fitow ajunge in estul Chinei	Taifunul Fitow loveste sud-estul Chinei
4679	0.2	Mandela va petrece Craciunul in spital	Filmul Mandela va fi lansat luna aceasta in Africa de Sud
4680	3.4	Rezultatele sondajelor sugereaza ca aliatul lui Putin castiga votul Moscovei	Sondajele arata ca aliatul lui Putin castiga votul Moscovei, Navalny acuza fraudarea
4681	4.0	Judecatorul accepta pledoaria de nevinovatie in cazul lui James Holmes	Pledoarie de nevinovatie pentru James Holmes - dar optiunea de nebunie este inca valabila
4682	1.0	Cel putin 45 de morti in accidentul feroviar din Spania	Cel putin 13 oameni au fost ucisi in tripla explozie a masinilor capcana in Diyala, Irak
4683	0.0	Chris Froome pedaleaza catre finalul Turului Frantei	Concertele lui Chris Brown anulate
4684	3.6	Aplicatie a Apple directioneaza soferii pe pista aeroportului din Alaska	Aplicatie a Apple trimite soferii in aeroport
4685	3.4	Presupus atac cu drone american ucide 3 militanti in Pakistan	Drona americana ucide 4 militanti in Pakistan
4686	3.6	Francisc incepe papalitatea cu rugaciune	Papa Francisc se strecoara din Vatican pentru rugaciuni
4687	3.6	Senatul SUA se va intalni deoarece o cale de iesire din impasul fiscal nu a fost gasita inca	Senatul SUA se intruneste intr-o sesiune extraordinara de duminica pe fondul impasului fiscal
4688	1.8	Fratia Egiptului, la fel de asediata ca liderul ei	Fratia Musulmana a Egiptului stabileste un mars in masa
4689	0.2	Noua fregata invizibila chineza a fost lansata	Belarus si Letonia vor infiinta o comisie de frontiera
4690	2.2	Violentele din Irak ucid 11 oameni	Violentele din Irak ucid sapte oameni
4691	1.6	Protestele continua in capitala Ucrainei tensionata	Protestele continua in Brazilia
4692	3.2	Surse: Britanici eliberati dupa rapirea lor din Sinai, Egipt	Beduinii elibereaza doi britanici capturati in Sinai, Egipt
4693	3.0	Siria saluta acordul nuclear al Iranului	Iran, sase puteri mondiale incheie un acord nuclear important
4694	3.6	Israelul se confrunta cu represalii europene in urma planului de asezamant	Israelul tras la raspundere de tarile europene asupra celor mai recente planuri de asezamant
4695	2.2	Obama glumeste despre el insusi la cina cu reporteri	Obama rade de critici in timpul cinei cu presa
4696	4.2	Allen raspunde la acuzatiile de abuz ale lui Farrow in scrisoare	Allen se apara impotriva acuzatiilor de abuz ale lui Farrow
4697	4.4	Peste 1.000 de detinuti evadeaza din inchisoarea al-Kweifiya din Libia	1000 de prizonieri evadeaza dintr-o inchisoare libiana
4698	1.2	Care este optiunea nucleara?	Fotografiile arata pregatirea nucleara din Coreea de Nord
4699	2.6	Forex & Aur 6 martie 2013	Forex & Aur 12 martie 2013
4700	1.0	Islamisti ucid 21 de persoane in atentate sinucigase in Niger	Masini capcana ucid 20 de persoane intr-un oras turcesc de langa granita cu Siria
4701	2.8	SUA a stabilit ca Siria a folosit arme chimice	ONU voteaza pentru eliminarea armelor chimice ale Siriei
4702	4.2	Tatal lui Snowden ajunge la Moscova	Tatal lui Edward Snowden la Moscova
4703	2.2	Talibanii pakistanezi numesc un nou lider dupa atacul cu drone	Conducatorul talibanilor pakistanezi a fost ucis in atacul american cu drone
4704	1.2	Bombardamentele gemene din Pakistan ucid cel putin 40 de oameni	Acum, militantii se lupta cu politia pakistaneza
4705	3.6	Un sustinator al Fratiei Musulmane moare in ciocnirea din Cairo	Sustinatori ai Fratiei Musulmane mor in ciocnirile din Egipt
4706	3.4	Castigurile Facebook cresc cu 63% pe masura ce anunturile mobile cresc in utilizare	Profiturile Facebook cresc odata cu extinderea bazei de utilizatori
4707	2.2	Trimisul Siriei solicita Guvern de Unitate Nationala	Trimisul Siriei solicita schimbari politice pentru a pune capat conflictului
4708	3.2	Treizeci si sapte de morti intr-un accident de autobuz in Italia	Treizeci de morti in urma caderii autobuzului italian
4709	4.2	Rogers, Videotron extinde acoperirea in urma acordului de partajare a retelei	Rogers, Videotron ajung la o intelegere asupra partajarii retelei si spectrului radio
4710	5.0	Actiunile din China inchid in scadere joi	Actiunile din China inchid in scadere joi
4711	0.6	Femei la bustul gol protesteaza impotriva lui Berlusconi in timp ce acesta voteaza la alegeri	Presedintele Bulgariei sustine protestatarii si se opune alegerilor anticipate
4712	2.8	Indonezia: elevi printre cele 14 persoane ucise in eruptia vulcanului indonezian	Indonezia: sase morti in eruptia vulcanica indoneziana
4713	3.4	S-a ajuns la un acord cu privire la noul guvern italian	Italia va investi noul guvern de coalitie
4714	1.8	Obama deplange moartea emblematicului Nelson Mandela	Sud-africanii jelesc, il sarbatoresc pe Mandela
4715	0.0	Goa este primul pas al lui Modis in marsul spre Delhi	Pentru prima data in istorie, Technion va preda ingineria in Rusia
4716	1.8	Bursa din Singapore inchide in crestere cu 0,4%	Bursa indiana deschide in crestere
4717	4.6	Maldive organizeaza noi alegeri pentru presedinte	Maldive organizeaza noi alegeri prezidentiale
4718	1.8	Egiptul anunta arestarea a 1.004 de sustinatori ai Fratiei Musulmane	Egiptul ordona arestarea lui Badie, seful Fratiei
4719	4.2	Noul World Trade Center declarat ca cea mai inalta cladire din S.U.A.	One World Trade Center numit cea mai inalta cladire din SUA
4720	1.8	Ce spun ziarele, 12 martie 2013	Ce spun ziarele, 25 iunie 2013
4721	3.2	Israelul aproba 1500 de case pentru locuitori	Israelul dezvaluie inca 1.800 de case pentru locuitori
4722	3.6	Piers Morgan interogat de politie	Piers Morgan intervievat de politie in cazul piratarii
4723	4.8	Cazul violului in grup a fotojurnalistei din Mumbai rezolvat, cinci acuzati au fost arestati	Jurnalista din Mumbai, caz de viol in grup: toti cei cinci acuzati au fost arestati
4724	1.6	„Israelian” arestat in Yemen ca spion Mossad	Fortele israeliene retin 2 oameni in descinderea din Hebron
4725	1.8	Fetele pakistaneze invata o lectie grea	Fata pakistaneza impuscata de talibani intr-un videoclip
4726	2.8	Presedintele interimar al Egiptului numeste 2 consilieri	Presedintele interimar al Egiptului investeste noul cabinet
4727	0.6	China lanseaza prima racheta aer-aer din elicopter	Un tribunal din China il condamna pe Bo Xilai la inchisoare pe viata pentru coruptie
4728	1.4	Marea Britanie confirma temerile legate de armele chimice ale Siriei	Sfarsitul „aproape” pentru armele chimice ale Siriei
4729	4.6	Represiunea Egiptului atrage condamnare	Egipt: Represiunea Egiptului provoaca indignare la nivel mondial
4730	0.6	Egiptul investeste un nou lider interimar	Armata Egiptului ia masuri impotriva Fratiei
4731	2.6	Masina capcana ucide 17 persoane in Pakistan	Un atentator sinucigas ucide 10 persoane in Pakistan
4732	0.6	Comandant senior al talibanilor pakistanezi capturat in Afganistan	Siitii pakistanezi cer protectie din partea militantilor
4733	5.0	Conductorul trenului din accidentul feroviar spaniol se confrunta cu intrebarile judecatorului	Conductorul de tren din Spania a fost interogat de judecator
4734	1.6	Actiunile inchid in crestere cu 0,39%	Actiunile din Singapore inchid in scadere cu 0,31%
4735	0.0	SUA publica un raport initial privind impactul fracturarii hidraulice asupra apei	Barbati din China au fost retinuti dupa ce au dus fete la hotel
4736	2.6	Doar Rusia acuza rebelii sirieni de atac chimic: SUA	Rusia cere ONU sa ia in considerare ancheta sa privind utilizarea armelor chimice in Siria
4737	5.0	Filipine, rebelii ajung la un acord de impartire a averii	Filipine si rebeli ajung la un „acord de avere”
4738	1.2	Numarul mortilor din violentele din vestul Chinei creste la 35	Urgenta: numarul de morti in incendiul din nord-estul Chinei ajunge la 112
4739	4.75	Imran va contesta victoria cu patru locuri NA	Imran Khan va contesta alegerile cu patru locuri NA
4740	4.4	Compania israeliana de masini electrice Better Place se inchide	O companie israeliana de masini electrice se inchide
4741	2.8	Antrenorul sef al Houston Texans, Gary Kubiak, spitalizat dupa ce s-a prabusit in timpul meciului	Antrenorul lui Texans, Gary Kubiak, se afla in stare stabila dupa prabusire
4742	4.4	Conducator militar taliban pro-pakistanez ucis in atac american cu drone	Comandant taliban ucis in atac american cu drone
4743	4.6	Masina capcana ucide 20 de persoane in nord-vestul Siriei	Masina capcana ucide 20 de persoane in nordul Siriei
4744	1.0	Soldatii sud-coreeni ucid un barbat care incerca sa treaca granita spre nord	Coreea de Nord inchide ultima linie directa ramasa cu sudul
4745	3.4	Cel putin 50 de morti intr-un accident feroviar spaniol	Peste 70 de morti intr-un accident cu un tren de mare viteza in Spania
4746	4.2	Cinci straini condamnati la moarte pentru trafic de droguri in Egipt	Egiptul il condamna pe pakistanez, printre cei 5, la moarte pentru trafic de droguri
4747	1.2	Tren francez deraiaza la sud de Paris	Pasagerii trenului francez povestesc despre calvarul accidentului
4748	4.2	A murit fostul purtator de cuvant al presedintelui american Ronald Reagan	Fostul purtator de cuvant al lui Reagan, Larry Speakes, a murit la 74 de ani
4749	3.8	Egiptul voteaza o noua constitutie	Egiptenii voteaza asupra constitutiei dezbinatoare
4750	2.8	Obama se intalneste cu familia Mandela, in timp ce el ramane in spital	Familia Obama se va intalni cu familia Mandela insa nu va vizita spitalul
4751	3.8	Castigurile slabe trag actiunile din SUA in jos in primele tranzactii	Castigurile slabe trag actiunile in jos pe Wall Street
4752	5.0	Trei presupusi morti dupa ce un elicopter s-a prabusit intr-un bar	Trei presupusi morti dupa ce un elicopter s-a prabusit intr-un bar
4753	3.4	Parlamentar din Nigeria este acuzat de presupusa luare de mita	Prim-ministrul nigerian este acuzat ca a acceptat mita de 3 milioane de dolari
4754	1.8	Rupia scade cu 8 paise fata de dolar in tranzactiile timpurii	Rupia creste cu 22 paise fata de dolar in tranzactiile timpurii
4755	5.0	Israelianul Peres solicita revenirea la discutiile de pace	Israelianul Peres cere revenirea la discutiile de pace
4756	5.0	Obama incepe sa vorbeasca despre Siria din Casa Alba la 13:15. EDT	Obama va face o declaratie despre Siria la Casa Alba la 13:15
4757	1.8	Bursa indiana deschide in scadere	Bursa indiana inchide in scadere
4758	3.4	SUA pregateste o posibila actiune solo impotriva Siriei	SUA pledeaza asupra actiunii impotriva Siriei
4759	1.2	Scurte ciocniri cu politia in Belfast	Persoane indoliate se confrunta cu politia din Tunisia
4760	1.4	Cutremur in China: numarul mortilor creste	Numarul mortilor de gripa chineza creste la sase
4761	2.6	Patru arestati, in timp ce numarul victimelor din prabusirea cladirii din Bangladesh creste la 352	Proprietarul a fost arestat in timp ce numarul victimelor din prabusirea cladirii din Bangladesh ajunge la 372
4762	2.6	Indonezia condamna utilizarea armelor chimice in Siria	Apar intrebari in legatura cu acuzele de arme chimice in Siria
4763	4.8	Un nou cutremur puternic a lovit regiunea Pak deja distrusa	Un nou cutremur puternic zguduie o regiune a Pakistanului deja distrusa
4764	1.2	Trupe indiene ucid un soldat pakistanez de-a lungul liniei de control din Kashmir	Trupe indiene descind asupra unui post militar pakistanez
4765	3.6	Papa Benedict al XVI-lea isi ia ramas bun de la cardinali	Papa Benedict al XVI-lea pleaca din Vatican pentru ultima data
4766	1.2	Noul portavion chinez extinde actiunea de modernizare militara	Vicepremierul chinez se intalneste cu guvernatorul general australian
4767	1.6	Liderul brazilian poarta discutii de criza asupra protestelor de strada	Liderul Braziliei promite votul asupra reformei
4768	4.0	Furtuna tropicala Andrea matura coasta de est	Furtuna tropicala Andrea va urca pe coasta de est
4769	3.4	Patru morti in accidentul feroviar din Indonezia	Cinci morti in urma ciocnirii unui tren cu un camion ce transporta combustibil in Indonezia
4770	3.8	Israelul propune planul de a construi 900 de case	Israelul dezvaluie planuri pentru noi case pentru localnici
4771	5.0	Miss New York castiga coroana Miss America	Miss New York este incoronata Miss America
4772	4.4	Austriac gasit cu 56 de cranii furate in muzeul sau de acasa	Un barbat austriac a fost acuzat dupa ce 56 de cranii umane au fost gasite la el acasa
4773	0.4	SUA pregatita de inaugurarea lui Obama	SUA sustine noi sanctiuni inainte de inaugurarea Iranului
4774	0.4	Militant saudit suspectat moare in custodia libanezilor	Presupus atac american cu drone ucide 6 militanti in Yemen
4775	4.8	Un om isi da foc pe National Mall	Un om isi da foc pe National Mall din Washington
4776	2.0	7 morti in atacurile din Irak	27 de morti in atacuri in Irak
4777	3.2	Mii de oameni protesteaza impotriva casatoriei homosexuale	Mii de oameni protesteaza impotriva casatoriei homosexuale in Franta
4778	1.0	India Ink: Imaginea zilei: 27 ianuarie	India Ink: Imaginea zilei: 20 martie
4779	4.8	Capitol Hill din SUA inchis in urma unor impuscaturi	Urmariti in direct: Capitolul SUA este blocat dupa rapoartele de impuscaturi
4780	3.8	Se deschide prima zona pilot de liber schimb din China	Zona de liber schimb din Shanghai incepe sa opereze
4781	2.6	12 morti, 25 raniti in urma exploziei unei bombe in nord-vestul Pakistanului	6 morti, 12 raniti intr-o explozie in nord-vestul Pakistanului
4782	1.4	Imagini selectate de la prabusirea cladirii din Bangladesh	Cel putin 200 de morti in urma prabusirii unei cladiri in Bangladesh
4783	4.4	Instanta chineza confirma pedepsele cu moartea pentru ucigasii din Mekong	Curtea confirma condamnarile la moarte pentru asasinii din Mekong
4784	0.0	Protestatarii din Egipt „vor fi dispersati”	Profesorul de rapiri va fi condamnat
4785	3.8	Explozia buteliei de gaz din autobuzul scolar din Pakistan ucide 17 persoane	Explozia mortala a cilindrului de gaz loveste un autobuz scolar din Pakistan
4786	2.8	Marfa nord-coreeana dezvaluie afacerea de reparare a rachetelor cu Cuba	Nava coreeana care transporta rachete din Cuba a fost oprita
4787	4.8	Fortele israeliene retin 5 palestinieni in Cisiordania	Fortele israeliene aresteaza cinci palestinieni in Cisiordania
4788	4.0	Protestele matura Brazilia in ciuda concesiunii	Proteste planificate in toata Brazilia, in ciuda concesiunilor
4789	3.8	Angela Merkel castiga al treilea mandat in alegerile din Germania	Merkel castiga detasat in alegerile din Germania
4790	3.8	Muncitorii sud-coreeni incep sa paraseasca zona comuna de fabrici	Muncitorii sud-coreeni urmeaza sa paraseasca zona comuna de fabrici
4791	0.0	Senatul va vota pentru a merge mai departe cu Hagel	Benedict se intoarce acasa la o casa noua si la un nou Papa
4792	3.2	15 morti si zeci de raniti in atentatul sinucigas din gara rusa	Un atentator sinucigas ucide 14 persoane in gara rusa
4793	3.0	Liderul opozitiei cambodgiene, Sam Rainsy, se intoarce pentru a impulsiona alegerile	Conducatorul opozitiei din Cambodgia se adreseaza parlamentului in cadrul sesiunii de votare
4794	2.6	Vestul saluta votul opozitiei siriene pentru a se alatura negocierilor de pace	Opozitia siriana numeste delegatia pentru discutii
4795	4.6	Obama calatoreste in Oklahoma devastata de tornade	Obama viziteaza Oklahoma lovita de tornade
4796	1.0	"Niciun acord legat de ""prapastia fiscala"" in timp ce Obama pleaca in vacanta"	"John Boehner: de la o origine umila, ""prapastia fiscala"" il poate darama"
4797	1.8	Masina capcana ucide cel putin 12 oameni intr-un oras detinut de rebeli din Siria	Masina capcana ucide cel putin 10 soldati egipteni in Sinai
4798	0.0	Kerry: Planul economic palestinian de 4 miliarde de dolari ar putea functiona	Kerry: Niciun acord inca in discutiile nucleare cu Iranul
4799	0.8	Bilantul de victime in urma prabusirii cladiri din Bangladesh ajunge la 359	Bilantul de victime in urma prabusirii cladiri din India se ridica la 72
4800	3.4	Zeci de morti in luptele din Republica Centafricana	98 de morti in Republica Centafricana in urma ciocnirilor
4801	0.8	Libia ameninta actiunea armatei asupra protestatarilor impotriva petrolului	Amenintare cu bomba impune evacuarea la Princeton
4802	3.4	2 sindicate turcesti convoaca greva luni, in semn de protest fata de violentele politiei	Tulburari in Turcia: sindicatele solicita greva din cauza represiunii politiei
4803	3.4	[Ticker] Fitch imbunatateste ratingul de credit al Greciei	Moody's imbunatateste ratingul de credit al Greciei
4804	0.0	Oameni inarmati ataca un vas al politiei intr-o regiune petroliera din Nigeria	Politia sudaneza blocheaza protestul de la comisia pentru drepturile omului
4805	2.2	Rusii care parasesc Siria trec prin Liban	Rusia acorda ajutor umanitar refugiatilor sirieni din Liban
4806	0.8	Doi soldati americani ucisi intr-un atac „din interior” in Afganistan	8 soldati ucisi intr-un atac cu bomba in nord-vestul Pakistanului
4807	5.0	Emblema sud-africana, Nelson Mandela, internata in spital	Nelson Mandela al Africii de Sud este internat in spital
4808	1.4	Papa Francisc condamna indiferenta globala fata de suferinta	Papa Francisc comemoreaza migrantii morti la Lampedusa
4809	4.4	Judecatorul principal Mansour a depus juramantul ca presedinte interimar al Egiptului	Judecatorul Adly Mansour a depus juramantul ca presedinte interimar al Egiptului
4810	2.8	Explozie ucide 10 tinere in estul Afganistanului	Oficiali: Explozie ucide noua oameni in sudul Afganistanului
4811	3.2	Politia kenyana aresteaza recrutorul si finantatorul cheie Al-Shabaab	Kenya: Pereche arestata de politia antiterorista
4812	3.6	Obama va anunta miercuri planurile de control ale armelor	Obama va stabili planuri de control ale armelor
4813	2.2	Bombele ucid doua persoane, ranesc zeci la maratonul din Boston	Doar doua bombe gasite in atacul de la maratonul din Boston
4814	2.4	Armele chimice ale Siriei ar putea ajunge in mare	SUA va distruge stocul de arme chimice siriene pe mare
4815	2.6	Presedinte pentru incheierea timpurie a Parteneriatului Eco cu Sri Lanka	Premierul Pakistanului isi doreste legaturi economice mai puternice cu Sri Lanka
4816	0.0	Trei au fost eliberati in urma probelor din cazul abuzului din centru	Cladire cu trei etaje se prabuseste in Ebute Meta
4817	4.4	Bomba explodeaza la un centru comercial grec, doua persoane ranite	Bomba explodeaza la un centru comercial din Atena, 2 raniti
4818	3.0	Sase australieni decedati intr-un accident aviatic in Laos	Zeci de oameni morti intr-un accident aviatic in Laos
4819	4.2	Trei morti, inclusiv atacatorul, in urma impuscaturilor din centrul comercial din Maryland	3 morti in urma impuscaturilor din centrul comercial din Maryland
4820	3.4	ONU confirma ca Siria a folosit gaz sarin in lupte	„Crima de razboi”: ONU confirma ca Siria a folosit gaz sarin in atacul cu arme chimice
4821	3.2	"7 oameni ucisi intr-un accident al unui camion ""monstru"""	"6 morti intr-un accident cu un camion ""monstru"" din Mexic"
4822	3.25	Merkel concureaza pentru un al treilea mandat in alegerile din Germania	Merkel castiga detasat in alegerile din Germania
4823	3.8	Fostul guvernator al Virginiei, Bob McDonnell, a fost acuzat de coruptie	Fostul guvernator al Virginiei, Bob McDonnell, si sotia sa acuzati de coruptie
4824	3.4	Alergatorii Tyson Gay si Asafa Powell au fost testati pozitiv pentru substante interzise	Alergatorul american Tyson Gay testat pozitive pentru substante interzise
4825	1.8	CENC: Un cutremur cu magnitudinea de 6,3 loveste Honshu, Japonia	CENC: Cutremur cu magnitudinea de 6,0 zguduie Insulele Santa Cruz
4826	3.8	Pakistanul va elibera prizonierul taliban afgan de rang inalt	Pakistanul va elibera sambata comandantul principal al talibanilor
4827	5.0	Curtea din Egipt dispune eliberarea lui Mubarak	Curtea Egiptului ordona eliberarea lui Mubarak
4828	1.8	Anchetatorii americani asteapta interogarea atentatorului cu bomba din Boston care a fost arestat	Politia converge pe strazi in cautarea suspectului atacului cu bomba din Boston
4829	1.75	10 morti, cinci raniti intr-un accident rutier din sud-vestul Chinei	1 mort, 39 raniti intr-un accident rutier din estul Chinei
4830	4.2	Bollywoodul reduce costurile cu o treime pe masura ce prabusirea rupiei se face resimtita	Bollywood reduce costurile pe masura ce criza rupiei se face resimtita
4831	5.0	Femeile se vor confrunta cu prime de asigurare auto mai mari	Femeile soferi se vor confrunta cu cresterea primei de asigurare
4832	3.2	Tornadele ravasesc vestul mijlociu al SUA, ucigand 6 persoane si devastand cartiere intregi	Tornade si furtuni distructive au lovit vestul mijlociu al SUA, ucigand 5 persoane
4833	0.8	China ofera autoritatilor de reglementare americane acces la inregistrarile de audit	China se opune vanzarii de arme americane catre Taiwan
4834	2.0	Actiunile din Singapore inchid in crestere cu 0,26 la suta	Actiunile din Singapore inchid in crestere cu 0,11%
4835	4.8	Iran, agentie atomica in primele discutii de la alegerea lui Rowhani	AIEA si Iran vor purta primele discutii pe teme nucleare de la alegerile lui Rohani
4836	5.0	Noul premier al Chinei respinge afirmatiile americane de hacking	Premierul Chinei Li respinge acuzatiile americane „nefondate” de hacking
4837	2.6	Dzhokhar Tsarnaev pledeaza nevinovat la acuzatiile de atac cu bomba din Boston	Dzhokhar Tsarnaev a fost acuzat in atacul cu bomba de la maratonul din Boston
4838	2.8	Imagini ale zilei: 7 august 2013	Fotografia zilei
4839	3.4	Fiul generalului chinez primeste 10 ani de inchisoare pentru viol	Fiul cantaretilor din armata chineza primeste 10 ani de inchisoare pentru viol in grup
4840	0.0	Politia din Prince George il cauta pe soferul masinii care a ucis un copil in accident	Politia cauta suspectii in impuscaturile de la parada de Ziua Mamei din New Orleans
4841	1.4	Egiptul va organiza alegeri prezidentiale inainte de votarea parlamentara	Presedintele interimar al Egiptului investeste noul cabinet
4842	1.0	Pentagonul ajusteaza planurile pentru atacuri mai intense asupra Siriei	Papa multumeste publicului ca s-a alaturat privegherii sale pentru Siria
4843	5.0	Timorul de Est interzice cluburile de arte martiale pe fondul crimelor	Timorul de Est interzice scolile de arte martiale pe fondul crimelor
4844	2.6	Legiuitorii afgani aproba noua lege electorala	Presedintele afgan aproba noua lege electorala
4845	4.8	In Pakistan, armata este hotarata sa lupte impotriva celorlalti talibani	Armata pakistaneza este ferma in lupta cu ceilalti talibani
4846	1.4	Armata egipteana trece la atacul rapitorilor	Morsi din Egipt exclude discutiile pe masura ce apare un videoclip cu ostatici
4847	2.8	Sud-africanii jelesc in timp ce Mandela este inmormantat	Africa de Sud organizeaza inmormantari de stat pentru Mandela
4848	3.0	Martorii aud „explozii puternice” la maratonul din Boston	Raportarea a doua explozii la linia de sosire a maratonului Boston
4849	2.8	Cuvinte incrucisate criptice - sambata, 27 aprilie	Cuvinte incrucisate - sambata, 27 aprilie
4850	1.2	Capitanul Costa Concordia va fi judecat pentru omucidere	Supravietuitorii din Costa Concordia detaliaza experienta un an mai tarziu
4851	4.6	Ministerul israelian critica avertismentul de boicot al lui Kerry	Ministerul israelian critica avertismentul de boicot al lui Kerry
4852	2.8	Matusa Angelinei Jolie moare de cancer la san	Angelina Jolie si adevarul complex despre cancerul de san
4853	5.0	Suu Kyi din Myanmar indeamna la unitatea partidului in mijlocul certurilor	Suu Kyi indeamna la unitatea partidului in mijlocul certurilor
4854	3.0	10 lucruri de stiut pentru miercuri	10 lucruri de stiut pentru astazi
4855	4.4	Casa Alba si contractantii din domeniul apararii discuta despre prejudiciului reducerii automate a cheltuielilor	Casa Alba si firmele de aparare discuta reducerile automate ale cheltuielilor
4856	3.8	Hugo Chavez al Venezuelei moare de cancer	Presedintele venezuelean Hugo Chavez moare de cancer la 58 de ani
4857	4.0	Fostul presedinte zambian arestat	Fostul presedinte al Zambiei, Rupiah Banda, a fost arestat
4858	4.2	Senatul SUA o confirma pe Yellen drept urmatorul presedinte al Rezervei federale	Senatul SUA o confirma pe Janet Yellen ca noul sef al bancii centrale
4859	1.0	26 de prizonieri palestinieni eliberati dintr-o inchisoare israeliana	Prizonier palestinian moare de cancer, tulburari in inchisorile din Israel
4860	4.0	Actiunile din Asia in crestere dupa o serie de date optimiste	Pietele asiatice se ridica ca urmare a datelor puternice cu privire la locurile de munca din SUA
4861	2.8	17 morti, 133 raniti in atacuri cu bomba in nordul Irakului	15 morti, 90 raniti in atacuri noi in Irak
4862	4.2	Ofiterul ranit in protestele anti-viol din India a murit	Politistul indian ranit in urma unui protest impotriva violului in grup a murit
4863	2.6	Remarcile asupra salvarii Ciprului alarmeaza pietele	De ce salvarea Ciprului nu este altceva decat un nonsens obisnuit in zona euro
4864	4.2	Factiunea o numeste pe Bianca Ojukwu ca lider national al APGA	Bianca Ojukwu devine liderul national al APGA
4865	4.8	SUA nu pot „determina cu exactitate” utilizarea armelor chimice in Siria	SUA nu vede dovezi concludente ale utilizarii armelor chimice de catre Siria
4866	0.2	Doisprezece oameni ucisi in urma unui atac al unor tragatori asupra unui sat	Cinci oameni ucisi in explozii in India
4867	1.4	Egiptul inchide ziarul Fratiei Musulmane	Egipt: sef adjunct al Fratiei Musulmane arestat
4868	3.0	Un cutremur puternic in vestul Chinei a ucis 47 de persoane	Un cutremur puternic in vestul Chinei ucide cel putin 75 de persoane
4869	5.0	Snowden ii multumeste Rusiei pentru azil	Snowden ii multumeste Rusiei pentru acordarea azilului
4870	4.2	Senatul o confirma pe Yellen ca sef al Rezervei federale	Senatul SUA o confirma pe Yellen drept urmatorul presedinte al Rezervei federale
4871	3.8	Fortele franceze captureaza un oras cheie din Mali	Fortele franceze preiau un oras cheie
4872	5.0	Suspectul de atac cu bomba din Boston ingropat in Virginia	Suspectul atacului cu bomba din Boston ingropat in cimitirul din Virginia
4873	1.6	O tornada „mare si extrem de periculoasa” se indreapta spre Oklahoma City	Mama si bebelusul ei printre cele cinci persoane ucise in timp ce tornadele matura prin zona Oklahoma City
4874	0.8	Drama ostaticilor continua dupa impuscaturile din autobuzul scolar din Alabama	Nevada: 2 morti, 2 raniti in urma impuscaturilor dintr-un gimnaziu
4875	1.8	Presedintele palestinian desemneaza un cadru academic pentru a forma guvernul Cisiordaniei	Presedintele palestinian vrea ca israelienii sa discute despre pace
4876	3.6	Pakistaneza Malala paraseste spitalul pentru a astepta interventia chirurgicala	Malala paraseste spitalul britanic
4877	4.0	doi gasiti morti in piscina unui hotel din Essex	Barbat si femeie gasiti morti in piscina hotelului din Essex
4878	3.2	Pakistanul condamna atacul cu drone american in zona Shawal	Pakistanul condamna atacul cu drone american din Miranshah
4879	0.0	Locuitorii se intorc la locul exploziei din Texas	Locuitorii se intorc in Fallujah
4880	4.2	Africa de Sud se roaga pentru Nelson Mandela	Africa de Sud se uneste in rugaciune si cantece pentru Nelson Mandela
4881	4.2	Iranianul Ahmadinejad ar putea fi acuzat de aparitia la alegeri cu un ajutor	Ahmadinejad ar putea fi acuzat de aparitia la alegeri
4882	0.0	Miliband se angajeaza sa creasca salariul minim	Portugalia-China vor consolida legaturile de cercetare stiintifica
4883	2.6	Actiunile din Singapore inchid in scadere cu 0,44%	Actiunile din Singapore inchid in crestere cu 0,5%
4884	0.0	Lunetist asteapta rezultatul contestatiei	Noi glorii pentru China in incercarea de reinnoire
4885	3.2	Actiunile Apple au cazut puternic dupa dezamagirea iPhone	Actiunile Apple scad cu 11% dupa castiguri dezamagitoare
4886	3.0	UE reinnoieste sanctiunile impotriva Zimbabwe	UE ridica sanctiunile cu privire la diamantele din Zimbabwe
4887	1.4	teritoriul palestinian ocupat: palestinienii resping planul discutiilor de pace ale SUA	teritoriul palestinian ocupat: palestinienii se confrunta cu un traseu catre nicaieri
4888	1.8	Proprietari si altii acuzati in cazul incendiului de la fabrica din Bangladesh	50 de supravietuitori gasiti in fabrica din Bangladesh
4889	3.4	Egiptul va atrage investitorii din Golf	Egiptul incearca sa ademeneasca investitorii ...
4890	3.4	SUA-Rusia ajung la un acord asupra Siriei	SUA-Rusia ajung la un acord cu privire la armele Siriei
4891	1.8	Palestinienii si Iordania coordoneaza pozitiile privind discutiile de pace	Senior al Hamas neaga Gaza, autoritatea palestiniana coordonata in cadrul negocierilor de pace
4892	0.0	Votarea a fost anulata in trei provincii in timpul alegerilor tensionate thailandeze	Opozitia cambodgiana respinge victoria lui Hun Sen la alegeri
4893	4.0	Obama anuleaza intalnirea de la Moscova cu Putin	Obama a anulat intalnirea cu Putin
4894	3.6	KLCI Futures a tranzactionat mixt la jumatatea zilei	Actiunile KL sunt mixte la jumatatea zilei
4895	2.8	Presupus atac american cu drone ucide 5 persoane in Pakistan	Atac cu drone american ucide cel putin zece oameni in Pakistan
4896	2.0	Curtea Egiptului dispune eliberarea lui Mubarak	Tribunalul din Egipt respinge cererea de eliberare a lui Mubarak
4897	4.0	Hollande „ameninta actiunea in justitie” dupa acuzatiile de aventura	François Hollande ameninta ca va actiona in justitie in legatura cu acuzele de aventura
4898	3.0	Exilatii iranieni au raportat decese in tabara din Irak	Cel putin 47 de exilati iranieni ucisi in tabara irakiana Ashraf
4899	2.0	„Blade Runner” Pistorius va contesta acuzatia de crima	Politist in cazul Pistorius acuzat cu sapte tentative de crima
4900	2.25	Fortele israeliene au arestat 2 oameni in raidul din Hebron	Credibilitatea israeliana in joc cu privire la provocarea nucleara a Iranului
4901	1.4	Egiptenii voteaza asupra constitutiei sustinute de islamisti	„Un judecator la urne ii insturieste pe alegatori in votul constitutiei Egiptului”
4902	0.0	Mexicul isi oficiaza presedintele pe fondul protestelor violente	Fostul guvernator din New Mexico, Richardson, urgenteaza interdictia de testare din Coreea de Nord
4903	4.0	Elicopter se prabuseste langa gara din Londra	Un elicopter se prabuseste in Londra
4904	3.8	Capitala indoneziana se roaga pentru un sistem de metrou care ar usura traficul haotic	"Jakarta ""se roaga"" pentru un sistem de metrou care ar usura traficul haotic"
4905	4.0	Avioane japoneze au zburat in noua zona de aparare a Chinei	Avioanele militare japoneze si coreene sfideaza noua zona de aparare a Chinei
4906	1.2	Supravietuitorii taifunului iau cu asalt magazinele filipineze	Taifunul Bopha ucide 15 oameni in Filipine
4907	3.2	Masina capcana raneste 15 in fortareata Hezbollah din Liban	Masina capcana zguduie fortareata Hezbollah din Liban
4908	0.6	RF FM solicita opozitiei siriene sa asiste la eliberarea imediata a tuturor strainilor capturati in Siria	Candidatul opozitiei din Coreea de Sud acopera decalajul din sondaje
4909	0.6	Cinci morti, 40 disparuti in dezastrul feroviar din Canada	8 morti, 11 disparuti in alunecarea de teren din sud-vestul Chinei
4910	4.6	Senatul SUA o confirma pe Janet Yellen in functia de sef al Rezervei Federale SUA	Senatul o confirma pe Janet Yellen ca urmatoarea presedinta a Rezervei Federale
4911	3.4	Khan Said a fost numit noul lider al talibanilor pakistanezi dupa ce Hakimullah Mehsud a fost ucis intr-un atac cu drone	Seful talibanilor pakistanezi Hakimullah Mehsud a fost ucis intr-un atac cu drone
4912	2.2	Cel putin 66 de oameni ucisi in explozii cauzate de bombe in Irak	Cel putin 47 ucisi in explozii Baquba
4913	1.0	Rusia distruge peste 75% din stocul sau de arme chimice	Marea Britanie gaseste dovezi cum ca Assad ar fi folosit arme chimice
4914	0.6	Numarul victimelor in curtremurul din Iran in crestere	Numarul mortilor in randul ostaticilor din Algeria creste
4915	0.8	Suarez pregatit pentru a reveni in Cupa	Francezii pregatiti de lupte terestre in Mali
4916	0.6	Echipa Maldivelor in India va supraveghea o alegere	Incepe marturia in procesul fostului ministru de externe Liberman
4917	3.2	Numarul mortilor creste la 6, pe masura ce furtuna Xaver loveste nordul Europei	Numarul mortilor in urma furtunii creste pe masura ce vantul si ploaia lovesc nordul Europei
4918	3.6	Pakistanul elibereaza un prizonier taliban afgan de rang superior	Pakistanul elibereaza sapte luptatori talibani afgani
4919	2.2	Reactii mixte fata de casatoriile homosexuale din Noua Zeelanda	Noua Zeelanda legalizeaza casatoria intre persoane de acelasi sex
4920	3.8	Prezentatorul meteo la TV, Fred Talbot, a fost arestat din cauza unor acuzatii de abuz sexual	Prezentatorul meteo Fred Talbot a fost retinut pentru „abuz sexual”
4921	3.0	Atac cu drone american ucide 5 persoane in Pakistan	Atac pakistanez cu drone ucide cel putin sase persoane
4922	3.0	Cladire se prabuseste in India; se crede ca 25 sunt blocati	Prabusirea cladirii din India ucide 14; zeci de blocati
4923	1.2	Shebab din Somalia isi asuma raspunderea pentru atacul din centrul comercial din Nairobi	Rebelii sirieni isi asuma responsabilitatea pentru uciderile din Liban
4924	4.0	Trupele siriene avanseaza intr-un oras strategic detinut de rebeli	Armata siriana avanseaza cu atacul asupra unui oras detinut de rebeli
4925	2.8	Israelul este de acord sa elibereze prizonierii palestinieni	Israelul elibereaza inca 26 de prizonieri palestinieni
4926	3.6	Zeci de morti in ciocnirile izbucnite la mitingul lui Morsi din Cairo	Peste 70 de morti in ciocnirile de la mitingurile lui Morsi din Egipt
4927	4.8	Protestatarii opozitiei thailandeze incep inchiderea Bangkokului	Protestatarii thailandezi lanseaza „inchiderea” Bangkokului
4928	3.8	Conductorul spaniol al trenului implicat in accidentul feroviar va fi audiat	Conductorul spaniol Garzon va fi audiat de judecator
4929	4.0	Franta saluta progresul dupa acordul SUA-Rusia privind armele siriene	Franta saluta acordul SUA-Rusia privind Siria
4930	4.0	Soldat ISAF ucis in „atacul din interior” afgan	Soldat britanic impuscat mortal in urma unui „atac din interior” afgan
4931	3.4	Aproximativ 60 de persoane strivite in invalmaseala din Coasta de Fildes	61 de morti in invalmaseala din Coasta de Fildes
4932	2.8	Cautarile in cazul prabusirii elicopterului din Glasgow se incheie	Prabusirea elicopterului din Glasgow: Cel putin sase morti
4933	1.2	Trei morti in urma unui atac cu bomba la maraton in S.U.A.	Talibanii neaga implicarea in atacul cu bomba de la maratonul din Boston
4934	5.0	Turista elvetiana violata in grup in India	Turista elvetiana violata in grup in India
4935	2.8	India se pregateste pentru a rezista unui ciclon masiv	India emite alerta rosie pentru ciclonul Phailin
4936	3.4	Se crede ca masurile disciplinare luate fata de studentul ucigas ar fi provocat impuscaturile din Colorado	Masurile disciplinare fata de student considerate a fi motivul cheie
4937	1.2	Numeroase persoane ucise in urma prabusirii unui tunel rutier din Japonia	Numeroase persoane ucise intr-un atac aerian sirian
4938	3.8	Niciun plan de a inchide pompele de benzina noaptea spune Moily	Guvernul Indiei respinge propunerea de a inchide pompele de benzina noaptea
4939	3.8	Clinton urmeaza sa depuna marturie luna aceasta asupra atacului din Benghazi	Clinton se intoarce la lucru, intentioneaza sa depuna marturie despre atacul din Benghazi
4940	0.6	Zeci de mii de ucraineni protesteaza la Kiev	Zeci de mii se aduna pentru a vota in Bhutan
4941	3.6	Karzai urmeaza sa viziteze Pakistanul pentru negocierile de pace ale talibanilor	Presedintele afgan extinde vizita in Pakistan pentru discutii cu talibanii
4942	4.0	Hotii fura scaunul cu rotile personalizat al inotatorului Canalului Manecii	Hotii fura scaunul cu rotile al inotatorului Canalului Manecii
4943	4.6	Trei morti in urma unui accident rutier in Tiananmen	Trei ucisi intr-un accident rutier in Piata Tiananmen
4944	2.2	Actiunile din Singapore deschid in scadere vineri	Actiunile din Singapore deschid in crestere joi
4945	2.6	Obama se angajeaza sa reanimeze economia	Obama preseaza Congresul sa ia masuri economice
4946	2.4	Doua cutremure au lovit nord-vestul Chinei, 11 morti	Cutremure gemene ucid 89 de persoane in China
4947	3.2	„Whitey” Bulger a primit doua termene consecutive de condamnare pe viata	Whitey Bulger primeste inchisoare viata pentru fraude, crime
4948	5.0	Fortele kenyene au provocat prabusirea mall-ului	Un oficial spune ca fortele kenyene au provocat prabusirea mall-ului
4949	1.4	Misiunile pakistaneze din Emiratele Arabe Unite se pregatesc pentru alegeri	Partidele islamiste din Egipt se unesc pentru alegeri
4950	3.0	Numarul victimelor din Bangladesh in urma dezastrului cladirii depaseste 500	Prabusirea cladirii din Bangladesh: numarul victimelor urca la 580
4951	3.8	Criza ostaticilor din Algeria se incheie; numarul victimelor este neclar	Criza ostaticilor din Algeria se termina intr-o baie de sange
4952	2.8	Ministerul Egiptului solicita din nou incetarea protestelor pro-Morsi	Egipt: Copil ucis in ciocnirile din Cairo dupa protestul pro-Morsi
4953	3.2	Mandela din Africa de Sud a fost dus la spital	Africa de Sud: Mandela ramane in spital
4954	3.0	Yuanul Chinei se apreciaza la 6.2689 fata de USD	Yuanul Chinei se apreciaza la un nou maxim fata de USD
4955	2.2	Politia interogeaza persoana implicata in accidentul letal cu masina de pe faleza din LA	Politistii aresteaza suspectul atacului letal cu masina din LA
4956	3.0	Politia turceasca antirevolta trage cu gaze lacrimogene in protestatarii din Piata Taksim	Politia turceasca antirevolta intra in Piata Taksim
4957	5.0	Impuscaturile din Chicago Arata o Lipsa in Actiunile Intensificate ale Politiei	Impuscaturile din Chicago arata o lipsa in actiunile intensificate ale politiei
4958	0.0	Oficiali federali solicita obligativitatea comunicarii masina-la-masina a informatiilor de siguranta	Guatemala anuleaza condamnarea de genocid a fostului dictator
4959	1.2	Coreea de Nord refuza oferta de a purta discutii	Coreea de Nord lanseaza 2 rachete
4960	5.0	Printul Charles „il compara pe Putin cu Hitler”	Printul Charles „il compara pe Vladimir Putin cu Adolf Hitler”
4961	0.0	Iranul avertizeaza impotriva interventiei militare in Irak	Explozie langa aeroportul militar din Damasc
4962	1.2	Prim-ministrul Israelului il acuza pe presedintele Iranului de ipocrizie	Prim-ministrul grec acuza coalitia de ipocrizie
4963	2.8	Confruntari intre politie si tineri din Cairo dupa protestul anti-Morsi	Egipt: confruntari intre politie si protestatarii pro-Morsi
4964	2.4	Diplomati de top se intalnesc in München intr-un moment critic	Diplomati de top discuta despre programul nuclear al Iranului
4965	1.2	Ecuador i-a incredintat lui Snowden „un document de refugiat”	Snowden pregatit sa zboare din Moscova
4966	2.2	Mesajul presedintelui NA de Ziua Mondiala a Libertatii Presei	Pakistanul marcheaza Ziua Mondiala a Libertatii Presei
4967	3.6	Ministrii de externe ai UE vor discuta despre embargoul asupra armelor din Siria	Ministrii de externe ai UE cauta o solutie pentru armele din Siria
4968	3.6	Numarul victimelor cutremurului din Filipine creste la 185	Numarul victimelor cutremurului din Filipine creste la 144
4969	4.0	Actiuni de urmarit la inchiderea de luni	Actiuni de urmarit luni
4970	3.2	Avioanele armatei ucid 38 de militanti in raidurile aeriene din nord vestul Pakistanului	Drona americana ucide 4 militanti in Pakistan
4971	4.0	Politia egipteana trage gaze lacrimogene asupra protestatarilor din Cairo	Politia foloseste gaze lacrimogene asupra protestatarilor din Cairo
4972	1.4	Filipine aresteaza al doilea senator pentru coruptie	Filipine isi revine dupa un puternic taifun
4973	1.4	Trimisul german optimist cu privire la discutiile Iran-G5 + 1	Iranul este „rezervat optimist” cu privire la viitoarele discutii nucleare
4974	4.6	Renumitul chitarist spaniol de flamenco Paco De Lucia a murit	Chitaristul spaniol de flamenco Paco de Lucia moare la 66 de ani
4975	2.0	Spargatorul de gheata isi modifica traiectoria catre obiectele suspecte	Avion de cautare chinez descopera „obiecte suspecte”
4976	5.0	Snowden se loveste de obstacole in cautare de azil politic	Obstacolele intalnite de Snowden in cautarea azilului politic
4977	2.8	Numarul victimelor in prabusirea cladirii din sudul Indiei se ridica la 47	4 morti in prabusirea cladirii din sudul Indiei
4978	1.4	Pakistanul impune interzicerea temporara a 2 canale TV	Pakistanul anuleaza dosarul impotriva agentului FBI
4979	1.0	Prizonierii palestinieni ajung la Muqata in Ramallah	Prizonier pakistanez agresat in inchisoarea Jammu
4980	1.0	10 morti, cinci raniti in accidentul rutier din sud-vestul Chinei	5 raniti in accidentul rutier din orasul Gaza
4981	1.8	Junta thailandeza aduna fortele de securitate pentru a inabusi protestele din Bangkok	Fortele de securitate ale juntei thailandeze raman in cazarme pe masura ce protestele se diminueaza
4982	0.2	Aso refuza sa demisioneze in urma comentariilor naziste	Primul ministru spaniol refuza sa demisioneze pe seama scandalului de coruptie
4983	2.0	Exploziile au ucis 29 de persoane in exteriorul a doua moschei din Tripoli, Liban	2 explozii zdruncina un oras din nordul Libanului
4984	1.6	Avioane de vanatoare pakistaneze bombardeaza „ascunzatorile talibanilor”	Pakistanul doreste oprirea aprovizionarii cu arme catre partile siriene
4985	3.0	Oameni inarmati ucid opt persoane in al doilea atac din Kenya	Oameni inarmati „ucid 15 persoane” in al doilea atac din Kenya
4986	2.4	SUA reia cautarea marinarilor britanici disparuti	Garda de Coasta SUA suspenda cautarea marinarilor britanici disparuti
4987	3.0	Atacurile irakiene cu bomba ucid cel putin 13 persoane	O masina capcana irakiana ucide cel putin 14 persoane in apropierea unei biserici
4988	2.4	Fortele Egiptului vor bloca accesul la taberele de protestatari Morsi	Fortele egiptene se mobilizeaza pentru a elimina taberele de protestatari pro-Morsi
4989	5.0	Autoarea Nobel Doris Lessing moare la 94 de ani	Laureata Premiului Nobel Doris Lessing moare la 94 de ani
4990	0.0	Seful partidului de opozitie din Japonia critica politicile economice ale lui Abe	Partidul de opozitie MDC din Zimbabwe contesta victoria lui Robert Mugabe in alegeri
4991	4.8	3 suspecti arestati in cazul atacului cu bomba din Boston	Politia din Boston spune ca 3 au fost arestati in atacul cu bomba de la maraton
4992	2.4	Seful opozitiei din Ucraina doreste mai multe proteste	Protestatarii din Ucraina au rasturnat statuia lui Lenin
4993	1.0	Regina ii aduce un omagiu lui Nelson Mandela	Fratia de rugby din Africa de Sud il plange pe Mandela
4994	0.4	Scadere moderata pe pietele bursiere din SUA	Vanzarea tehnologica a dus la scaderea actiunilor asiatice
4995	2.6	1 mort si 10 raniti in cea mai recenta violenta anti-musulmana din Birmania	Stiri internationale | Asia, Myanmar: izbucnesc violente antimusulmane
4996	3.8	5 persoane au fost ucise in urma unui presupus atac american cu drone in Pakistan	5 persoane au fost ucise intr-un atac american cu drone in Pakistan
4997	2.0	"Recomandarile ""obligatoriu"" de citit ale The Note pentru vineri, 24 mai 2013"	"Recomandarile ""obligatoriu"" de citit ale The Note pentru marti, 29 octombrie 2013"
4998	0.6	22 de morti intr-un accident minier in sud-vestul Chinei	2 morti, zeci de raniti intr-o explozie in sud-vestul Pakistanului
4999	4.8	Actiunea politiei din New York de pe Twitter se intoarce grav impotriva sa	Campania de pe Twitter a politiei din New York se intoarce impotriva sa
5000	5.0	Operatiunea de cautare a turcilor s-a incheiat cu gasirea ultimilor mineri disparuti	Operatiunea de cautare a turcilor s-a incheiat cu gasirea ultimilor mineri disparuti
5001	1.4	Iranul anticipeaza esecul negocierilor de pace dintre israelieni si palestinieni	S-a ajuns la un acord provizoriu pentru reluarea negocierilor israeliano-palestiniene cu SUA
5002	4.4	Olivia Colman castiga al doilea premiu BAFTA	Premiile Bafta 2013: Olivia Colman primeste doua premii
5003	3.8	Vioara de pe Titanic vanduta cu pretul record de 1.7 milioane de dolari	Vioara de pe Titanic vanduta cu 1.7 milioane de dolari
5004	5.0	Lui Ankeet Chavan i s-a acordat eliberarea conditionata pe cautiune pentru casatorie	Ankeet Chavan eliberat pe cautiune pentru a se putea casatori
5005	3.0	Prima comanda a JAL de la Airbus este lovitura data lui Boeing	Japan Airlines comanda 31 de avioane Airbus A350 evaluate la 9,5 miliarde de dolari
5006	3.0	Sienna Miller depune marturie la procesul de hacking a telefoanelor din Marea Britanie	Sienna Miller ataca presa in legatura cu rapoartele „erotice” la procesul de hacking
5007	2.6	Israelieni ataca 2 palestinieni in zona Ierusalimului	Localnicii i-au batut pe palestinieni in Ierusalim
5008	0.4	UE prelungeste sanctiunile impotriva Rusiei	Nigeria renunta la acuzatiile de trafic de arme aduse marinarilor rusi
5009	0.0	Cuba considera investitiile straine ca avand „un rol major”	Parlamentul voteaza planul de reluare a activitatii guvernului
5010	3.4	Starul din „Glee”, Cory Monteith, gasit mort in camera de hotel	Cory Monteith gasit mort: starul canadian din serialul „Glee” avea doar 31 de ani
5011	4.6	Prim-ministrul Libanului formeaza un cabinet de „unitate nationala”: Prim-ministrul Libanului a format un cabinet la mai mult de 10 luni de la preluarea mandatului, incluzand diverse grupari politice si aplanand disensiunile serioase dintre ele	Beirut: Prim-ministrul Libanului a format ieri un cabinet, la mai mult de 10 luni de la preluarea mandatului, incluzand diverse grupari politice ale caror disensiuni severe sunt pe final
5012	0.6	Presedintele iranian debuteaza pe scena mondiala	Candidatul la presedintia Iranului spune ca sanctiunile occidentale ar trebui incalcate
5013	0.0	Cameron nu este ingrijorat in legatura cu carnea halal	Cercetarile confirma musamalizarea intarzierilor in ingrijirea veteranilor
5014	4.6	Cel mai batran om din lume moare la 116 ani	Cel mai batran om din lume dintotdeaun,a moare la varsta de 116 ani
5015	0.0	Raportul Congresului arata intarzieri ale GM privind rechemarea masinilor	Congres mondial al telefoniei mobile privind smartphone-ul viitorului
5016	2.8	Bilantul mortilor atentatului cu bomba din Liban a ajuns la 47	1 suspect arestat dupa ce explozia unei masini capcana din Lebanon a ucis 45 de oameni
5017	5.0	Liderul de extrema dreapta grec inchis, in asteptarea procesului	Liderul de extrema dreapta grec inchis, in asteptarea procesului
5018	3.2	Patronii unei fabrici din Bangladesh au fost arestati dupa ce numarul mortilor se apropie de 350	Patronii unei fabrici din Bangladesh au fost arestati
5019	3.2	4 soldati egipteni ucisi in ambuscada din Sinai	3 soldati egipteni ucisi in explozia unei masini capcana din Sinai
5020	2.4	Portavionul Beijingului se intoarce din Marea Chinei de Sud	China trimite un portavion in Marea Chinei de Sud
5021	1.8	Instantele din Egipt audiaza cazuri impotriva lui Mubarak si a islamistilor	Instanta judecatoreasca din Egipt il elibereaza temporar pe Mubarak in procesul castigurilor ilicite
5022	2.6	Succesul Moscovei in Crimeea ar putea duce la redesenarea frontierei de est a Ucrainei	Merkel: actiunile rusesti ar putea duce la o catastrofa
5023	5.0	Nelson Mandela moare la 95 de ani	Nelson Mandela moare la varsta de 95 de ani
5024	4.2	Regele belgian Albert al II-lea va renunta la tron in favoarea fiului sau	Regele Albert al II-lea al Belgiei va abdica
5025	4.8	Sef al Gestapo-ului „ingropat in cimitir evreiesc”	Comandant nazist ingropat in cimitir evreiesc
5026	4.6	Elvetienii au votat pentru cel mai mare salariu minim	Elvetienii au votat cel mai mare salariu minim din lume
5027	5.0	Kevin Rudd a fost investit in functia de prim-ministru al Australiei	Rudd a depus juramantul de investire in functia de prim-ministru al Australiei
5028	0.8	Protestatarii din regiunea Donetk captureaza camioane care transporta munitii de rachete guvernamentale	Vino si ia-ma, spune liderul protestului thailandez in timp ce revoltele anti-guvern iau amploare
5029	4.2	Starul din Easy Rider, Karen Black, moare la 74 de ani	Actrita din Easy Rider, Karen Black, moare de cancer
5030	1.2	Bill Roache din Coronation Street a fost arestat	Starurile din Coronation Street sunt incantate de un nou platou de filmare „uimitor”
5031	4.4	Red Sox i-a invins pe Tigers ajungand in World Series	Red Sox a invins cu 5-2 Tigers ajungand in World Series
5032	2.8	Cel putin 22 de morti in urma unui cutremur in China	Cel putin 89 de morti in cutremurele din China
5033	0.2	Stirile sunt domeniul meu	Se lanseaza un nou iPad
5034	0.6	Bilantul victimelor din accidentul de la Glasgow al unui elicopter se ridica la 9	Bilantul mortilor in cutremur urca la 260
5035	4.4	David Beckham se va retrage la finalul sezonului	David Beckham se retrage din fotbal
5036	3.8	Afganistan: un atacator sinucigas ucide opt persoane in explozia unui autobuz militar	Bomba plasata la marginea drumului „ucide opt soldati afgani”
5037	4.6	Presedintele Coreei de Nord, Kim, saluta executia unui unchi influent	Presedintele Coreei de Nord, Kim, aflat in spatele eliminarii unui unchi influent
5038	1.4	UE si Myanmar depun eforturi pentru acordul de protectie a investitiilor	Sondaj: China nu mai este destinatia de top a investitiilor
5039	4.2	Editor al ziarului Tehelka implicat intr-o escrocherie cu agresiuni sexuale	Editor al ziarului Tehelka demisioneaza din cauza acuzatiilor de agresiune sexuala
5040	4.6	Doamna de Fier Margaret Thatcher moare la 87 de ani	Fostul premier britanic, Margaret Thatcher, moare la 87 de ani
5041	2.2	Patru sustinatori ai lui Morsi ucisi in confruntarile violente din Egipt	Mii de sustinatori ai lui Morsi se aduna in Egipt
5042	4.6	ONU condamna uciderea etnicilor dintr-un oras petrolier din Sudanul de Sud	ONU condamna uciderea etnicilor din Sudanul de Sud
5043	2.6	Administratia renunta la apelul in cazul „pastila de a doua zi”	SUA va permite accesul la pastila de a doua zi tinerelor de orice varsta
5044	3.0	Politia trage cu gaz lacrimogen in protestatarii din Bangkok	Politia trage cu gaz lacrimogen in protestatari
5045	3.6	Impuscaturi, proteste la votul din Thailanda	Protestatarii thailandezi perturba votul in avans
5046	2.2	Cotatiile futures din China inchid in scadere - 23 aprilie	Cotatiile futures din China inchid in crestere - 4 decembrie
5047	0.8	Sapte filipinezi ucisi intr-un atac din Yemen	Soldati sirieni ucisi intr-un atac cu bomba
5048	1.4	Israelul incheie atacul aerian, palestinienii critica	Nave israeliene au deschis focul impotriva pescarilor palestinieni
5049	4.4	Protestatarii darama statuia lui Lenin din Kiev	Protestatarii ucraineni darama statuia lui Lenin din Kiev
5050	3.6	Iranul „dejoaca tentativele de sabotaj nuclear”	Iranul afirma ca a detectat urme de sabotaj la o centrala nucleara
5051	3.2	Yuanul chinezesc s-a apreciat fata de dolarul american, ajungand marti la 6.1184	Yuanul chinezesc s-a apreciat fata de dolarul american, ajungand luni la 6.168
5052	1.2	Protestatarii se aduna in Brazilia in ciuda concesiilor	Protestele continua in Ucraina in ciuda concesiilor
5053	4.2	Regina merge la locul unde soldatul londonez a fost atacat	Regina Elisabeta a II-a merge la cazarma soldatului britanic ucis saptamana trecuta
5054	4.2	Trupele din India si China se retrag la granita de facto, intr-o intelegere in ceea ce priveste confruntarea	India declara ca China e de acord sa se retraga la granita de facto, intr-o intelegere in ceea ce priveste confruntarea
5055	2.4	Stare de usurare in Boston dupa ce al doilea suspect a fost arestat	Politia confirma cum a fost capturat suspectul
5056	4.6	Armata siriana recucereste un castel al cruciatilor de la rebeli	Armata siriana recucereste un castel al cruciatilor
5057	5.0	Arabia Saudita va acorda armatei libaneze 3 miliarde de dolari	Arabia Saudita urmeaza sa ofere armatei libaneze 3 milioane de dolari
5058	0.8	Angajati ai Crucii Rosii eliberati in Ucraina	Membri ai Crucii Rosii rapiti in Siria
5059	0.6	Emisarul Siriei spune ca nu vor avea loc negocieri de pace fara participarea opozitiei	Siria: Cameron si Obama muta Occidentul mai aproape de interventie
5060	4.2	Regina va da numele celui mai mare portavion	Regina numeste un portavion gigant
5061	3.4	Militanti bengalezi evadeaza dintr-o duba a politiei in urma unei ambuscade cu bomba	Dubita a politiei din Bangladesh prinsa intr-o ambuscada
5062	3.4	Epava unui avion al companiei Air Algerie ce transporta 116 pasageri a fost gasita in Mali	Epava avionului AH5017 al companiei Air Algerie a fost gasita in Mali
5063	0.6	Palestinienii influenti solicita un singur stat democratic	Liga Araba sustine pozitia palestiniana in negocierile de pace
5064	1.4	Zeci de morti in urma prabusirii unui avion rusesc	Zece morti in urma prabusirii unui avion in Alaska
5065	4.0	Retailerii americani sunt de acord cu pactul de siguranta a fabricilor din Bangladesh	70 de retaileri sunt de acord cu noul pact de siguranta a fabricilor din Bangladesh
5066	3.2	Update live - Incepe sistarea activitatii guvernului american	Activitatea guvernamentala inceteaza in urma disputelor legate de sistemul de sanatate
5067	3.0	Atentator sinucigas ucide 14 oameni in Afganistan	Atentat sinucigas soldat cu un mort in capitala afgana
5068	4.0	China trimite o sonda spatiala si un rover pe luna	China lanseaza prima misiune spatiala a unui rover selenar
5069	1.8	Toti ochii pe calatoria lui Khurshid	Ministrii de finante din UE discuta
5070	3.8	Australia reduce ratele la un nivel minim record	Australia reduce ratele dobanzilor la nivelul minim record de 2,75%
5071	3.2	Agentia chineza de presa acuza intarzieri in cautarea avionului	Zece nave chinezesti in asteptare pentru cautarea avionului
5072	1.6	Rebus clasic - sambata intai iunie	Rebus clasic - sambata douazeci aprilie
5073	3.4	Coreea de Nord a afectuat noi teste balistice, lansand 30 de rachete cu raza scurta de actiune	Coreea de Nord lanseaza rachete cu raza scurta de actiune
5074	5.0	Un diplomat palestinian a murit in urma exploziei din Praga	Diplomat palestinian ucis in explozia din Praga
5075	2.4	Un incepator „a condus feribotul din Coreea de Sud”	Capitanul feribotului sud coreean a fost arestat
5076	1.6	Presedintele Chinei se intalneste cu vicepresedintele Indiei	Presedintele Chinei se intalneste cu secretarul de stat al Statelor Unite
5077	4.6	Tanara Shereka Marsh ucisa in estul Londrei a fost impuscata in gat, a declarat politia	Schimb de focuri in Hackney: tanara Shereka Marsh „a sangerat pana la moarte dupa ce a fost impuscata in gat”
5078	1.6	Bilantul atacului din Nairobi urca la 59	Numarul mortilor in urma violentelor din Egipt creste la 638
5079	4.0	Arca Pacii a Chinei pleaca joi in Filipine	China trimite ajutoare in Filipine
5080	0.0	Disidenti iranieni ucisi in Irak	Franta isi pierde influenta in Europa
5081	0.4	James Gandolfini moare la 51 de ani	Nelson Mandela moare la 95 de ani
5082	4.2	Aproximativ noua milioane de oameni ingropati in datorii	Bomba cu ceas a Marii Britanii: noua milioane de oameni se confrunta cu datorii considerabile
5083	5.0	Update: Doua explozii in apropierea liniei de sosire a maratonului din Boston	Au fost raportate doua explozii la linia de sosire a maratonului din Boston
5084	1.0	Doisprezece morti in urma exploziei unei bombe intr-un tren pakistanez	Cinci morti in urma unui atentat cu bomba in estul Indiei
5085	4.8	Noul Razboi Rece	Un nou Razboi Rece?
5086	5.0	„Doamnele” din Cuba vor primi premiul UE cu 8 ani intarziere	„Doamnele” din Cuba vor primi premiul UE cu 8 ani intarziere
5087	0.6	Paisprezece morti in urma unui acident de autobuz in Brazilia	Accident de parasutism din Arizona soldat cu doi morti
5088	1.8	SUA: Assad a folosit arme chimice impotriva rebelilor sirieni	Assad este de acord sa predea armele chimice
5089	3.4	Bilantul mortilor in urma prabusirii unei cladiri din Bangladesh ajunge la 194	Cel putin 200 de morti in urma prabusirii unei cladiri in Bangladesh
5090	2.8	Tineri israelieni disparuti in Cisiordania	Israelul descopera trupurile a trei adolescenti dati disparuti in Cisiordania
5091	3.4	Presedintele, in doliu dupa moartea lui Mandela	Lumea este in doliu din cauza decesului lui Mandela
5092	3.2	Doua explozii in apropierea ambasadei iraniene din Beirut soldate cu 7 morti	Explozie in apropierea ambasadei iraniene din Beirut
5093	2.2	Actiunile bursei din Singapore deschid luni cu o crestere de 0.31%	Actiunile bursei din Singapore deschid luni in scadere
5094	2.4	Atentator sinucigas ucide 23 de recruti ai armatei irakiene	Atentator sinucigas ucide 23 de recruti ai armatei irakiene in Bagdad
5095	4.6	Clientii cu deficiente de auz dau in judecata cafeneaua Starbucks deoarece sustin ca au fost batjocoriti	Clientii Starbucks dau in judecata cafeneaua din NY deoarece sustin ca au fost batjocoriti din cauza deficientelor de auz
5096	4.8	Mii de oameni evacuati dintr-un metrou din Moscova din cauza unui incendiu	Mii de oameni evacuati dintr-un metrou din Moscova dupa izbucnirea unui incendiu
5097	0.4	38 de oameni ucisi de ploi, viituri in Pakistan	Trei oameni au murit in Brazilia din cauza prabusirii unui stadion
5098	3.0	Sapte oameni ucisi de sustinatori ai siitilor houthi in nordul Yemenului	Cel putin 5 morti in urma unui conflict sectar din nordul Yemenului
5099	0.4	ONU: Iranul a fost exclus din negocierile de pace din Siria	Numerosi morti in urma unui atac aerian sirian
5100	0.4	Kerry a cerut Congresului sa puna capat sistarii activitatii guvernamentale	Congresul Braziliei aproba legislatia referitoare la internet
5101	1.0	Suspectii complotului ce viza un tren din Canada au respins acuzatiile	Canadienii eliberati in Egipt inca nu se pot intoarce acasa
5102	2.8	Separatistii din Ucraina de est cer sa fie anexati Rusiei	Parlamentul Crimeei voteaza pentru anexarea la Rusia
5103	0.0	Rudd a fost investit in functia de prim-ministru al Australiei	Musulmanii se ascund din cauza...sectei
5104	0.0	Rocile selenare indica faptul ca satelitul Pamantului s-a nascut in urma unei coliziuni	Ministru indian decedat intr-o coliziune frontala
5105	5.0	BlackBerry pierde 965 milioane de dolari in trimestrul II	BlackBerry pierde 965 milioane de dolari in trimestrul II
5106	1.6	Egiptul se opune ferm interventiei militare impotriva Siriei	Reactii la perspectiva unei actiuni militare impotriva Siriei
5107	1.8	Ucraina: Rebelii pro-rusi au doborat un avion malaezian	Rusia pregateste contrapropuneri in legatura cu Ucraina
5108	0.4	Abbot: Nicio disputa cu Jakarta in privinta barcilor	Niciun acord legat de dezbaterile din domeniul nuclear in Iran
5109	4.6	SUA considera ca se poate ca Siria sa fi folosit arme chimice	SUA considera ca guvernul sirian a folosit arme chimice
5110	0.0	Cei din opozitie critica discursul presedintelui egiptean	Partidul de opozitie din Pakistan boicoteaza alegerile prezidentiale
5111	1.0	Razboiul din Siria se va prelungi multi ani	Regimul sirian elibeareaza sute de prizonieri
5112	1.0	Rusia sustine ca in Marea Mediterana au fost lansate rachete balistice	Israelul afirma ca a efectuat un test balistic impreuna cu SUA in Mediterana
5113	3.0	Un vulcan erupe in Indonezia: 100.000 de oameni evacuati si aeroporturile inchise	Eruptie vulcanica duce la inchiderea a 3 aeroporturi
5114	1.4	49 de morti si 148 de raniti in atacurile violente din Irak	2 morti si 11 raniti in atacurile din Irak
5115	1.4	Ianukovici, presedintele Ucrainei, afirma ca nu planuieste sa se retraga	Opozitia din Ucraina cere demisia lui Ianukovici
5116	0.8	Viiturile au ucis 58 de oameni in estul Afganistanului	Explozia unei bombe raneste 16 oameni in estul Afganistanului
5117	5.0	Anchetatorii cerceteaza motivele atacatorului de la Aeroportul International Los Angeles	Anchetatorii cerceteaza motivele atacatorului de la Aeroportul International Los Angeles
5118	5.0	Revolta dupa ce apar rapoarte despre o fetita indiana de 6 ani violata la scoala	Revolta dupa ce s-a aflat ca o fetita de 6 ani a fost abuzata sexual la scoala
5119	4.6	Janet Yellen va deveni prima femeie care va conduce Rezerva Federala	Senatul din SUA confirma ca Janet Yellen se afla in functia de sef al Rezervei Federale SUA
5120	3.8	Puterile mondiale si Iranul sub conducerea lui Rouhani reincep negocierile nucleare	Puterile mondiale cauta sa progreseze in negocierile dificile legate de programul nuclear iranian
5121	1.2	Fratia musulmana interzisa in Egipt	Armata detine detine avantajul in Egipt
5122	2.8	Se asteapta cresterea numarului de decese in explozia trenului petrolier din Canada	Cinci morti in urma unui accident feroviar din Canada
5123	0.4	Filipine amana comentariile asupra atacului pescarilor taiwanezi	Influenta lui Bin Laden continua, asa cum dovedeste atacul de la mallul din Kenya
5124	1.6	Multimi, demnitari se aduna la comemorarea lui Mandela	Obama si-a facut un selfie la funeraliile lui Mandela
5125	1.8	Obama solicita israelienilor si palestinienilor sa fie retinuti	Obama se intalneste cu negociatori israelieni si palestinieni
5126	4.2	Rusia elibereaza doctorul de la Greenpeace	Instanta judecatoreasca din Rusia elibereaza pe cautiune doctorul de pe nava de la Greenpeace
5127	0.2	Epava unui avion rusesc a fost gasita dupa un an	Rusia evacueaza ambasada din Libia dupa un atac
5128	4.0	17 morti in urma unui atac american cu drone la o nunta din Yemen	O drona americana a ucis accidental 14 oameni la o nunta din Yemen
5129	1.0	Indicele de productie al Chinei - la minimumul ultimelor 11 luni: HSBC	Productia din China se extinde in septembrie
5130	0.4	Franta urmeaza sa interzica concursurile de frumusete adresate copiilor	Facebook va testa serviciul de plati prin telefon
5131	1.8	Semnificatia zilei de 2 decembrie in istorie	Semnificatia zilei de 23 aprilie in istorie
5132	1.8	Vapoare pregatite pentru transportarea armelor chimice siriene	ONU adopta rezolutia armelor chimice siriene
5133	0.6	Bilantul mortilor in urma prabusirii unei cladiri din Mumbai ajunge la 29	Bilantul mortilor in urma prabusirii unei mine din Indonezia ajunge la 12
5134	1.4	Extremistii revendica atacurile comise in Nigeria	O grupare militanta greaca revendica asasinarile celor din partidul Zorii Aurii
5135	3.8	Fortele pro-ruse intra in baza navala ucraineana din Crimeea	Fortele din Crimeea au luat cu asalt sediul marinei ucrainene
5136	4.2	Cadavrul unui magnat sud-coreean al transportului maritim dat disparut a fost gasit pe un camp	Dezastrul feribotului Sewol: a fost gasit trupul unui magnat al transportului sud-coreean
5137	2.2	Nicio noutate in ceea ce priveste starea de sanatate a lui Nelson Mandela	Starea de sanatate a lui Nelson Mandela se imbunatateste
5138	2.0	Ucraina: noua persoane au murit in confruntarile violente din Kiev	Ucraina se afla sub presiune din cauza confruntarilor violente din Kiev
5139	4.2	Misiuni aeriene de supraveghere ale SUA vor ajuta la gasirea fetelor nigeriene rapite	Avioane de supraveghere ale SUA se alatura misiunii de cautare a fetelor nigeriene rapite
5140	3.8	Printul George a fost botezat la Palatul St. James	Printul George a fost botezat in Londra
5141	4.0	Distributia Monty Python se reuneste pentru un nou show	Distributia Monty Python se reuneste pe scena
5142	0.2	Ministrul afacerilor externe al Italiei discuta cu vicepresedintele Ghanei	Prim-ministrul belgian a transmis condoleante victimelor
5143	1.4	Politia afirma ca barbatul inarmat care a tinut ostatici pompierii din Atlanta este acum mort	The Lede: Video: pompierii din Georgia luati ostatici de catre un barbat inarmat
5144	5.0	Cazul Bradley Manning-WikiLeaks ajunge la faza sentintei	Cazul Manning WikiLeaks ajunge la faza sentintei
5145	2.4	Sondajul din Egipt: 98% voteaza „da” pentru noua constitutie	In Egipt are loc votarea cheie a constitutiei
5146	4.6	Iranul si sase puteri globale semneaza un acord nuclear de referinta	Iranul si puterile mondiale sunt de acord cu tratatul nuclear
5147	1.0	Fortele israeliene aresteaza 6 palestinieni in raidurile nocturne din Cisiordania	Israelul ii clasifica pe nativii din Ierusalim ca non-cetateni
5148	2.8	Haga „ingrijorata cu privire la desfasurarea” alegerilor din Zimbabwe	Zimbabwe: „Preocupari serioase” in legatura cu alegerile
5149	0.6	Actiunile de la bursa din Hong Kong incheie in crestere	Actiunile de la bursa indiana deschid in crestere
5150	0.4	Demnitarii aduc un omagiu lui Paul Desmarais	Starurile aduc un omagiu lui James Garner
5151	4.2	Avioane ale companiei aeriene Southwest raman la sol din cauza unei erori de computer	Zboruri ale companiei aeriene Southwest amanate si anulate din cauza unei erori de computer
5152	3.6	Ambasada Vaticanului din Siria a fost lovita de un obuz de mortier	Ambasada Vaticanului din Siria a fost lovita de un obuz de mortier; nu sunt raniti
5153	4.2	Coreea de Nord blocheaza accesul la zona industriala comuna	Coreea de Nord blocheaza accesul la zona industriala cheie
5154	2.8	Militantii islamici au ucis 9 turisti straini si un pakistanez	Atacatori ucid 11 turisti straini in Pakistan
5155	1.0	Fortele „occidentale” ataca o baza a militantilor islamici din Somalia	Puterile occidentale se lupta sa se imprieteneasca cu Modi
5156	3.8	Hong Kongul se pregateste de un miting pro-democratie de proportii, la aniversarea preluarii jurisdictiei	Hong Kongul se pregateste de un miting pro-democratie de proportii
5157	3.0	Un atentator sinucigas ucide 20 de oameni in Irak	Un atentator sinucigas a detonat o bomba intr-o scoala primara din Irak, ucigand 15 persoane
5158	0.4	Cinci copii ingropati de vii in urma unei alunecari de teren din Bohol	Noua copii au fost ucisi in urma unui atac din Afganistan
5159	3.0	6 persoane au fost ucise de lava incinsa in urma eruptiei unui vulcan in Indonezia	Cinci morti in urma eruptiei unui vulcan din Indonezia
5160	0.6	Cel putin 11 morti dupa ce o cladire s-a prabusit in India	Cel putin 66 de morti in urma exploziei unei bombe in Irak
5161	2.8	Au inceput alegerile prezidentiale in Egipt	Egiptul emite mult asteptata lege a alegerilor prezidentiale
5162	4.4	Fiul unui pastor evanghelic american s-a sinucis. Fiul unui cunoscut pastor evanghelic american, Rick Warren, s-a sinucis.	Fiul lui Wanner, cunoscutul pastor evanghelic american, s-a sinucis
5163	0.0	Parlamentul italian sustine noul premier	Un tren a deraiat ucigand 4 persoane in New York
5164	0.4	Parlamentarii rusi adopta un nou proiect de lege care restrictioneaza internetul	Rusia afirma ca „obiecte” balistice au fost trase in Marea Mediterana
5165	3.4	Super taifunul Haiyan, cel mai puternic al sezonului, loveste Filipine	Super taifunul Haiyan se apropie de Filipine
5166	0.0	NATO condamna represiunea Ucrainei	Legaturile Thailandei sunt cele mai bune din regiune
5167	1.2	China va investiga exporturile de vin din UE	Investigatia lui Christie se incinge
5168	3.6	Conan O'Brien la Cina Corespondentilor de la Casa Alba	Obama si O'Brien pun in scena propriile versiuni ale Cinei corespondentilor de la Casa Alba
5169	3.0	Suspectul atentatului cu bomba din Boston a fost acuzat, sunt suspectate motive religioase	Suspectul atentatului cu bomba din Boston a fost acuzat pe patul de spital
5170	1.4	Pietele financiare asiatice sunt impartite in legatura cu datele comerciale ale Chinei	Pietele financiare asiatice in declin din cauza temerilor legate de stimulentele Bancii Centrale
5171	4.8	Cel mai batran om din lume a murit in Japonia la 116 ani	Jiroemon Kimura: cel mai batran om din lume moare la varsta de 116 ani
5172	1.4	Cursurile de schimb valutar din India	Cursurile de schimb valutar din Singapore
5173	3.6	Incendiile din Colorado distrug mai mult de 90 de case, pe masura ce vantul se inteteste	Incendiile din Colorado pot cauza cele mai serioase distrugeri de proprietate din istoria statului
5174	2.0	Un cutremur cu magnitudinea de 6.3 pe scara Richter loveste o insula din Indonezia	Un cutremur cu magnitudinea de 6 pe scara Richter loveste Thailanda
5175	2.0	Guvernul afgan si cel american vor purta discutii de pace cu talibanii	Pakistanul poarta discutii directe cu talibanii
5176	3.0	Stiri despre terorism si conflictul israeliano-palestinian (22-28 ianuarie 2014)	Stiri despre terorism si conflictul israeliano-palestinian (31 iulie - 6 august 2014)
5177	1.6	„Este fie prea tarziu, fie prea devreme sa intervenim in Siria”	Sef ONU: Inspectorii au nevoie de 4 zile pentru a incheia ancheta in Siria
5178	1.0	Echipa de negocieri nucleare a Iranului pleaca in Kazahstan	Programul nuclear al Iranului „a costat Teheranul peste 100 de miliarde de dolari”
5179	0.8	Comenzile pentru fabricile din SUA au scazut cu 0,7% in ianuarie	Comenzile pentru fabricile germane si-au revenit in ianuarie
5180	5.0	Oameni inarmati inconjoara Ministerul de Externe al Libiei pentru a face revendicari	Oameni inarmati inconjoara Ministerul de Externe al Libiei pentru a face revendicari
5181	0.6	Numarul mortilor in urma taifunului ajunge la 3633	Bilantul mortilor din Egipt a crescut la 638
5182	4.2	Presedintele Ugandei semneaza proiectul de lege impotriva homosexualilor	Presedintele Ugandei aproba legea dura impotriva homosexualilor
5183	1.8	Parlamentul rus ii permite lui Putin sa foloseasca armata in Ucraina	Rusia nu are intentia de a anexa sud-estul Ucrainei: Ministrul de Externe
5184	4.4	Bradley Manning achitat de sprijinirea inamicului	Soldatul Wikileaks, Bradley Manning, a fost achitat de sprijinirea inamicului
5185	0.6	G7 „va intensifica sanctiunile impotriva Rusiei”	Ucraina se teme de o invazie ruseasca
5186	5.0	Avionul unei trupe rock aterizeaza de urgenta in Illinois	Avionul unei trupe rock aterizeaza de urgenta in Illinois
5187	0.8	A doua zi de vizita a prim-ministrului rus in Crimeea	Rusia da un avertisment impotriva stabilirii unor preconditii pentru Siria
5188	4.6	Un judecator aproba hranirea fortata a detinutilor din California	Un judecator american aproba hranirea fortata a detinutilor californieni aflati in greva foamei
5189	4.0	16 morti in urma luptelor violente dintre bande intr-o inchisoare din Venezuela	Saisprezece persoane au fost ucise intr-o inchisoare din Venezuela
5190	3.4	Numarul soldatilor americani morti in Afganistan ajunge la 2153	Soldati militari morti in Afganistan
5191	1.4	Oficial SUA: Israelienii si palestinienii cer o noua intalnire luni	Palestinienii: Nu vrem ca planul Kerry sa esueze
5192	3.8	Furtuna tropicala Karen vizeaza Coasta Golfului SUA	Furtuna tropicala Karen urmeaza sa loveasca
5193	4.8	Seamus Heaney, poet irlandez al naturii si al chinului, moare la 74 de ani	Seamus Heaney, poet irlandez si castigator al premiului Nobel, a murit la 74 de ani
5194	4.6	Islamistii din Bangladesh protesteaza impotriva bloggerilor atei	Islamistii din Bangladesh protesteaza, cerand actiuni impotriva bloggerilor atei
5195	4.0	Zborul MH17 al companiei aeriene Malaysia Airlines s-a prabusit in estul Ucrainei	Avion al companiei aeriene Malaysia Airlines s-a prabusit la frontiera Ucrainei cu Rusia
5196	1.8	Un atentator sinucigas ucide 13 persoane la un restaurant din centrul Somaliei	Un atentator sinucigas a ucis cel putin 4 persoane in Kabul
5197	5.0	Anthony Weiner cade pe locul patru in noul sondaj	Weiner cade pe locul patru in noul sondaj pentru primarul New Yorkului
5198	0.6	India acuza China de incalcarea granitei de facto	Senatul si Camera Reprezentantilor sunt intr-o disputa pe tema fondurilor pentru frontiere
5199	2.8	O femeie insarcinata din Sudan care s-a casatorit cu un barbat crestin a fost condamnata la moarte pentru „apostazie”	Sudanul a eliberat-o pe femeia crestina condamnata la moarte pentru apostazie
5200	5.0	Sotia diplomatului de varf al SUA, Kerry, dusa de urgenta la spital	Sotia secretarului de stat american John Kerry dusa de urgenta la spital
5201	3.8	Kerry urmareste o „strategia linistita” in procesul de pace din Orientul Mijlociu	Kerry se intalneste cu liderii israelieni pentru a grabi pacea din Orientul Mijlociu
5202	3.6	Coreea de Nord afirma ca urmeaza sa reporneasca reactorul nuclear	Coreea de Nord propune discutii: complexul se poate redeschide
5203	4.0	Instanta din Egipt ia in considerare eliberarea lui Mubarak	Curtea de Casatie din Egipt cere eliberarea lui Mubarak
5204	0.8	Politia: 13 raniti si 8 oameni ucisi de un atentator sinucigas in capitala afgana	4 morti in urma unui atentat sinucigas in Orasul Vechi al capitalei din Siria
5205	1.2	Suspectul atentatului cu bomba din Boston a fost acuzat pe patul de spital	O saptamana mai tarziu: Boston onoreaza victimele atentatului cu bomba; suspectul - in imposibilitatea de a vorbi
5206	0.4	Ploile impiedica salvarea victimelor inundatiilor din India	Politia: O turista americana a fost victima unui viol in grup in nordul Indiei
5207	1.6	O privire asupra atacurilor teroriste majore din estul Africii	Consiliul de Securitate al ONU critica atacul terorist mortal din capitala Kenyei
5208	0.8	Rusia raspunde la incetarea focului din Ucraina	Ciprul sechestreaza activele Ucrainei
5209	3.5	Kim Jong-un si-a executat unchiul pe care il considera „mai rau decat un caine”	Coreea de Nord il executa pe unchiul lui Kim Jong Un
5210	1.2	Sustinere plina de culoare la Campionatul Mondial din Brazilia	Merkel va asista la finala Campionatului Mondial de Fotbal
5211	3.6	Mandela ramane in spital	Mandela ramane in sectia de terapie intensiva
5212	4.4	Membrii echipajului feribotului sud-coreean vor fi trimisi in judecata	Membrii echipajului feribotului Sewol vor fi judecati
5213	5.0	Egiptul voteaza o noua constitutie	Egiptenii voteaza o noua constitutie
5214	2.8	Sase oficiali ai Pakistanului ucisi de un atac american cu drona	O drona americana a ucis 4 militanti in Pakistan
5215	2.0	Vietnamul detecteaza semnalele avionului disparut	China mareste aria de cautare a avionului disparut
5216	4.0	Cricket: Anglia vs Australia, tabela de scor a celui de-al patrulea test	Cricket: Anglia 155-4 impotriva Austrialiei, al patrulea test - un ceai
5217	0.4	Ziua nationala a RPDC va fi sarbatorita in Peru	Roverul Curiosity implineste un an de cand se afla pe Marte
5218	2.2	Un cutremur puternic cu magnitudinea de 7.6 pe scara Richter a lovit Insulele Solomon	Un cutremur cu magnitudinea de 6.9 pe scara Richter loveste coasta Californiei
5219	1.8	India Ink: Imaginea zilei: 21 mai	India Ink: Imaginea zilei: 16 ianuarie
5220	4.0	Liderul Australiei a fost destituit prin votul fulger al conducerii	Premierul australian Gillard a fost demis prin votul conducerii
5221	0.8	Obama critica violenta din Egipt, anuleaza exercitiile militare	Pakistanul critica confruntarile violente din Egipt
5222	0.0	Argentina declara doliu national pentru victimele inundatilor	Parintii cer formulare comune pentru inscrierea la crese
5223	2.2	Botezul printului, un amestec intre nou si vechi	Cand are loc botezul printului George? Planificarea botezului, nasii bebelusului regal si toate amanuntele necesare
5224	2.33	Ce spun ziarele, 20 mai 2013	Ce spun ziarele, 19 noiembrie 2013
5225	1.0	Google lanseaza smartphone-ul Nexus 5 cu Android Kit Kat	Google reproiecteaza interfata de cautare pe calculator
5226	4.2	O bomba ce viza Hezbollah a lovit sudul Beirutului	O explozie a lovit zona controlata de Hezbollah din sudul Beirutului
5227	3.0	SUA si aliatii vor impune noi sanctiuni Rusiei din cauza Ucrainei	UE aplica noi sanctiuni Rusiei din cauza Ucrainei
5228	1.0	Fabricile care functionau datorita cooperarii celor doua Corei isi inceteaza activitatea	Coreea de Nord si de Sud rup tacerea prin discutii
5229	0.0	Premierul Chinei se intalneste cu vicepresedintele Indiei	Organizatia Hezbollah solicita alegerea unui nou presedinte al Libanului
5230	3.6	Presedintele Algeriei se afla in Franta pentru efectuarea unor analize medicale	Presedintele Algeriei se afla in Franta pentru efectuarea unor analize medicale dupa ce a suferit un atac cerebral minor
5231	3.2	Islamistii inca tin ostatici aproximativ 30 de oameni in vreme ce confruntarea dintr-un mall din Kenya continua	Bilantul mortilor urca pe masura ce atacul asupra unui mall din Kenya continua
5232	3.8	Manchester City castiga al doilea titlu in Premier League in trei ani	Manchester City castiga titlul in Premier League
5233	4.8	Trupurile celor care au murit in urma prabusirii avionului MH17 au fost duse cu avionul in Olanda	Trupurile celor ucisi in urma prabusirii avionului MH17 au fost transportate cu avionul inapoi in Olanda
5234	3.4	Un politist egiptean a fost ucis in atacul din Sinai	Soldati egipteni ucisi in atacul din Sinai
5235	1.4	Cel mai probabil, discutiile pe tema programului nuclear din Iran se vor prelungi	Pretul petrolului scade sub 108 dolari inaintea discutiilor pe tema activitatilor nucleare din Iran
5236	3.6	Un incendiu a ucis 38 de persoane intr-un spital de psihiatrie din Rusia	38 de presupusi morti in urma unui incendiu la un spital de psihiatrie din Rusia
5237	1.6	Rusia avertizeaza ca poate nu va semna Tratatul ONU privind armele	ONU incheie un tratat referitor la arme
5238	1.6	Didier Reynders despre Siria	Ziua lui Obama: discurs in prime-time despre Siria
5239	0.8	Coreea de Nord: expertii solicita dialogul si afirma ca doresc implicarea Chinei	Coreea de Nord intrerupe ultimele legaturi cu Sudul prin interzicerea parcului industrial comun
5240	1.0	Actiunile bursei din China deschid luni in crestere	Actiunile bursei din China inchid marti in scadere
5241	0.0	Sony Xperia Z2 si Nokia X au fost prezentate	Instanta solicita interdictia privind detinerea de functii publice in Italia pentru Berlusconi
5242	3.8	Noul coronavirus se poate transmite de la o persoana la alta- Organizatia Mondiala a Sanatatii	OMS: Noul virus se poate transmite de la o persoana la alta
5243	5.0	Mandela s-a intors la spital, in stare „grava, dar stabila”	Nelson Mandela a fost din nou internat in spital
5244	0.0	Bilantul mortilor din East Harlem urca	Bilantul mortilor furtunii din Mexic continua sa creasca
5245	0.0	Prim-ministrul Ucrainei demisioneaza pe fondul protestelor	Prim-ministrul britanic critica uciderea tinerilor
5246	0.0	DJ implicat in farsa regala inainteaza o actiune impotriva postului de radio	Talibanii bombardeaza o baza militara americana din Afganistan
5247	2.2	Arsenal vs Stoke City - live!	Tottenham vs Manchester City live!
5248	2.4	Stiri despre mediul de afaceri si piete economice: asa cum s-a intamplat, 17 aprilie 2013	Stiri despre mediul de afaceri si piete economice: asa cum s-a intamplat, 20 iunie 2013
5249	4.2	Iranul si puterile mondiale incep o noua runda de dezbateri privind domeniul nuclear	Iranul si puterile mondiale promit noi discutii pe tema activitatii nucleare
5250	2.6	Furtuna tropicala Karen vizeaza Coasta Golfului SUA	Furtuna tropicala Karen isi pierde din intensitate pe masura ce se apropie de Coasta Golfului SUA
5251	3.0	Muncitori ucisi in India in urma prabusirii unei cladiri	76 de persoane au fost ucise intr-o cladire ce s-a prabusit in Bangladesh
5252	3.8	Coreea de Nord a lansat trei rachete cu raza scurta de actiune	Coreea de Nord a lansat rachete cu raza scurta de actiune
5253	2.6	Masina capcana ucide 37 de persoane in nord-vestul Pakistanului	Trei persoane au murit in explozia unei bombe din nord-vestul Pakistanului
5254	4.0	Malaysia Airlines a pierdut contactul cu un avion ce transporta 239 de pasageri catre Beijing	Un avion al companiei aeriene Malaysia Airlines cu destinatia Beijing a disparut
5255	5.0	Microsoft afirma ca va disponibiliza pana la 18.000 de angajati	Microsoft urmeaza sa disponibilizeze 18.000 de angajati
5256	3.4	Malaezienii voteaza pentru stabilitate sau schimbare	Alegeri in Malaezia: Malaezienii voteaza, puterea fiind in pericol pentru prima data
5257	4.4	Incendiu distruge un oras antic tibetan din China	Incendiu distruge un oras tibetan din China
5258	5.0	Yahoo accepta sa achizitioneze Tumblr pentru suma de 1.1 miliarde de dolari	Yahoo va achizitiona Tumblr cu 1.1 miliarde de dolari
5259	5.0	India incepe sa voteze la cele mai mari alegeri din lume	Indienii au inceput sa voteze, cele mai mari alegeri din lume
5260	2.0	Explozia unei masini capcana a omorat cel putin 12 oameni in nordul Siriei	Un atac aerian initiat de sirieni a ucis cel putin 18 oameni in Alep
5261	2.8	Bilantul mortilor in urma cutremurului din Filipine urca la 73	Bilantul mortilor in urma cutremurului din Filipine ajunge la 85
5262	1.4	Operatiunea de cautare a celor care cer azil politic a luat sfarsit	Aria de cautarea a barbatului disparut a fost restransa
5263	0.2	Presedintele Ucrainei a solicitat incetarea focului in est pentru 7 zile	Museveni, presedintele Ugandei, este de acord sa semneze proiectul de lege impotriva homosexualilor
5264	4.33	Turneul ICC Champions Trophy: India versus Africa de Sud	Champions Trophy: India versus Africa de Sud Live
5265	4.4	Curtea Suprema din SUA adopta actiunea afirmativa in cazul interdictiei din Michigan	Curtea Suprema va audia cazul Michigan in ceea ce priveste actiunea afirmativa
5266	3.0	Titluri in principalele ziare iraniene din 30 septembrie	Titluri in principalele ziare iraniene din 21 noiembrie
5267	2.4	Un ciclon lasa dezastru in urma sa in India	Evacuarea din cauza ciclonului Phailin le-a salvat viata satenilor indieni
5268	0.6	Talibanii au ucis 15 politisti in vestul Afganistanului	O drona americana a omorat doi oameni in estul Afganistanului
5269	4.6	Mii de oameni se aduna pentru a-si arata sprijinul fata de guvernul greu incercat al Tunisiei	Mii de oameni s-au adunat in Tunisia sa-si arate sustinerea fata de guvernul islamist
5270	4.8	Mandela, fostul presedinte al Africii de Sud, a fost dus la spital	Nelson Mandela a fost dus la spital
5271	5.0	Update - Doua explozii in apropierea liniei de sosire a Maratonului din Boston	Doua explozii la linia de sosire a Maratonului din Boston
5272	0.4	Cel putin doua persoane au fost ucise in confruntarile violente din sudul Egiptului	Cel putin 18 oameni ucisi in explozia dintr-o gara din Caucazul de Nord
5273	3.0	Furtuna de zapada Ion: stat cu stat...	Furtuna de zapada Janus: stat cu stat...
5274	3.6	Trupurile neinsufletite a 53 de barbati au fost gasite la sud de Bagdad	Oficiali irakieni: 50 de cadavre au fost gasite la sud de Bagdad
5275	3.0	Atentatele cu bomba au ucis cel putin 20 de persoane in zona locuita de crestini din Bagdad	Bombele ucid 35 de oameni intr-o zona locuita de crestini din Bagdad
5276	3.2	China stabileste data procesului lui Bo Xilai	Procesul lui Bo Xilai din China, in a patra zi
5277	0.8	Musulmanii se pregatesc de inceperea Ramadanului	Musulmanii se roaga pentru incetarea dezbinarii
5278	0.8	Japonia mobilizeaza rapid avioane de vanatoare impotriva aeronavelor militare rusesti	Separatistii doboara un avion militar ucrainean, numeroase victime
5279	1.0	Mii de britanici cer ajutor de somaj in Germania	Mii de locuitori din Amsterdam, imbracati in alb, au marsaluit pentru MH17
5280	2.2	Un presupus atac american cu drone ucide 5 persoane in Pakistan	O drona presupusa a fi amercana vizeaza un seminar musulman din Pakistan
5281	0.4	Obama se va inscrie in Obamacare	Obama viziteaza Oklahoma dupa ce statul a fost lovit de o tornada
5282	5.0	General Electric afiseaza un profit redus cu 9% pentru al treilea trimestru	GE afiseaza un profit redus cu 9% pentru al treilea trimestru
5283	2.0	Yuanul chinezesc s-a depreciat la 6.1535 fata de dolarul american	Yuanul chinezesc se intareste si ajunge la un nou maxim fata de dolarul american
5284	5.0	Rusia il gaseste pe Magnitsky, avocatul mort, vinovat in procesul postum	Rusia il condamna pe avocatul mort, Magnitsky, in procesul postum
5285	2.8	„Eu as fi putut fi in locul lui Trayvon”	Trayvon Martin ar fi putut fi...
5286	3.4	China trimite cea mai mare flota de pana acum catre insulele disputate	Navele chineze intra in apele insulelor disputate
5287	3.4	Planul lui Kerry pentru reluarea discutiilor impune eliberarea a 103 detinuti palestinieni	Kerry intentioneaza sa includa eliberarea prizonierilor, negocierile ingheata
5288	2.0	Politia: explozie in zona Catedralei din Belfast	Explozie in Kabul, un atentat sinucigas intr-o zona diplomatica
5289	1.4	Sirienii protesteaza impotriva lui Erdogan la Paris, venezuelenii accentueaza sprijinul pentru Siria	Erdogan, presedintele Turciei, se afla in Iran pentru a repara legaturile dupa disputa in legatura cu Siria
5290	3.0	Prim-ministrul va cauta un acord nuclear, investitii in timpul vizitei in Japonia	Manmohan spera sa incheie un acord nuclear cu Japonia
5291	1.2	SUA amana testul balistic din cauza tensiunilor cu Coreea de Nord	Ambasadele raman in Coreea de Nord, in ciuda tensiunilor
5292	4.6	Obama se intalneste in privat cu familia lui Nelson Mandela	Obama se intalneste cu familia lui Nelson Mandela
5293	0.4	Cel putin sase morti in urma unui schimb de focuri violent in SUA	Cel putin 20 de morti in atacurile din Somalia
5294	0.6	Atacatori inarmati au ucis 10 oameni in cadrul conflictelor politice violente din Filipine?	Cinci oameni au murit in urma eruptiei unui vulcan din Filipine
5295	5.0	Israelul doboara o drona din Liban	Israelul doboara o drona din Liban
5296	1.0	Israelul aproba eliberarea primului grup de prizonieri palestinieni inainte de negocierile de pace	Opozitia din Siria confirma participarea la negocierile de pace
5297	4.6	Ciocniri mortale in timp ce Egiptul marcheaza aniversarea	Ciocniri violente marcheaza aniversarea revoltei din Egipt
5298	1.6	NATO: 5 americani ucisi in sudul Afganistanului	O bomba de pe marginea drumului ucide 3 politisti in sudul Afganistanului
5299	3.8	Escroci deghizati in femei fura bani	CCTV: Escroci din York se deghizeaza in femei pentru a pacali pensionarii
5300	5.0	Rapitorul din Cleveland, Ariel Castro, a fost gasit spanzurat in celula	Rapitorul din Cleveland, Ariel Castro, a fost gasit spanzurat in celula sa
5301	5.0	Google dezvaluie prototipul unei masini ce se conduce singura	Google dezvaluie designul unei masini ce se conduce singura
5302	2.0	Un incendiu intr-o fabrica de textile din Bangladesh ucide 8 oameni	149 de morti dupa prabusirea unei fabrici de textile din Bangladesh
5303	4.0	SUA incearca sa-si linisteasca aliatii ingrijorati din Golf in legatura cu acordul cu Iranul	Hagel incearca sa linisteasca aliatii agitati din Golf dupa acordul cu Iranul
5304	0.0	Ucraina gazduieste „discutii despre unitate”	Papa critica „razboiul pentru vanzarea armelor” in Siria
5305	2.4	Fostul presedinte al Pakistanului, Musharraf, arestat in cazul asasinarii lui Bhutto	Fostul presedinte al Pakistanului, Musharraf, adus in fata instantei pentru prima oara
5306	2.2	A fost stabilita data pentru procesul liderului partidului Fratia Musulmana din Egipt	Fratia Musulmana din Siria se confrunta cu o batalie dificila
5307	0.0	Evadarea de scurta durata a unui panda rosu dintr-o gradina zoo	Egiptul il aresteaza pe Badie, liderul partidului Fratia Musulmana
5308	0.2	Medici israelieni ar putea fi judecati in strainatate pentru hranirea fortata a prizonierilor palestinieni	Controlul israelian din Cisiordania „costa economia palestiniana miliarde”
5309	5.0	Magazinele din Washington ce vand marijuana se pregatesc pentru vanzari istorice	Magazinele din Washington ce vand marijuana se pregatesc pentru vanzari istorice
5310	5.0	Angajatii unui aeroport din Rio intra in greva in ajunul Campionatului Mondial de Fotbal	Angajatii unui aeroport din Rio de Janeiro intra in greva in ajunul Campionatului Mondial de Fotbal
5311	1.4	Fiul unuia dintre liderii partidului Fratia Musulmana a fost ucis	Egiptul il aresteaza pe Badie, liderul partidului Fratia Musulmana
5312	5.0	Iranul, sase puteri mondiale semneaza un acord nuclear de referinta	Iran, sase puteri mondiale incheie un acord nuclear de succes
5313	2.8	Un balon cu aer cald ia foc in Virginia	Un blon cu aer cald ia foc si se prabuseste
5314	2.4	Citate de la lideri, familie la comemorarea lui Mandela	Lumea se uneste pentru comemorarea lui Mandela
5315	0.0	Indienii din Mumbai pun T&T (Trinidad&Tobago) la locul sau	Indonezienii voteaza presedintele intr-o cursa stransa
5316	4.4	Actiunile din Kuala Lumpur raman ridicate la mijlocul dupa-amiezii	Actiunile Kuala Lumpur continua sa creasca in mijlocul dupa-amiezii
5317	2.8	Ce spun ziarele, 20 noiembrie 2013	Ce spun ziarele, 10 octombrie 2013
5318	4.2	Amazon lanseaza un nou dispozitiv pentru redare video	Amazon lanseaza un nou dispozitiv, Fire TV, pentru redare video
5319	0.0	Presedintele Palestinei primeste vizita ministrului de externe al Iordaniei	Palestinian arestat pentru hartuirea sexuala a unor fetite
5320	0.2	Obama numeste un nou secretar al transporturilor	Obama se va intalni cu secretarul veteranilor raniti in razboi
5321	1.6	Yuanul chinezesc s-a depreciat la 6.1059 fata de dolarul american	Yuanul chinezesc s-a apreciat vineri la 6.1070 fata de dolarul american
5322	0.2	Francezii descind in crame pentru o licitatie a austeritatii	SUA lauda acordul cu Ucraina; solicita actiuni concrete
5323	1.4	SUA si Rusia sunt de acord cu confiscarea armelor chimice din Siria	Rebelii sirieni sceptici cu privire la acordul legat de armele chimice
5324	1.4	Parlamentarii din Coreea de Sud vor vizita complexul Kaesong	Coreea de Sud cere sa discute cu Coreea de Nord cu privire la fabrica inchisa
5325	0.0	Un preot algerian va tine o prelegere despre patrimoniul crestin din Africa de Nord	Telstra planuieste sa listeze un site chinezesc la NY
5326	3.0	Titluri importante in principalele ziare iraniene din 5 aprilie	Titluri importante in principalele ziare iraniene din 18 august
5327	0.6	Consecintele reconcilierii palestiniene	Regele belgian se va adresa natiunii pe fondul speculatiilor privind abdicarea
5328	3.0	Teroristul care a deturnat avionul a fost arestat dupa ce a aterizat pe aeroportul din Geneva	O aeronava deturnata aterizeaza la Geneva
5329	5.0	PCB il numeste pe Waqar Younis ca antrenor principal	Waqar Younis a revenit ca antrenor al Pakistanului
5330	2.4	SUA invoca actiuni impotriva Siriei	Arabia Saudita indeamna la actiune ONU impotriva Israelului dupa atacurile asupra Siriei
5331	1.8	Ciocniri intre protestatarii din Ankara si politie	Ciocniri intre protestatarii din Peru si politie
5332	2.2	49 de morti, 148 de raniti in atacurile violente din Irak	15 morti, 90 de raniti in atacurile recente din Irak
5333	0.4	Portorican arestat pentru producerea de pornografie infantila	Guru indian arestat sub suspiciunea de viol
5334	2.0	Ucraina semneaza pactul comercial cu UE in timp ce Rusia finalizeaza anexarea Crimeei	Curtea Suprema a Ucrainei respinge independenta Crimeei ca fiind „neconstitutionala”
5335	1.0	Assad avertizeaza Turcia cu privire la „pretul scump” pentru sprijinirea rebelilor sirieni	Cabinetul e in razboi din cauza inarmarii rebelilor sirieni
5336	1.8	Actiunile din India inchid in scadere	Actiunile din Hong Kong inchid cu crestere de 2.33%
5337	2.8	19 morti, 42 raniti in atacurile violente din Irak	43 morti, 86 de raniti in atacurile din Irak
5338	3.8	Indian acuzat de viol asteapta verdictul	Indian acuzat de viol gasit vinovat
5339	3.6	In urma discutiilor s-a ajuns la un acord nuclear cu Iranul	Acordul nuclear cu Iranul a fost incheiat dupa o disputa de zeci de ani
5340	0.0	Purtator de cuvant al armatei egiptene denunta incitarea impotriva armatei	Anuntul Ministerului Muncii urmeaza sa fie facut public luni
5341	5.0	Snowden nu vede „nicio sansa” pentru un proces echitabil in SUA	Snowden nu vede „nicio sansa” de a avea parte de un proces echitabil din SUA
5342	2.2	Titluri importante in principalele ziare din Iran din 30 decembrie	Titluri importante in principalele ziare din Iran din 6 iulie
5343	0.2	Zeci de raniti intr-un accident feroviar din Connecticut	Ministru indian decedat intr-o coliziune frontala
5344	5.0	Regina viziteaza noul print al Marii Britanii	Regina il intalneste pe noul bebelus regal al Marii Britanii
5345	1.0	Ucraina: trei oameni ucisi in protestele parlamentare	Presedintele Ucrainei solicita discutii pentru a pune capat protestelor
5346	4.4	Operatorul unui carusel a fost acuzat in accidentul de la targul din N.C.	Operatorul unui carusel de la Targul Statal N.C. a fost arestat dupa un accident
5347	3.6	Stenograma releva confuzie cu privire la evacuarea feribotului sud-coreean	Stenograma releva confuzie cu privire la evacuarea feribotului
5348	0.2	Pompierii americani cazuti la datorie adusi acasa	Bursa de pe Wall Street inchide in scadere usoara
5349	4.8	Regimul sirian este de acord sa participe la conferinta de pace	Rusia: Siria este de acrod sa participe la conferinta
5350	3.4	Marea Britanie voteaza impotriva interventiei militare	Marea Britanie respinge interventia militara in Siria
5351	4.4	Noua Zeelanda va legaliza casatoria intre persoane de acelasi sex	Noua Zeelanda va legaliza casatoria intre persoanele de acelasi sex
5352	3.0	Actiunile de pe bursa din Singapore inchid cu crestere de 0.37%	Actiunile de pe bursa din Singapore inchid cu o crestere de 0.41%
5353	1.8	Presedintele Venezuelei va vizita China	Presedintele Senegalului va vizita China
5354	3.6	Protestatarii din Cairo sfideaza amenintarea cu represiunea	In taberele din Cairo, protestatarii raman pe pozitii si continua sa supravietuiasca
5355	3.0	Cautarea avionului disparut se indreapta spre insulele vietnameze	Un avion disparut al companiei Malaysia Airlines „s-a prabusit in largul Vietnamului”
5356	1.0	Un oficial al companiei Malaysia Airlines informeaza rudele pasagerilor disparuti despre progresele cautarii	Compania Malaysia Airlines ancheteaza copilotul in cazul avionului disparut
5357	2.2	Starurile i-au adus un omagiu lui Cory Monteith	Starurile i-au adus un omagiu lui James Garner
5358	5.0	Un angajat al aeroportului din Los Angeles acuzat de amenintari in ziua comemorarii atentatului din 9/11	Un angajat al aeroportului din Los Angeles acuzat de amenintari in ziua comemorarii atentatului din 9/11
5359	2.2	Recomandarile de lectura The Note pentru vineri, 24 mai 2013	Recomandarile de lectura The Note pentru vineri, 24 mai 2013
5360	4.8	Hat trick-ul lui Cristiano Ronaldo a trimis Portugalia in finalele Campionatului Mondial de Fotbal din 2014	Hat trick-ul lui Ronaldo a trimis Portugalia in Campionatul Mondial de Fotbal
5361	3.0	Printul Philip al Marii Britanii e pregatit pentru o operatie „exploratorie”	Printul Philip al Marii Britanii internat in spital
5362	3.6	Japonia incepe dezbaterile cu privire la impozitul pe vanzari, fostul delegat bancar solicita o crestere treptata	Japonia incepe dezbaterile cu privire la propunerile de majorare a impozitelor
5363	1.0	Trei atacuri cu bomba ucid sase soldati si un civil	Atacul cu bomba de la o scoala din sudul Thailandei a ucis doua persoane
5364	3.8	Pelerini italieni au murit intr-un accident de autobuz	Pasageri morti in urma accidentului unui autobuz
5365	5.0	Un nou cutremur puternic a lovit regiunea pakistaneza devastata	Un nou cutremur puternic a lovit regiunea pakistaneza devastata
5366	4.6	Opozitia siriana ii ofera lui Assad un armistitiu in Homs pe durata Ramadanului	Opozitia siriana ofera un armistitiu fortelor lui Assad pe durata Ramadanului
5367	2.2	Cel putin 20 de morti in urma atacurilor din Somalia	Cel putin 60 de morti in urma unui atac dintr-o inchisoare din Irak
5368	4.6	Atacatorii de la mallul Westgate din Nairobi au petrecut patru luni facand planuri	Atacatorii de la mallul Westgate din Nairobi au petrecut patru luni facand planuri, spune un oficial
5369	4.8	Consiliul de Securitate al ONU solicita incetarea focului in Gaza din motive umanitare	Consiliul de Securitate al ONU solicita incetarea neconditionata a focului in Gaza din motive umanitare
5370	2.0	CENC: Cutremur cu magnitudinea de 6.3 pe scara Richter loveste Honshu, Japonia	CENC: Cutremur cu magnitudinea de 6.7 pe scara Richter zguduie Taiwanul
5371	2.2	Actiunile chineze inchid marti in crestere	Actiunile chineze inchid miercuri in scadere
5372	2.4	O masina capcana ucide 58 de oameni in capitala Irakului	Masini capcana ucid 13 civili in capitala Irakului
5373	2.6	Protestatarii ucraineni ies din nou in strada pentru un miting anti-guvern	Protestatarii ucraineni darama statuia lui Lenin din Kiev
5374	2.2	Bilantul mortilor in urma exploziei unui tren de marfa din Canada a ajuns la trei si se asteapta sa creasca	Guvernul canadian „monitorizeaza” situatia exploziei trenului
5375	2.4	Nigel Farage solicita guvernului sa lase refugiatii sirieni in Marea Britanie	„Niciun plan” pentru relocarea refugiatilor sirieni in Marea Britanie
5376	0.2	Politicianul israelian Peres solicita revenirea la discutiile de pace	Gonsalves mentine presiunea asupra Republicii Dominicane
5377	1.8	Yuanul chinezesc s-a apreciat marti la 6.1184 fata de dolarul american	Yuanul chinezesc s-a depreciat la 6.1510 fata de dolarul american
5378	1.6	Radio: Israelul va intensifica procesul de eliberare a prizonierilor palestinieni	SUA: Israelul va intarzia eliberarea prizonierilor palestinieni
5379	2.4	Sustinatorii lui Morsi resping planul	Sustinatorii lui Morsi marsaluiesc in Egipt
5380	0.2	Surse - Instanta din Egipt condamna la moarte 10 sustinatori ai Fratiei	Premierul turc le spune sustinatorilor sa se pregateasca pentru mitinguri
5381	1.4	Obama critica uciderea a 3 tineri israelieni	Trupurile neinsufletite ale tinerilor israelieni disparuti au fost gasite in Cisiordania
5382	0.0	Un grup de barbati a incercat sa decapiteze un soldat pe o strada din Londra, instanta face audieri	Australia a spionat presedintele Indoneziei: rapoarte
5383	3.4	Protestatarii ucrainieni reconstruiesc baricadele	Putin vorbeste despre Ucraina, protestatarii reconstruiesc baricadele
5384	2.4	Mel Smith moare la 60 de ani si Marea Britanie deplange un favorit al comediei	Griff Rhys Jones: Mel Smith a fost „o forta vitala”
5385	1.6	Trei morti si 63 de raniti dupa prabusirea unor cladiri din New York	Doi morti si 9 raniti in urma unei cladiri ce s-a prabusit in Franta
5386	1.6	Actiunile chineze inchid marti in crestere	Actiunile chineze inchid joi in scadere
5387	3.0	India Ink: Fotografia zilei: 2 iulie	India Ink: Fotografia zilei: 4 martie
5388	3.6	Musulmanii asiatici sarbatoresc Eid, in timp ce 14 oameni au fost ucisi in Afganistan	Musulmanii asiatici sarbatoresc Eid in timp ce 52 de oameni au murit in Pakistan si Afganistan
5389	0.4	Minele de carbune din Rusia cauta noi piete de desfacere in China	Ministrul de externe al Rusiei se va intalni cu seful ONU
5390	1.4	Protestatarii pro-rusi ai Ucrainei cer o autonomie mai mare	Protestatarii sudanezi cer demiterea regimului
5391	3.2	Armata irakiana lupta pentru a recupera Tikritul	Armata irakiana revendica victoria in Tikrit
5392	1.2	Iranul critica presupusul atac aerian israelian asupra Siriei	Democratii se confrunta cu o scindare in legatura cu un potential atac asupra Siriei
5393	2.6	Israelul este de acord sa prelungeasca armistitiul din Gaza cu patru ore	Se pare ca Israelul si Hamas sunt de acord cu armistitiul de 12 ore
5394	3.2	Incendiu la o statie de autobuz din Coreea de Sud ucide 5 oameni	Incendiu la o statie de autobuz din Coreea de Sud ucide 7 oameni
5395	3.4	Patru civili, trei soldati NATO ucisi in Afganistan	Trei soldati NATO ucisi in Afganistan
5396	1.6	Protestatarii inunda strazile pentru a revendica revolutia	Egipt: Protestatarii au luat cu asalt sediul Fratiei Musulmane
5397	2.8	Actiunile din Tokyo deschid in scadere cu 0.24%	Actiunile din Tokyo deschid in crestere cu 0.52%
5398	4.6	Australia inapoiaza solicitantii de azil politic Sri Lankai printr-un transfer maritim	Australia: Australia restituie solicitantii de azil politic Sri Lankai
5399	0.2	Victimele exploziei de la Shankill vor fi comemorate	Trupul victimei crocodilului a fost recuperat
5400	1.4	118 persoane ucise in exploziile gemene din Nigeria	Zece morti in noua explozie din Rusia
5401	4.4	Starul din Glee, Cory Monteith, gasit mort in camera de hotel din Canada	Starul din Glee, Cory Monteith, gasit mort
5402	0.4	Bilantul mortilor in urma taifunului Yolanda urca la 3,621	Crucea Rosie din Kenya spune ca numarul mortilor creste la 68
5403	1.8	Actiunile bursei din Tokyo inchid cu o crestere de 0.13%	Actiunile bursei din Tokyo inchid cu o scadere de 0.75%
5404	3.6	Iranul spune ca este pregatit pentru o noua runda de discutii pe teme nucleare	Politicianul iranian Khamenei reafirma sprijinul pentru dezbaterile privind domeniul nuclear
5405	4.4	Ciocnirile dintre politie si protestatari continua in Turcia	Politia turca lupta impotriva protestatarilor, eliberand piata
5406	1.2	Celor care li s-au refuzat cardurile de sanatate sunt indemnati sa contacteze HSE	Seful HSE apara planul cardurilor de sanatate
5407	0.0	Cea mai mare cladire din lume a fost deschisa in vestul Chinei	Partidul de centru-stanga al Italiei se fragmenteaza in urma votului de la alegerile prezidentiale
5408	1.2	Israelian usor ranit de pietre in Cisiordania	Trupele israeliene ucid un palestinian in raidul din Cisiordania
5409	3.2	Numarul mortilor din protestele din Egipt creste la 49	Numarul mortilor in violentele din Egipt creste la 638
5410	3.0	Opozitia siriana este de acord cu negocierile de pace	Opozitia din Siria e presata sa participe la discutii
5411	0.0	Statisticile saraciei pun la indoiala afirmatiile lui Modi legate de dezvoltare	GM va incepe sa accepte cererile de compensare pentru rechemare de la 1 august
5412	0.0	Rebelii pro-Rusia vor organiza alegeri in Ucraina	Rebelii sirieni : Am ucis oameni din Hezbollah in Liban
5413	2.6	Georgienii voteaza noul presedinte	Aliatul premierului miliardar al Georgiei va fi presedinte - exit poll
5414	4.2	Boala respiratorie MERS gasita in SUA, confirma oficialii	Primul caz de MERS, o boala respiratorie asemanatoare SARS, raportat in America de Nord
5415	4.8	UE declara organizatia militara Hezbollah ca fiind o grupare terorista	UE pune organizatia militara a Hezbollah pe lista teroristilor
5416	1.8	Germania saluta acordul nuclear al Iranului	Siria saluta acordul nuclear al Iranului
5417	2.2	Ce spun ziarele, 25 iunie, 2013	Ce spun ziarele, 19 august, 2013
5418	4.8	Oameni inarmati ucid noua straini in Pakistan	Oameni inarmati ucid noua turisti in Pakistan
5419	1.8	2 comercianti indieni blocati in China au fost trimisi inapoi acasa	46 de asistente medicale indiene blocate in Irak se intorc acasa
5420	3.6	Guvernatorul Californiei declara stare de urgenta din cauza secetei	Guvernatorul Californiei declara stare de urgenta din cauza secetei, in timp ce incendiile de padure continua
5421	0.4	Discutiile de pace cu palestinienii ar dura luni: un oficial al Israelului	O fetita palestiniana de 3 ani ucisa in raidul israelian
5422	0.6	17:02 23 de oameni ucisi in atentatele cu masini din Irak	11 copii ucisi in atentatele din Siria
5423	1.2	Doi morti si mai multi oameni captivi intr-o cladire ce s-a prabusit recent in Mumbai	Doi oameni captivi intr-o cladire ce s-a prabusit in SUA
5424	0.0	Atacurile aeriene ucid zeci de oameni in nordul Siriei	Ucraina nu va ceda niciun milimetru in cazul Crimeei
5425	1.4	Turist chinez rapit din Malaezia	China inapoiaza 10 copii rapiti din Vietnam
5426	2.2	Inspectorii ONU saluta progresul asupra armelor chimice din Siria	SUA nu a concluzionat ca Siria a folosit arme chimice - Casa Alba
5427	0.0	Doua arestari efectuate dupa protestul impotriva lui Nigel Farage	Kerry promite ca s-au facut progrese dupa cea mai recenta calatorie din Orientul Mijlociu
5428	2.4	Oameni inarmati ucid 15 soldati libieni	Oameni inarmati ucid 3 soldati libieni langa Siria
5429	4.4	Imaginile arata ca operatiunea Costa Concordia a fost finalizata	Cronologia operatiunii Costa Concordia
5430	5.0	Dezbaterile din Iran privind domeniul nuclear intra in a treia zi	Dezbaterile cruciale din Iran privind domeniul nulear intra in a treia zi
5431	5.0	Protestatarii se aduna in Brazilia, in ciuda concesiilor	Protestele matura Brazilia in ciuda concesiei
5432	4.6	Premierul australian Kevin Rudd convoaca alegerile pe 7 septembrie	Premierul australian Rudd convoaca alegeri pe 7 septembrie
5433	3.0	Se preconizeaza ca dezbaterile privind domeniul nuclear din Iran vor continua saptamana aceasta	Marea Britanie: dezbaterile privin domeniul nuclear din Iran ating un punct critic
5434	2.2	Bangkokul, tensionat in ajunul alegerilor thailandeze	Bangladesh: Represiunea escaladeaza inainte de alegeri
5435	0.0	China „va proteja interesele” afacerilor straine	Obama in confruntare „directa” cu Putin in legatura cu Ucraina
5436	5.0	D.C. voteaza pentru dezincriminarea marijuanei	DC voteaza pentru dezincriminarea marijuanei
5437	0.0	Numerosi morti in urma scufundarii unei nave langa Australia	Mandela isi petrece a treia zi in spital
5438	2.6	Presedintele Coreei de Nord, Kim, saluta executia unui unchi puternic	Intriga nord-coreeana: Executia puterii
5439	4.2	Margaret Thatcher moare dupa un accident vascular cerebral	Margaret Thatcher moare la 87 de ani
5440	2.4	Presedintele chinez soseste in Olanda pentru o vizita de stat, summitul nuclear	Presedintele chinez ajunge in Venezuela pentru o vizita de stat
5441	2.4	Israel sanctioneaza palestinienii intr-o noua lovitura adusa negocierilor de pace	Israelul va elibera prizonierii palestinieni ca parte a acordului de relansare a negocierilor de pace
5442	4.8	Cameraman Sky News din Marea Britanie a fost ucis in Egipt	Cameraman Sky News ucis in Egipt
5443	4.4	Volumul actiunilor creste in tranzactiile de dimineata	Volumul actiunilor creste usor in tranzactiile de dimineata
5444	1.4	Expert audio de la FBI depune marturie in procesul Zimmerman	Incepe selectia juriului in procesul lui Zimmerman
5445	4.4	Dezbaterile din Iran privind domeniul nuclear vor fi extinse pana in noiembrie	Dezbaterile din Iran privind domeniul nuclear vor fi extinse pana in 24 noiembrie
5446	1.2	Suspectul atentatului cu bomba de la Maratonul din Boston va aparea in fata instantei	Suspectul atentatului cu bomba de la Maratonul din Boston inmormantat
5447	3.2	Bilantul mortilor in urma prabusirii unei cladiri din India ajunge la 42	Bilantul mortilor in urma prabusirii unei cladiri din India ajunge la 25
5448	0.4	Obama anunta crearea de centre de productie gemene	Actiunile SUA in scadere dupa publicarea datelor referitoare la productie
5449	4.8	Cinci persoane acuzate de terorism	Cinci persoane acuzate de terorism
5450	0.8	Presedintele Obama dezvaluie planurile de retragere a trupelor din Afganistan pana in 2016	Incetarea activitatii guvernului SUA: Obama le spune republicanilor sa renunte la amenintarea economiei SUA daca vor dezbateri
5451	2.6	SUA, NATO se indoiesc ca Rusia s-a retras de la granita Ucrainei	Niciun semn in legatura cu retragerea Rusiei de la granita Ucrainei, spune un oficial
5452	3.4	Actualizare FTSE Bursa Malaysia: ora 11.30 am	Actualizare FTSE Bursa Malaysia: ora 3.00 pm
5453	2.8	Cautarea elicopterului prabusit in Glasgow se incheie	Prabusirea elicopterului in Glasgow: femeia pilot este victima
5454	3.2	Citate in stiri	Citatele zilei
5455	1.8	Philip paraseste spitalul dupa 11 zile	Mandela paraseste spitalul dupa 10 zile
5456	4.6	Fragmentul de os „ar putea apartine regelui Alfred”	Ramasitele din Winchester ar putea apartine regelui Alfred cel Mare
5457	3.8	Israelul elibereaza al doilea grup de prizonieri palestinieni	Israelul elibereaza 26 de prizonieri palestinieni
5458	3.8	Doi parasutisti au murit in SUA dupa ce s-au ciocnit in timpul sariturilor	Doi parasutisti au murit in Arizona dupa ce s-au ciocnit in timpul sariturilor
5459	3.8	Jetpack-urile „Iron Man” starnesc ingrijorari in Hawaii	Jetpack-urile „Iron Man” starnesc ingrijorari
5460	4.6	Israelul elibereaza prizonieri palestinieni	Israelul elibereaza 26 de prizonieri palestinieni
5461	2.6	Franta spune ca nu va „ocoli responsabilitatile” in Siria	Franta indeamna UE sa fie unita in ceea ce priveste Siria
5462	3.4	Suspectul atentatului cu bomba din Boston identificat de camerele de supraveghere, nicio arestare	Suspectul atentatului cu bomba din Boston se afla sub supravegherea FBI-ului, spune mama acestuia
5463	3.2	Furia Chinei fata de Coreea de Nord depaseste ingrijorarea fata de SUA	Furia Chinei fata de Coreea de Nord depaseste ingrijorarea cu privire la avioanele invizibile americane
5464	2.2	Yuanul chinezesc s-a apreciat la un nou maxim fata de dolarului american	Yuanul chinezesc s-a depreciat la 6.1705 fata de dolarul american
5465	3.2	Barbat retinut dupa ce a impuscat un tanar in Belfast	Barbat de 40 de ani arestat dupa ce a tras cu arma
5466	1.2	Politia opreste alegerile prezidentiale din Maldive	Keita castiga alegerile prezidentiale din Mali
5467	3.6	Armata indiana a ucis 3 militanti in Kashmir, oras controlat de indieni	Armata indiana a ucis un comandant militant in Kashmir, oras controlat de indieni
5468	1.2	Masina capcana ucide 20 de oameni in nord-vestul Siriei	Masina capcana ucide 40 de oameni in nord-vestul Pakistanului
5469	0.4	Iranul face schimb de petrol cu ​​vecinii din est	Iranul solicita imediata eliberare a diplomatului
5470	0.0	Presedintele Turciei face apel la calm	Statul texas aproba temporar legea avortului
5471	2.8	Coreea de Nord a efectuat un test balistic, lansand 30 de rachete in mare	Coreea de Nord „trage 100 de obuze” in mare
5472	2.2	Un barbat din comitatul Donegal a murit dupa ce i-a luat foc casa	O femeie din comitatul Cork a murit dupa ce i-a luat foc casa
5473	0.6	Explozia unei butelii de gaz din Doha a ucis 12 oameni si a ranit zeci de persoane	Racheta din Siria ucide 26 de oameni, inclusiv 8 copii
5474	0.2	Sectiile de votare se deschid in cadrul alegerilor prezidentiale din Ucraina	Incep nominalizarile pentru e.TV premiile pentru cele mai influente persoane din Ghana
5475	2.6	India Ink: Fotografia zilei: 21 aprilie	India Ink: Fotografia zilei: 2 mai
5476	5.0	Doi jurnalisti francezi ucisi in Mali	Franta confirma ca doi jurnalisti francezi au fost ucisi in Mali
5477	3.2	Oamenii inarmati ucid 9 turisti in Pakistan	Oameni inarmati ataca un hotel dintr-o zona izolata a Pakistanului
5478	4.6	Israel si Hamas vor respecta scurtul armistitiu din Gaza	Israel si Hamas „accepta un armistitiu temporar”
5479	0.4	Regiunea tensionata Xinjiang din China, lovita de mai multe violente	Populatia din mediul online al Chinei creste la 618 milioane
5480	3.8	Incaierari in China intre rudele victimelor si politie dupa ce un incendiu a ucis 120 de persoane	Familiile furioase solicita raspunsuri dupa ce un incendiu la o fabrica din China a ucis 119 oameni
5481	2.4	Iranul respinge cererea privind bombele cu clor	Iranul respinge cererea MKO privind situl nuclear
5482	3.8	Sotia unui ministru indian a suferit o „moarte misterioasa” dupa aparitia unor zvonuri despre o aventura?	Moartea „nefireasca” a sotiei ministrului
5483	0.2	3 morti si 1 ranit intr-un schimb de focuri de la un motel de pe malul oceanului din Carolina de Sud	4 morti si 30 de raniti intr-un accident feroviar de langa Moscova
5484	1.0	Inmormantarea suspectului atentatului cu bomba din Boston pare legala	„Gata sa plec acasa”:Ultima victima a atentatului cu bomba din Boston paraseste spitalul
5485	1.2	5 morti in urma prabusirii unui drum din sudul Chinei	02:41 156 de morti intr-un cutremur din China
5486	0.0	Presedintele Africii de Sud: Mandela se simte mai bine	Presedintele Afganistanului amana semnarea acordului cu SUA
5487	0.6	Actualizari despre stirile internationale, ce trebuie sa stiti	Cota de impozitare a muncii de 50p: ce trebuie sa stiti
5488	1.2	Razboiul civil din Siria in fotografii	Negocierile de pace legate de razboiul civil din Siria sunt in pericol din cauza invitarii Iranului
5489	1.0	Abdullah isi mareste avansul in alegerile prezidentiale afgane	Explozii auzite langa palatul prezidential afgan
5490	4.2	Imran invinuieste rivalul pentru uciderea colegului	Prim-ministrul pakistanez Imran isi invinovateste rivalul pentru uciderea unui membru al partidului
5491	2.8	Bangladesh onoreaza victimele de la fabrica	Comerciantii sustin pactul de siguranta al fabricilor din Bangladesh
5492	3.0	Barbatul care si-a dat foc in National Mall a murit	Un barbat care si-a dat foc in National Mall a fost dus la spital
5493	5.0	Japonia isi apara vanatoarea de delfini dupa ce a fost criticata de SUA	Japonia isi apara vanatoarea de delfini dupa criticile primite de la SUA
5494	1.4	O bomba a explodat la un centru comercial din Nigeria, 12 morti	Bomba explodeaza inainte de mitingul opozitiei indiene omorand 4 oameni
5495	3.4	Bilantul mortilor taifunului din Filipine ajunge la 4.460: ONU	Bilantul mortilor taifunului din Filipine trece de 5,000
5496	0.6	Politia trage cu gaze lacrimogene in protestatarii venezueleni	Mostenitorul lui Chavez, Maduro, castiga presedintia Venezuelei
5497	1.8	Valul de atacuri ucide cel putin 95 de persoane in Irak	Atentat sinucigas ucide cel putin 12 oameni in nordul Irakului
5498	3.4	Consilier politic de top din China se intalneste cu prim-ministrul grec	Consilierul politic de top din China se intalneste cu presedintele Yemenului
5499	4.0	Diplomat palestinian ranit intr-o explozie din Praga	Diplomat palestinian ranit intr-o explozie dintr-un apartament
5500	5.0	Liderul Ucrainei promite dezbateri in legatura cu criza	Liderul Ucrainei promite dezbateri in legatura cu criza
5501	3.0	7 morti in atacurile din Irak	16 morti intr-o serie de atacuri in Irak
5502	1.2	Prezenta armatei americane in Asia de Est	NATO creste prezenta militara pe fondul amenintarii rusesti
5503	5.0	SUA considera ca guvernul sirian a folosit arme chimice	SUA suspecteaza ca Siria a folosit arme chimice
5504	4.0	Puterile mondiale si Iranul vor relua dezbaterile privind domeniul nuclear pe 30 decembrie	Experti in domeniul nuclear din Iran si puterile mondiale vor continua dezbaterile saptamana viitoare
5505	1.4	Fratia Musulmana din Egipt refuza sa cedeze	Instanta din Egipt l-a condamnat pe liderul Fratiei Musulmane la inchisoare pe viata
5506	2.2	Cel putin 6 morti in Canada in urma unui accident dintre un autobuz si un tren	Cel putin 6 morti in accidentul feroviar din Paris
5507	1.8	Presedintele chinez se intalneste cu premierul grec, cerand un parteneriat mai puternic	Presedintele chinez se intalneste cu vicepresedintele indian
5508	5.0	AstraZeneca plateste 4.1 miliarde de dolari pentru a cumpara partea Bristol-Myers Squibb din alianta in privinta diabetului	AstraZeneca va cumpara partea Bristol din cadrul asocierii pentru diabet, pentru 4.1 miliarde de dolari
5509	0.0	Fugar italian arestat in Republica Dominicana	Un spargator de gheata australian ajunge in Antarctica de Est pentru o noua tentativa de salvare
5510	1.4	India si SUA vor discuta despre China saptamana viitoare	Egiptul va purta mai multe discutii cu FMI despre imprumut saptamana viitoare
5511	4.8	Israelul declanseaza o ofensiva terestra in Gaza	Israelul lanseaza o ofensiva terestra in Gaza
5512	3.8	Ehud Olmert, fost prim-ministru israelian, condamnat la sase ani de inchisoare pentru coruptie	Ehud Olmert a fost condamnat la sase ani de inchisoare in Israel
5513	3.8	Brahimi isi cere scuze Siriei pentru lipsa progresului in ceea ce priveste instaurarea pacii	Mediatorul isi cere scuze sirienilor pentru lipsa progresului in ceea ce priveste pacea
5514	0.4	Protestatarii egipteni emit un ultimatum pentru demisia lui Morsi	Protestatarii din Ucraina se lupta cu politia in noi ciocniri
5515	0.0	5 lucruri de stiut despre Jocurile Olimpice de la Soci	7 lucruri de stiut despre etanol
5516	2.6	Actiunile de pe bursa din China deschid miercuri in scadere	Actiunile de pe bursa din China inchid luni in scadere
5517	3.4	SUA intarzie testul balistic pe masura ce tensiunile cresc	William Hague: Decizia SUA de a opri testul balistic a fost inteleapta
5518	5.0	Un incendiu in Beijing ucide 10 oameni	Un incendiu in Beijing ucide 10 oameni
5519	3.8	India si China semneaza un pact pentru granita; alte 8 acorduri	India si China semneaza un acord pentru raurile transfrontaliere
5520	5.0	Venezuela exileaza trei diplomati americani	Venezuela exileaza 3 diplomati americani
5521	5.0	Un nor urias de smog intr-un oras din nordul Chinei, zboruri anulate	Un nor urias de smog intr-un oras din nordul Chinei, zboruri anulate
5522	1.4	Rusia sustine ca a dejucat un posibil atentat terorist	Rusia spune ca „obiecte” balistice au fost trase in Marea Mediterana
5523	0.4	3 turisti chinezi ucisi in Pakistan	Sapte rapitori au fost ucisi in sudul Nigeriei
5524	0.0	Cupa Mondiala de Rugby Sevens, la indemana Kenyei	Conflict al stilurilor la deschiderea procesului privind decesul unui tanar
5525	2.6	Oameni inarmati ucid 10 turisti straini in nordul Pakistanului	Militanti islamisti au ucis 9 turisti straini si un pakistanez
5526	3.4	Austriac descoperit depozitand 56 de cranii furate intr-un muzeu privat	Cranii furate gasite intr-un muzeu privat
5527	5.0	Egiptul lanseaza o ofensiva impotriva militantilor din Sinai	Egiptul lanseaza o ofensiva impotriva insurgentilor din Sinai
5528	4.0	Valul record de caldura din sud-vest devine fatal	Cel putin un mort si 40 de persoane internate din cauza valului de caldura din sud-vest
5529	4.6	Curte americana: Detroit este eligibil pentru protectia impotriva falimentului	Detroit este eligibil pentru protectia impotriva falimentului
5530	4.2	Autoarea britanica castigatoare a premiului Nobel, Doris Lessing, a murit	Autoarea castigatoare a premiului Nobel, Doris Lessing, a murit
5531	4.8	Guvernul israelian autorizeaza noi asezari inainte de dezbateri	Israelul aproba noi zone de locuit inainte de dezbaterile despre pace
5532	1.6	Liderul talibanilor pakistanezi a fost ucis intr-un atac american cu drone	Inmormantarea liderului talibanilor pakistanezi „pregatita sa aiba loc”
5533	3.6	Putin semneaza tratatul de anexare a Crimeei	09:32 Putin semneaza anexarea Crimeei
5534	1.8	Administratia Federala a Aviatiei din SUA continua sa interzica zborurile americane catre Tel Aviv	Administratia Federala a Aviatiei din SUA ridica interdictia zborurilor americane catre Tel Aviv
5535	3.2	Delegatul chinez respinge acuzatiile vietnameze si filipineze asupra Marii Chinei de Sud	Politicianul Xi din China spune ca Vietnamul doreste pace in Marea Chinei de Sud
5536	2.8	Inca patru persoane arestate in cadrul celui mai mare sindicat ilegal de importuri de tutun din Australia	Politia are in vizor sindicatul ilegal care se ocupa cu importul de tutun
5537	0.4	Obama actioneaza pentru a intregi comitetul Rezervei Federale, il numeste pe Fischer vicepresedinte	Obama isi exprima dorinta de a discuta cu Partidul Republican in legatura cu bugetul
5538	1.6	Presedintele Iranului critica utilizarea armelor chimice in Siria	Cercetararile arata posibila utilizare a armelor chimice in Siria
5539	0.4	O societate care se destrama la margini	Vechile aliniamente TV se distrug la margini
5540	5.0	Natiunile Unite invita Iranul la Conferinta de Pace din Siria	Natiunile Unite: Iranul invitat sa participe la Conferinta de Pace din Siria
5541	0.0	Numarul mortilor din accidentul de autobuz din Italia se afla in crestere	Starbucks le ofera angajatilor sansa la studii superioare
5542	4.2	Arbitrul de fotbal lovit de un jucator a murit	Politia: Arbitrul de fotbal din Utah lovit cu pumnul de un jucator a murit
5543	0.4	Angela Merkel se indreapta spre o victorie la limita la alegerile din Germania	Noul presedinte al Malawi a depus juramantul dupa alegeri contestate
5544	1.2	Israelul inchide 37 de palestinieni in timp ce operatiunea de arestare continua	Israelul critica pozitia palestiniana fata de localnici
5545	1.2	Rebelii ucid 21 de civili in satul alauit din Siria	Bomba ucide 18 civili in Afganistan
5546	5.0	Oameni din lumea intreaga trimit ajutor de urgenta catre greu incercatul Filipine	Taifunul Haiyan: Oameni din lumea intreaga trimit ajutoare catre greu incercatul Filipine
5547	1.2	Palestinianul in greva foamei ajunge la un acord cu Israelul	Activist palestinian retinut in urma unui raid israelian
5548	4.8	Assad spune ca Siria va respecta rezolutia ONU privind armele	Presedintele Siriei, Assad, jura ca va respecta rezolutia ONU
5549	4.6	Presedintele sud-coreean isi exprima scuzele privind reactia in cazul feribotului	Presedintele Coreei de Sud „isi cere scuze” pentru catastrofa feribotului
5550	0.0	Cresterea pretului alimentelor produce ingrijorari in Iran	Americanul Chris Horner castiga Turul Spaniei
5551	2.0	Obama a luat o decizie de ultima ora cu privire la decizia in legatura cu Siria	Obama analizeaza limitarea actiunilor militare in Siria
5552	4.0	Un sofer intra cu spatele masinii intr-un carucior cu un copil, apoi paraseste zona	Un sofer loveste cu spatele masinii o mama si un copil in carucior, apoi paraseste zona
5553	5.0	Printesa Spaniei depune marturie in procesul istoric de frauda	Printesa Spaniei depune marturie in procesul istoric de frauda
5554	5.0	Senatul confirma persoana numita de Obama la o curte de apel cheie	Senatul aproba persoana numita de Obama la o curte de apel cheie
5555	5.0	Seful ONU pentru drepturile omului preseaza Egiptul cu privire la detentia lui Morsi	Seful ONU pentru drepturile omului preseaza Egiptul cu privire la detentia lui Morsi
5556	5.0	Senatul din SUA a confirmat-o pe Janet Yellen in functia de sef al Rezervei Federale SUA	Senatul din SUA a confirmat-o pe Janet Yellen ca viitor sef al Rezervei Federale SUA
5557	5.0	Grupurile rebelilor sirieni se lupta intre ele in nord	Grupurile rebelilor sirieni se lupta intre ele in nord
5558	3.0	Mayawati cere guvernarea presedintelui in Kashmir	Mayawati cere guvernarea presedintelui in Jammu si Kashmir
5559	4.0	Presedintele Ugandei semneaza proiectul de lege impotriva homosexualilor	Presedintele Ugandei aproba legea dura impotriva homosexualilor
5560	5.0	Se arunca cu pietre si gaze lacrimogene pe masura ce protestele din Thailanda iau amploare	Se arunca cu pietre si gaze lacrimogene pe masura ce protestele din Thailanda iau amploare
5561	5.0	Suspectul atentatului cu bomba de la Maratonul din Boston inmormantat in Virginia	Suspectul atentatului cu bomba de la Maratonul din Boston inmormantat intr-un cimitir din Virginia
5562	5.0	Sase morti in explozia dintr-un restaurant din Filipine	6 morti in explozia dintr-un restaurant din Filipine
5563	5.0	Ziarul armatei chineze ataca programul american PRISM	Ziarul armatei chineze ataca programul american PRISM
5564	4.0	Silvio Berlusconi exclus din parlamentul italian	Silvio Berlusconi exclus din parlament
5565	5.0	Doi morti in explozia unei masini din Bahrain	Doi morti in explozia unei masini din Bahrain
5566	5.0	Rusia avertizeaza ca va riposta daca ii sunt atacate interesele din Ucraina	Rusia avertizeaza ca „va riposta” daca ii sunt atacate interesele din Ucraina
5567	4.0	Rejudecarea lui Hosni Mubarak a fost amanata pana pe 8 iunie	Rejudecarea lui Hosni Mubarak a fost amanata pe iunie
5568	4.0	Protestatarii din Egipt sfideaza amenintarea cabinetului de a pune capat demonstratiilor	Protestatarii din Egipt sfideaza amenintarea cabinetului
5569	5.0	Un cuplu s-a casatorit printr-o prima ceremonie scientologica oficiata in Marea Britanie	Un cuplu s-a casatorit la prima ceremonie scientologica oficiata in Marea Britanie
5570	4.0	Emirul Qatarului ii cedeaza puterea fiului sau	Emirul Qatarului ii cedeaza puterea fiului sau, Tamim
5571	3.0	Temeri ca bilantul mortilor in urma taifunului din Filipine va ajunge la 7,000	Bilantul mortilor in urma taifunului din Filipine depaseste 5,000
5572	4.0	Egiptul se pregateste de „Vinerea furiei” dupa carnagiu	Egiptul se pregateste de „Vinerea furiei” dupa represiuni sangeroase
5573	4.0	Red Sox i-a invins pe Tigers cu 5 la 2 ajungand in World Series	Red Sox i-a invins pe Tigers ajungand in World Series
5574	4.0	China aterizeaza roverul Jade Rabbit pe luna	China aterizeaza un rover pe luna
5575	4.0	Parlamentul ucrainean demite presedintele	Parlamentul ucrainean voteaza demiterea presedintelui
5576	5.0	Parlamentarii din Venezuela se incaiera pe fondul tensiunilor electorale	Parlamentarii din Venezuela se incaiera pe fondul tensiunilor electorale
5577	5.0	Coreea de Nord avertizeaza strainii din Sud, recomandand evacuarea	Coreea de Nord ii avertizeaza strainii din Sud indemnand evacuarea
5578	4.0	Capitanul feribotului sud-coreean scufundat a fost arestat	Capitanul feribotului sud-coreean rasturnat a fost arestat
5579	3.0	Masini si soferi au plonjat in rau dupa prabusirea podului I-5 din Washington	Masini au plonjat in rau din cauza unui pod ce s-a prabusit in SUA
5580	5.0	Numarul mortilor din Siria depaseste acum 100.000	Pana acum, numarul mortilor din Siria a trecut de 100,000
5581	4.0	7 politisti filipinezi au fost ucisi intr-o ambuscada pusa la cale de rebelii comunisti	Rebelii comunisti au ucis opt politisti filipinezi
5582	3.0	Acuzarea afirma ca fostul presedinte al Egiptului, Morsi, va fi judecat pentru evadare din inchisoare si crima	Morsi, fostul presedinte al Egiptului, va fi judecat pentru evadare din inchisoare
5583	5.0	Dezbaterile din Iran privind domeniul nuclear intra in a treia zi	Dezbaterile din Iran privind domeniul nuclear intra in a treia zi cruciala
5584	3.0	Armata thailandeza instituie legea martiala	Armata thailandeza instituie legea martiala, neaga lovitura de stat
5585	4.0	O femeie a murit in timp ce se dadea intr-un carusel in Texas	O femeie a murit in timp ce se dadea intr-un carusel intr-un parc de distractii din Texas
5586	4.0	Autoarea castigatoare a premiului Nobel, Doris Lessing, a murit la 94 de ani	Autoarea castigatoare a premiului Nobel, Doris Lessing, a murit
5587	5.0	Peste 100 de morti din cauza unui taifun ce a lovit zona centrala a Republicii Filipine	Cel putin 100 de morti in urma taifunului ce a lovit Filipine
5588	4.0	In Chennai se inaugureaza, intr-un oficiu postal, primul ATM pentru depozite de economii	In Chennai se inaugureaza, intr-un oficiu postal, primul ATM pentru depozite de economii
5589	3.0	Israelul e de acord cu incetarea focului timp de 12 ore	Israelul e de acord cu armistitiul de 24 ore in Gaza
5590	3.0	USGS: Cutremur cu magnitudinea de 6.9 pe scara Richter loveste insula Sumatra din Indonezia	Cutremur cu magnitudinea de 6.9 pe scara Richter loveste o insula din Indonezia
5591	4.0	Un cascador britanic moare intr-un accident ce a implicat un costum special cu aripi	Un cascador britanic moare intr-un accident ce a implicat un costum special cu aripi in Alpi
5592	5.0	Ce ii determina pe indieni sa voteze? Dezbateri la Festivalul de Literatura din Jaipur	Ce ii determina pe indieni sa voteze? Dezbateri la Festivalul de Literatura din Jaipur
5593	4.0	Diamantul alb bate recordul la licitatia din Hong Kong	Diamantul alb obtine un record de 34 de milioane de dolari la licitatia HK
5594	3.0	Satelitul chinez identifica un obiect mare in zona de cautare	Malaezia: satelitul chinez a gasit un obiect in ocean
5595	5.0	Hamas indeamna Hezbollah sa retraga luptatorii din Siria	Hamas indeamna Hezbollah sa retraga fortele din Siria
5596	3.0	SUA si Rusia ajung la un acord cu privire la armele chimice ale Siriei	China saluta acordul SUA si Rusia privind armele chimice din Siria
5597	4.0	PSNI (Serviciul de Politie al Irlandei de Nord) a esuat in cazul ofiterilor RUC, declara tribunalul	13:23 PSNI (Serviciul de Politie al Irlandei de Nord) „a dezamagit familiile ofiterilor RUC”
5598	5.0	Actiunile in scadere din cauza castigurilor din retail	Actiunile in scadere din cauza castigurilor de la retaileri
5599	4.0	Elicopter al politiei s-a prabusit intr-un pub din Scotia	Eicopter al politiei s-a prabusit peste un bar din Scotia
5600	4.0	SUA creste presiunea asupra Israelului in timp ce ONU cere armistitiul din Gaza	SUA si ONU cresc presiunea asupra Israelului in ceea ce priveste Gaza
5601	4.0	Premierul australian spune ca semnalele „foarte puternice” provin de la cutia neagra	Premierul australian increzator ca sunetele provin de la zborul 370
5602	1.0	Starea de sanatate a lui Mandela „s-a imbunatatit”	Starea de sanatate a lui Mandela „s-a inrautatit in ultimele 48 de ore”
5603	4.0	Philippe devine regele Belgiei	Philippe urca pe tronul Belgiei divizate
5604	4.0	Partidul anticoruptie din India preia conducerea la New Delhi	Partidul anticoruptie din India preia conducerea guvernului la Delhi
5605	5.0	Spania aproba o noua lege restrictiva privind avortul	Guvernul spaniol aproba restrictii stricte privind avortul
5606	2.0	Obama ordona anchetarea Siriei privind „atacul cu gaze”	ONU solicita inspectarea Siriei privind atacul cu gaze
5607	5.0	S-a tras in resedinta ambasadorului Germaniei din Atena	S-a tras in resedinta ambasadorului Germaniei din Atena
5608	2.0	Figura centrala a opozitiei ucrainene, Timosenko, este eliberata	Liderul opozitiei din Ucraina vrea mai multe proteste
5609	3.0	Oklahoma investigheaza ce nu a mers bine in executia esuata	Un detinut din Oklahoma moare din cauza unui atac de cord in urma unei executii esuate
5610	5.0	Napolitano a fost ales pentru al doilea mandat ca presedinte al Italiei	Presedintele italian Napolitano a fost ales pentru al doilea mandat
5611	4.0	Curtea Internationala de Justitie a condamnat 6 croati din Bosnia pentru atrocitati	Curtea ONU pentru crime de razboi a condamnat 6 croati din Bosnia
5612	4.0	Un barbat saudit care avea o oala sub presiune a fost arestat pe aeroportul din Detroit	Un barbat saudit ce calatorea cu o oala sub presiune a fost arestat pe aeroportul din Detroit
5613	5.0	Coreea de Nord spune ca va trimite in judecata un cetatean american	Coreea de Nord spune ca turistul american retinut va fi judecat
5614	3.0	Protestele thailandeze se intensifica pe fondul violentelor	Protestatarii thailandezi cer greva generala
5615	3.0	Egiptul impune starea de urgenta dupa ce 95 de oameni au fost ucisi	Egiptul anunta stare de urgenta la nivel national timp de o luna
5616	4.0	Protestele cer „Dreptate pentru Trayvon”	In toata SUA, oamenii se aduna pentru „Dreptate pentru Trayvon”
5617	3.0	ONU avertizeaza asupra situatiei dificile a femeilor si copiilor din Homs, Siria	UNICEF cere acces sigur imediat pentru femei si copii in Homs
5618	4.0	Hagel si Dempsey infrunta Congresul in legatura cu bugetul Apararii	Hagel deplange modificarile „politice” ale bugetului american al apararii
5619	3.0	Sony va vinde ramura PC si va reduce locurile de munca	Sony va renunta la ramura PC, intr-o revizuire majora a activitatii
5620	2.0	Un barbat a ucis 4 persoane in California inainte sa fie impuscat mortal de politie	Politia: Atacator inarmat a ucis 6 persoane intr-un schimb de focuri din California
5621	2.0	Coreea de Nord deporteaza un american in varsta	Coreea de Nord deporteaza un veteran de razboi al SUA arestat
5622	1.0	Liderul cautarii indeamna la prudenta in ceea ce priveste constatarile legate de disparitia avionului malaezian	Cautatorii spera ca semnalele provin de la avionul malaezian disparut
5623	1.0	Mandela comemorat de familie, prin planificarea unei slujbe de pomenire pe stadion	Familia lui Mandela multumeste natiunii si lumii pentru sprijin
5624	4.0	Presedintele ucrainean a declarat ca s-a ajuns la un acord la discutiile in legatura cu criza	Rivalii Ucrainei semneaza un acord pentru a pune capat crizei
5625	2.0	Obama analizeaza limitarea actiunilor militare in Siria	Obama cere interventie militara impotriva Siriei, dar va cauta aprobarea Congresului
5626	4.0	Regimul spune ca prim-ministrul Siriei a supravietiuit unei tentative de asasinare	Prim-ministrul Siriei a supravietuit unei tentative de asasinare
5627	3.0	Iordania aleasa sa ocupe locul Arabiei Saudite in Consiliul de Securitate al ONU	Iordania aleasa in consiliul de securitate al ONU in locul Arabiei Saudite care a refuzat
5628	0.0	Cel putin 18 morti in urma exploziei unei bombe dintr-o moschee din Irak	Peste 60 de morti la o inmormantare din Irak
5629	3.0	Politia inconjoara protestatarii in Belfast inainte de G8	Protest pasnic anti-G8 desfasurat la Belfast
5630	1.0	George Zimmerman nu a fost gasit vinovat de uciderea lui Trayvon Martin	Verdictul in cazul lui George Zimmerman trimite stirile TV in zona dezbaterilor radio
5631	3.0	Zece persoane salvate in largul coastelor din Waterford si Dublin	Sase persoane salvate dupa ce o barca s-a rasturnat in Golful Dublin
5632	5.0	Mandela petrece a treia zi in spital	Mandela in spital pentru a treia zi
5633	2.0	Un mort in ciocnirile de la birourile Fratiei Musulmane din Cairo	Egipt: Protestatarii au luat cu asalt sediul Fratiei Musulmane
5634	2.0	Femeile saudite vor protesta impotriva interdictiei de a conduce masini	Femeile saudite conduc masini in semn de protest, fara sa intampine mari probleme
5635	1.0	Parlamentul rus ii permite lui Putin sa foloseasca armata in Ucraina	Presedintele Obama il avertizeaza pe Putin sa stea departe de Ucraina
5636	2.0	Rapoartele de externare ale lui Nelson Mandela sunt „incorecte”	Nelson Mandela se intoarce acasa dupa sederea in spital
5637	1.0	Actiunile de pe pietele mondiale cresc, in speranta ca Sistemul Federal de Rezerve pastreaza stimulentele	Sistemul Federal de Rezerve e asteptat sa pastreze stimulentele
5638	1.0	Niciun castigator in razboiul sanctiunilor	Impactul sanctiunilor asupra Rusiei
5639	3.0	Campionatul Mondial e lovit de un nou deces pe stadion	Un muncitor a murit pe stadionul Campionatului Mondial de Fotbal
5640	1.0	Tata Nano si alte masini mici indiene nu au trecut testele de impact	Cum se descurca cea mai ieftina masina din lume la testul de impact?
5641	3.0	Grecia ajunge la un acord cu troika, transa din planul de salvare este asteptata in cateva zile	Inspectorii fiscali ajung la un acord cu Grecia
5642	5.0	Murray pune capat celor 77 de ani de asteptare a unei victorii britanice	Murray castiga titlul de la Wimbledon si pune capat agoniei de 77 de ani a Marii Britanii
5643	0.0	Live - Avion al Malaysia Airlines se prabuseste la frontiera Ucraina-Rusia	SUA: Rusia aduna armata la granita cu Ucraina
5644	2.0	SUA va stabili masura in care au fost utilizate armele chimice de Siria	Ce stim pana acum despre armele chimice utilizate in razboiul civil din Siria
5645	0.0	Razboiul ascuns din Pakistan	Un nou cutremur major zguduie sud-vestul Pakistanului
5646	2.0	Presedintele Rusiei, Putin, pretinde autoritatea de a invada Ucraina	Kremlin: Putin nu a decis inca daca sa foloseasca trupele rusesti in Ucraina
5647	3.0	Inalt functionar al Partidului Comunist din China se intalneste cu trimisul special al liderului RPDC	Liderul nord-coreean trimite „un emisar special” in China
5648	1.0	Tulburarile din Turcia continua, in ciuda opririi protestului din parc	Prim-ministrul turc Erdogan spune ca e „datoria” sa de a ordona represiunea impotriva protestului din parcul din Istanbul
5649	5.0	Papa cere actiuni privind schimbarile climatice in proiectul enciclicei	Papa cere actiuni privind schimbarile climatice in proiectul enciclicei
5650	2.0	Actiunile de pe pietele din Singapore deschid joi cu o scadere de 0.28%	Actiunile de pe pietele din Singapore deschid joi cu o crestere de 0.19%
5651	5.0	Cine e Jihadi John?	Cine a fost „Jihadi John”?
5652	2.0	Titluri importante in principalele ziare iraniene din 4 octombrie	Titluri importante in principalele ziare iraniene din 19 octombrie
5653	4.0	Titularul procuraturii generale a SUA demisioneaza	Procurorul general al SUA, Eric Holder, demisioneaza
5654	5.0	SUA si UE extind sanctiunile asupra Rusiei	SUA si UE extind sanctiunile asupra Rusiei
5655	1.0	Cele mai importante stiri din Asia de la ora 2:30 p.m. GMT	Cele mai importante stiri din Asia de la ora 1:25 p.m. GMT
5656	2.0	Cum a evoluat miercuri indicele industrial Dow Jones	Cum a evoluat luni indicele industrial Dow Jones
5657	4.0	Hajj va continua, in ciuda prabusirii macaralei, au promis oficialii	Hajj va continua, in ciuda prabusirii macaralei
5658	3.0	Partidul Republican din SUA il alege pe Paul Ryan ca purtator de cuvant	Partidul Republican din SUA il alege pe reticentul Ryan ca purtator de cuvant
5659	3.0	Cele mai importante stiri din Asia de la ora 4:00 p.m. GMT	Cele mai importante stiri din Asia de la ora 8:39 a.m. GMT
5660	1.0	Actiunile de pe pietele din Singapore deschid miercuri cu o crestre de 0.83%	Actiunile de pe pietele din Singapore deschid marti cu o scadere de 0.06%
5661	1.0	Contractele futures pe obligatiuni din China deschid marti in crestere	Contractele futures pe obligatiuni din China inchid miercuri indecis
5662	5.0	Titularul procuraturii generale a SUA demisioneaza	Titularul procuraturii generale a SUA, Eric Holder, demisioneaza
5663	3.0	Titluri importante in principalele ziare iraniene din 27 septembrie	Titluri din cateva ziare iraniene din 19 octombrie
5664	4.0	China este in alerta maxima privind taifunul Kalmaegi	China emite o alerta galbena pentru taifunul Kalmaegi
5665	3.0	Atacurile aeriene conduse de Arabia Saudita au lovit capitala Yemenului	Atacurile aeriene saudite din capitala Yemenului ucid 29 de persoane
5666	3.0	Politia din Mali vaneaza ucigasii jihadisti din clubul de noapte	Militantii ataca ONU in timp ce politia din Mali vaneaza ucigasii jihadisti din clubul de noapte
5667	1.0	Un cutremur cu magnitudinea de 7,3 pe scara Richter a lovit Nepalul	Un cutremur cu magnitudinea 6,6 pe scara Richter a lovit Indonezia
5668	4.0	Actiunile din Tokyo deschid in crestere dupa piata fluctuanta americana	Actiunile din Tokyo deschid in crestere, urmand castigurile SUA
5669	1.0	Parlamentul Iranului sustine acordul nuclear	Extremistii din Iran ataca acordul nuclear
5670	5.0	Hawaii se pregateste pentru primul uragan din ultimii 22 de ani	Hawaii se pregateste de apropierea primului uragan din ultimii 22 de ani
5671	2.0	Atentatele cu bomba din Irak au ucis cel putin 26 de persoane	Atentator sinucigas din Irak ucide cel putin 12 persoane
5672	3.0	Sierra Leone in carantina din cauza Ebola	Sierra Leone ajunge la ultima zi de carantina cauzata de Ebola
5673	4.0	Actiunile din Tokyo deschid in crestere dupa piata fluctuanta americana	Actiunile din Tokyo deschid in crestere, urmand performantele notabile ale SUA
5674	0.0	4 morti, mai multi raniti in accidentul auto din sud-vestul Chinei	Doi morti, saptesprezece raniti in accidentul rutier din Raiwind
5675	3.0	Peste 3.400 de migranti salvati in Marea Mediterana	Peste 2.000 de migranti au fost salvati de pe barci din lemn in Marea Mediterana
5676	4.0	Lewis Hamilton pleaca din pole position in GP-ul rusesc	Lewis Hamilton castiga GP-ul inaugural al Rusiei
5677	2.0	Consiliul de Securitate al ONU audiaza ultimul ... al trimisului din Yemen	Consiliul de Securitate al ONU ii indeamna pe rebelii Houthi din Yemen sa inceteze ...
5678	1.0	Fortele israeliene aresteaza 21 de palestinieni peste noapte, ciocniri cu localnicii	Fortele de securitate israeliene au arestat 8 palestinieni in raidurile nocturne din Cisiordania
5679	0.0	4 morti, 3 raniti in accidentul rutier din China de Est	2 morti, 8 raniti in accidentul rutier din zona centrala a Israelului
5680	2.0	Piete financiare live: Se asteapta statisticile din China	Piete financiare live: China resimte efectele
5681	2.0	Ciocniri intre palestinieni si politia israeliana la moscheea Al-Aqsa din Ierusalim	Palestinianul impuscat de politia israeliana in Ierusalimul de Est a murit
5682	4.0	Presupusi atacatori sinucigasi ai Boko Haram din Nigeria au ucis 24 de persoane	Presupuse atacuri ale Boko Haram au ucis zeci de persoane in Nigeria
5683	2.0	Sfarsitul protestelor din Hong Kong?	Marea Britanie este „ingrijorata” de protestele din Hong Kong
5684	2.0	Avioanele de razboi rusesti ataca Siria	Ruleta ruseasca in Siria
5685	1.0	Inregistrari video cu oamenii inarmati de la atentatul de la muzeul din Tunisia	Atac la un muzeu din Turcia soldat cu 19 morti
5686	0.0	Live Blog: Ucraina se afla intr-o situatie de criza	Live Blog: haos in Irak
5687	2.0	Nigeria voteaza in alegerile prezidentiale stranse	Guineenii merg la urne la alegerile prezidentiale
5688	2.0	Printul William isi pune echipamentul de samurai in vizita in Japonia	Printul William al Marii Britanii ajunge la Beijing
5689	2.0	Vicepresedintele Microneziei va vizita China	Vicepresedintele Boliviei va vizita China
5690	3.0	Gruparea Statul Islamic emite un videoclip cu decapitarea ostaticului american	Gruparea Statul Islamic posteaza al doilea videoclip de propaganda cu ostaticul din Marea Britanie
5691	2.0	Iranul incheie acordul de cooperare cu Pakistanul	Iranul si Tadjikistanul semneaza un acord de cooperare
5692	1.0	Adolescent testat negativ la Ebola	Angajat al unui spital din Texas a fost testat pozitiv la Ebola
5693	1.0	Texas da in judecata refugiatii sirieni	Turcia „exploateaza” refugiatii sirieni
5694	2.0	Noile sanctiuni din partea SUA vizeaza atacatorii cibernetici de peste ocean	China nu este de acord cu programul de sanctiuni al SUA impotriva atacatorilor cibernetici din strainatate
5695	0.0	5 morti in atacurile aeriene initiate de israelieni in Gaza	38 de militanti ai Statului Islamic au fost ucisi in ciocnirile si atacurile aeriene din Irak
5696	2.0	Explozie devastatoare loveste o mina de carbune din estul Ucrainei	12 morti in ciuda incetarii focului in estul Ucrainei
5697	3.0	Incertitudinea planului de salvare a Greciei afecteaza pietele globale	Ingrijorarile cu privire la Grecia se resimt pe pietele din Asia
5698	1.0	Rooney ajuta Man United sa infranga Everton cu 3-0 in Premier League	West Ham infrange Newcastle cu 2-0 in Premier League
5699	1.0	Lider evreu extremist impuscat in Ierusalim	Liderul israelian indeamna la calm in Ierusalim
5700	2.0	Miscarile din culise se intensifica pe masura ce lupta impotriva Statului Islamic se extinde	Progres contradictoriu raportat in lupta impotriva Statului Islamic
5701	1.0	Egipt: IPI cere eliberarea jurnalistului Al Jazeera arestat la Berlin	Egiptul condamna jurnalistii Al Jazeera la inchisoare
5702	1.0	teritoriul palestinian ocupat: Fortele israeliene continua sa verse sange palestinian in teritoriul palestinian ocupat	teritoriul palestinian ocupat: Israelul avertizeaza cu privire la securitate in timp ce negocierile armistitiului din Gaza continua
5703	0.0	Libia: ONU solicita anchetarea abuzurilor asupra drepturilor din Libia	Curtea Suprema din India solicita anchetarea escrocheriei la locurile de munca si a deceselor
5704	2.0	Paza de coasta din Taiwan lanseaza noi nave pe masura ce tensiunile din Marea Chinei de Sud cresc	Armata chineza contacteaza celelalte tari in contextul tensiunilor din Marea Chinei de Sud
5705	1.0	Politia din Burundi trage cu gaze lacrimogene in protestatari	Politia din Muntenegru trage cu gaze lacrimogene pentru a dispersa opozitia
5706	3.0	Numarul mortilor in urma cutremului din Nepal trece de 7,000	Numarul mortilor in urma cutremului din Nepal depaseste 8,000
5707	1.0	Parintii lui Ashya ajung la audierea privind extradarea	Parintii lui Ashya King sunt eliberati din inchisoarea din Spania
5708	1.0	Nigeria admite reactia intarziata privind situatia Ebola	SUA intensifica interventia privind criza Ebola
5709	1.0	Mii de oameni trec frontiera Ungariei cu Austria	Mii de rusi blocati in strainatate
5710	0.0	Kranjcar salveaza QPR pe ultima suta de metri impotriva unui Stoke inspirat de Moses	Harry Kane salveaza pe ultima suta de metri un punct pentru Tottenham Hotspur
5711	0.0	Oscar Pistorius condamnat la 5 ani de inchisoare	„Contabilul de la Auschwitz” condamnat la patru ani de inchisoare
5712	2.0	Activistii pro-palestinieni marsaluiesc catre sediul ONU	Activistii pro-palestinieni pregatesc o flotila pentru a sparge blocada din Gaza
5713	1.0	Benzema se confrunta cu posibile acuzatii in cazul unei inregistrari erotice	Menendez se confrunta cu posibile acuzatii de coruptie
5714	2.0	Toti cei 224 de pasageri au murit in prabusirea misterioasa a avionului rusesc	O crestere brusca a temperaturii a fost detectata la momentul prabusirii avionului rusesc
5715	0.0	Guvernul va discuta cu studentii FTII	Cameron va discuta cu Sturgeon despre viitorul Marii Britanii
5716	0.0	Li Na anunta ca se va retrage	Senatorul american Ted Cruz anunta candidatura la presedintie
5717	1.0	Tunarii inscriu, dar nu reusesc sa avanseze in Liga Campionilor	Cluburile din Premier League evita restrictiile din Liga Campionilor
5718	1.0	Presedintele iranian lauda acordul nuclear	Iranul aresteaza mai multi spioni langa centrala nucleara
5719	1.0	Boko Haram perturba alegerile nigeriene	Presa inundata cu stiri despre alegerile generale din Nigeria
5720	1.0	Coreea de Sud regreta refuzul Nordului de a purta discutii	Coreea raporteaza a 14-a moarte cauzata de MERS si al 12-lea caz nou
5721	0.0	Cautarile de la locul prabusirii avionului au fost anulate pe timpul noptii	Echipa Turului Frantei se pregateste pentru stagiunea a 15-a
5722	0.0	Obama il interogheaza pe Turnbull in legatura cu acordul portuar din China	7 oameni ucisi de tauri in Spania
5723	0.0	Oferta generoasa a Chinei in legatura cu achizitia 1MDB pare ca va aduce profituri mari din Malaezia	China e cu ochii pe un tigru eliberat de presedintele Rusiei care a trecut granita
5724	0.0	Hezbollah vizeaza o intrunire Qaeda de-a lungul granitei cu Siria	Belarus intareste masurile de securitate la granita cu Ucraina
5725	1.0	Coreea de Sud raporteaza 7 cazuri noi de MERS	O femeie din Coreea de Sud care a intrat in contact cu un pacient ce suferea de MERS a murit
5726	0.0	Obama cere un front international impotriva SI	Obama promite sa salveze irakienii blocati pe munte
5727	1.0	Armata americana declara ca efectueaza atacuri aeriene impotriva Statului Islamic in Siria si Irak	Observatorul spune ca atacurile aeriene rusesti au ucis 45 de oameni in Siria
5728	0.0	Cine a abandonat 3 avioane Boeing pe aeroport?	Politistii din Lesotho si-au parasit posturile deoarece se tem pentru vietile lor
5729	2.0	Coreea de Nord urmeaza sa trimita in judecata un cetatean american	Coreea de Nord lovita de noi sanctiuni ale SUA
5730	2.0	Oficialii din Hong Kong isi reiau munca pe masura ce protestele isi pierd din amploare	Liderii studentilor din Hong Kong iau in considerare incetarea protestului
5731	0.0	Ebola in Marea Britanie: „panica” in cadrul Serviciului National de Sanatate din cauza unor posibile cazuri de Ebola	Marea Britanie sustine ca investigheaza 2 posibile cazuri de MERS
5732	1.0	Liderul britanic isi arata sprijinul pentru atacurile aeriene asupra Statului Islamic din Siria	De ce Cipru sustine efortul lui Cameron in ceea ce priveste atacurile aeriene britanice in Siria
5733	0.0	Coreea de Nord accepta sa discute cu Sudul	Johor si-a incoronat al cincilea rege
5734	0.0	Novak: Iranul, un partener important pentru Rusia	Iranul reitereaza sprijinul pentru Irak si Siria
5735	0.0	Presedintele Taiwanului inchiriaza un avion pentru a-i aduce omagii lui Lee	Presedintele Poloniei pierde in fata rivalului
5736	0.0	Doi palestinieni au murit in atacurile asupra israelienilor inainte de vizita lui Kerry	Oficial palestinian critica proiectul de lege al Israelului privind aruncatul cu pietre
5737	0.0	Thomas Cook acuzat ca a pus costurile inaintea clientilor	O organizatie studenteasca a Universitatii din Florida a fost acuzata ca a scuipat pe veterani raniti in razboi
5738	0.0	Imaginea „photoshopata” a lui Narendra Modi din timpul vizitei inundatiilor din Chennai devine virala	Premierul Narendra Modi vorbeste despre nediscriminare si egalitate
5739	1.0	Liderul ONU saluta alegerile prezidentiale pasnice din Guineea	Liderul ONU condamna atacul impotriva fortelor de mentinere a pacii din Mali
5740	0.0	Executiile din Pakistan starnesc furia internationala	Pakistanul protesteaza impotriva incalcarii incetarii focului de catre India
5741	0.0	Doi australieni decedati in Kenia dupa ce un autobuz a plonjat intr-un rau	Link permanent catre: Doi oameni ucisi intr-un accident feroviar din Germania
5742	2.0	Franta inchide moscheea si aresteaza un barbat in represiunile de dupa atacuri	Masurile de securitate intarite in bisericile din New Delhi dupa atacuri
5743	2.0	Potrivit unor surse, un avion rusesc s-ar fi prabusit in Egipt	Pilot mort in urma prabusirii unui avion american in Anglia
5744	0.0	Vanturi severe in timp ce furtuna Clodagh loveste Marea Britanie	Merkel promite solidaritatea NATO Letoniei
5745	0.0	Zeci de egipteni au fost luati ostatici de teroristi libieni drept razbunare pentru atacurile aeriene	Numarul mortilor in urma accidentului nautic din Egipt creste pe masura ce sunt descoperite alte trupuri neinsufletite in Nil
5746	0.0	Presedintele se indreapta spre Bahrain	Presedintele Xi: China va continua sa ajute in lupta impotriva Ebola
5747	0.0	China si India au promis sa continue legaturile bilaterale	China se lupta pentru a-i linisti pe agentii bursieri agitati
5748	0.0	Purtator de cuvant al lui Putin: acuzatiile de dopaj par nefondate	Ultimele stiri privind vremea rea: 1 mort in urma tornadei din Texas
